date,Open,High,Low,Close,Adj Close,Volume
2012-05-01,0.5930209755897522,0.6192190051078796,0.5922399759292603,0.5996879935264587,0.5700356960296631,104678400
2012-05-02,0.5899999737739563,0.6058329939842224,0.5866150259971619,0.6036459803581238,0.5737977623939514,77184000
2012-05-03,0.6057289838790894,0.6069269776344299,0.5807290077209473,0.5848960280418396,0.5559750199317932,100550400
2012-05-04,0.5689060091972351,0.5716149806976318,0.5416669845581055,0.5419790148735046,0.5151801705360413,182169600
2012-05-07,0.5316669940948486,0.5506770014762878,0.5310940146446228,0.5427600145339966,0.5159225463867188,211046400
2012-05-08,0.5323439836502075,0.5422919988632202,0.5106769800186157,0.5367709994316101,0.5102297067642212,276480000
2012-05-09,0.5184900164604187,0.540573000907898,0.5115100145339966,0.5338019728660583,0.5074073076248169,269529600
2012-05-10,0.5391150116920471,0.5395830273628235,0.5224999785423279,0.5283330082893372,0.5022088885307312,406137600
2012-05-11,0.5219789743423462,0.5451040267944336,0.5217710137367249,0.5278130173683167,0.5017145872116089,96172800
2012-05-14,0.5151039958000183,0.5257290005683899,0.5111460089683533,0.5132290124893188,0.4878517687320709,164400000
2012-05-15,0.5190629959106445,0.5302079916000366,0.5058330297470093,0.5087500214576721,0.48359426856040955,151276800
2012-05-16,0.5141670107841492,0.5183330178260803,0.49510401487350464,0.4977079927921295,0.47309812903404236,148598400
2012-05-17,0.49854201078414917,0.5007290244102478,0.46687498688697815,0.46708300709724426,0.44398751854896545,260640000
2012-05-18,0.47145798802375793,0.4745829999446869,0.44718798995018005,0.4483329951763153,0.42616456747055054,281923200
2012-05-21,0.45093798637390137,0.4871880114078522,0.44947901368141174,0.48604199290275574,0.4620089828968048,206409600
2012-05-22,0.4896880090236664,0.49614599347114563,0.4735420048236847,0.48427098989486694,0.4603256285190582,193238400
2012-05-23,0.4722920060157776,0.4907290041446686,0.4596880078315735,0.48697900772094727,0.46289971470832825,161952000
2012-05-24,0.48958298563957214,0.4907290041446686,0.4666669964790344,0.47822898626327515,0.4545823335647583,154800000
2012-05-25,0.4790630042552948,0.4813539981842041,0.47135400772094727,0.4755209982395172,0.4520082175731659,62496000
2012-05-29,0.48906299471855164,0.5004169940948486,0.48072901368141174,0.4932290017604828,0.46884065866470337,141360000
2012-05-30,0.48020800948143005,0.4864580035209656,0.47218799591064453,0.48124998807907104,0.4574539065361023,124617600
2012-05-31,0.4795829951763153,0.4831250011920929,0.46406298875808716,0.47437500953674316,0.45091891288757324,166080000
2012-06-01,0.4497919976711273,0.4579170048236847,0.43666699528694153,0.43708300590515137,0.4154708683490753,224342400
2012-06-04,0.44093799591064453,0.44895800948143005,0.42906299233436584,0.44645801186561584,0.4243822693824768,228345600
2012-06-05,0.44239598512649536,0.45500001311302185,0.441771000623703,0.4526039958000183,0.4302244484424591,196483200
2012-06-06,0.46312499046325684,0.4845829904079437,0.4614579975605011,0.48354199528694153,0.4596326947212219,171724800
2012-06-07,0.4980210065841675,0.49854201078414917,0.47645801305770874,0.4781250059604645,0.4544835090637207,171408000
2012-06-08,0.4751040041446686,0.49354198575019836,0.47062501311302185,0.4921880066394806,0.4678511619567871,126384000
2012-06-11,0.5023959875106812,0.5037500262260437,0.465938001871109,0.46864598989486694,0.44547319412231445,181795200
2012-06-12,0.4724999964237213,0.48427098989486694,0.46406298875808716,0.48343798518180847,0.4595337510108948,134995200
2012-06-13,0.47968798875808716,0.49052101373672485,0.46864598989486694,0.47395798563957214,0.4505225121974945,96998400
2012-06-14,0.47343799471855164,0.484375,0.465938001871109,0.4792709946632385,0.45557278394699097,131414400
2012-06-15,0.4826039969921112,0.49864599108695984,0.4822919964790344,0.4969789981842041,0.47240519523620605,168758400
2012-06-18,0.491457998752594,0.5142710208892822,0.4884380102157593,0.5097919702529907,0.4845845699310303,176668800
2012-06-19,0.5183330178260803,0.5329170227050781,0.5176039934158325,0.5265629887580872,0.5005264282226562,162518400
2012-06-20,0.5294790267944336,0.534479022026062,0.5157290101051331,0.5284379720687866,0.5023086071014404,194428800
2012-06-21,0.5263540148735046,0.5284379720687866,0.48677098751068115,0.48885399103164673,0.4646819531917572,155788800
2012-06-22,0.49281299114227295,0.5057290196418762,0.4894790053367615,0.5040630102157593,0.47913897037506104,140044800
2012-06-25,0.4911459982395172,0.4916670024394989,0.47031301259994507,0.47416698932647705,0.45072120428085327,134160000
2012-06-26,0.47895801067352295,0.4873960018157959,0.47270798683166504,0.4833329916000366,0.45943397283554077,136684800
2012-06-27,0.48885399103164673,0.49854201078414917,0.4873960018157959,0.4921880066394806,0.4678511619567871,116985600
2012-06-28,0.4808329939842224,0.4820829927921295,0.4604170024394989,0.47447898983955383,0.4510177671909332,209184000
2012-06-29,0.503125011920929,0.5208330154418945,0.4984380006790161,0.5208330154418945,0.49507975578308105,246595200
2012-07-02,0.5223960280418396,0.5260419845581055,0.5135419964790344,0.5249999761581421,0.49904075264930725,125107200
2012-07-03,0.5259379744529724,0.538332998752594,0.5235419869422913,0.5375000238418579,0.5109224915504456,92947200
2012-07-05,0.5370830297470093,0.5472919940948486,0.5283330082893372,0.5393750071525574,0.5127048492431641,118560000
2012-07-06,0.5321879982948303,0.5331249833106995,0.5080209970474243,0.5181249976158142,0.49250563979148865,145248000
2012-07-09,0.5174999833106995,0.5228130221366882,0.5088539719581604,0.5163540244102478,0.4908222258090973,96124800
2012-07-10,0.5248960256576538,0.5286459922790527,0.49531298875808716,0.5005210041999817,0.47577205300331116,172665600
2012-07-11,0.49958300590515137,0.5033329725265503,0.4806250035762787,0.4936459958553314,0.4692370593547821,221088000
2012-07-12,0.481563001871109,0.4848960041999817,0.4657289981842041,0.4793750047683716,0.45567160844802856,215356800
2012-07-13,0.48302099108695984,0.503957986831665,0.4820829927921295,0.5002080202102661,0.47547459602355957,141120000
2012-07-16,0.4975000023841858,0.503853976726532,0.4906249940395355,0.4964579939842224,0.4719099700450897,108739200
2012-07-17,0.5055209994316101,0.5091670155525208,0.48291701078414917,0.5040630102157593,0.47913897037506104,173606400
2012-07-18,0.5009379982948303,0.5291669964790344,0.5008329749107361,0.5245829820632935,0.49864432215690613,187440000
2012-07-19,0.5358330011367798,0.546875,0.5328130125999451,0.5416669845581055,0.5148834586143494,216249600
2012-07-20,0.5420830249786377,0.5420830249786377,0.5197920203208923,0.5208330154418945,0.49507975578308105,164726400
2012-07-23,0.4902079999446869,0.507082998752594,0.47874999046325684,0.5015630125999451,0.4767625629901886,221788800
2012-07-24,0.5043749809265137,0.5063539743423462,0.4803130030632019,0.49010398983955383,0.4658701419830322,252192000
2012-07-25,0.4788540005683899,0.4893749952316284,0.4710420072078705,0.47916701436042786,0.45547404885292053,196675200
2012-07-26,0.5007290244102478,0.5072919726371765,0.4898959994316101,0.4979169964790344,0.4732968211174011,231024000
2012-07-27,0.5095829963684082,0.5367709994316101,0.5052080154418945,0.5356249809265137,0.5091403126716614,271305600
2012-07-30,0.5384380221366882,0.5452079772949219,0.5276039838790894,0.5323960185050964,0.5060710310935974,183235200
2012-07-31,0.5356249809265137,0.5416669845581055,0.5310419797897339,0.5327079892158508,0.5063676834106445,132748800
2012-08-01,0.543749988079071,0.5440629720687866,0.5218750238418579,0.5274999737739563,0.5014171004295349,150921600
2012-08-02,0.5151039958000183,0.5378130078315735,0.5105209946632385,0.5219789743423462,0.4961690902709961,165830400
2012-08-03,0.5475000143051147,0.5629169940948486,0.5417709946632385,0.5516669750213623,0.5243890285491943,195081600
2012-08-06,0.5607290267944336,0.5715630054473877,0.557083010673523,0.5640630125999451,0.5361722707748413,127612800
2012-08-07,0.5724999904632568,0.585207998752594,0.5691670179367065,0.5780209898948669,0.5494400262832642,140601600
2012-08-08,0.5737500190734863,0.581354022026062,0.5711460113525391,0.5770829916000366,0.5485483407974243,85929600
2012-08-09,0.5772920250892639,0.5848960280418396,0.574271023273468,0.581978976726532,0.553202211856842,77500800
2012-08-10,0.5771880149841309,0.5843750238418579,0.5721880197525024,0.5843750238418579,0.5554798245429993,93350400
2012-08-13,0.5839580297470093,0.5879169702529907,0.5744789838790894,0.5879169702529907,0.5588465929031372,71904000
2012-08-14,0.5945829749107361,0.5981249809265137,0.5838540196418762,0.5887500047683716,0.5596383810043335,110160000
2012-08-15,0.5872920155525208,0.5956249833106995,0.5868750214576721,0.5929170250892639,0.5635993480682373,71654400
2012-08-16,0.6001039743423462,0.6185420155525208,0.597603976726532,0.6141669750213623,0.5837986469268799,139017600
2012-08-17,0.6182289719581604,0.6226040124893188,0.6142709851264954,0.6226040124893188,0.5918185710906982,113606400
2012-08-20,0.6214579939842224,0.6254169940948486,0.6139580011367798,0.625,0.5940960049629211,91910400
2012-08-21,0.6310420036315918,0.6378129720687866,0.6104170083999634,0.617812991142273,0.5872644782066345,218227200
2012-08-22,0.6131250262260437,0.6290630102157593,0.6085420250892639,0.6244789958000183,0.5936008095741272,113750400
2012-08-23,0.6175000071525574,0.6227080225944519,0.6052079796791077,0.6106250286102295,0.5804318785667419,109641600
2012-08-24,0.605417013168335,0.6258329749107361,0.6028130054473877,0.6214579939842224,0.5907291173934937,104236800
2012-08-27,0.6295830011367798,0.6317710280418396,0.6202080249786377,0.6244789958000183,0.5936008095741272,75379200
2012-08-28,0.6225000023841858,0.6293749809265137,0.616457998752594,0.6243749856948853,0.5935019254684448,87657600
2012-08-29,0.6251040101051331,0.6291670203208923,0.6165630221366882,0.6245830059051514,0.5936997532844543,73737600
2012-08-30,0.6162499785423279,0.6168749928474426,0.6025000214576721,0.605521023273468,0.5755802989006042,124272000
2012-08-31,0.6187499761581421,0.6252080202102661,0.5992709994316101,0.6184380054473877,0.5878584980964661,168816000
2012-09-04,0.614687979221344,0.6223959922790527,0.5973960161209106,0.6158329844474792,0.5853822231292725,149625600
2012-09-05,0.6144790053367615,0.6225000023841858,0.6086459755897522,0.6130210161209106,0.5827093720436096,100828800
2012-09-06,0.6248959898948669,0.6547920107841492,0.6245830059051514,0.6535419821739197,0.6212267875671387,154656000
2012-09-07,0.6502079963684082,0.6548960208892822,0.6461459994316101,0.6507290005683899,0.6185528039932251,109670400
2012-09-10,0.6467710137367249,0.6505209803581238,0.6253129839897156,0.6267709732055664,0.5957794189453125,150604800
2012-09-11,0.6264579892158508,0.6339579820632935,0.6206250190734863,0.6240630149841309,0.5932055115699768,140352000
2012-09-12,0.6301040053367615,0.6340630054473877,0.6176040172576904,0.6294789910316467,0.5983536839485168,153888000
2012-09-13,0.6311460137367249,0.6628130078315735,0.6285420060157776,0.6545829772949219,0.6222162842750549,233616000
2012-09-14,0.6625000238418579,0.6791669726371765,0.6610419750213623,0.6713539958000183,0.6381580233573914,286377600
2012-09-17,0.6735420227050781,0.6735420227050781,0.6656249761581421,0.6726040244102478,0.6393461227416992,152323200
2012-09-18,0.6675000190734863,0.6753129959106445,0.6675000190734863,0.6738539934158325,0.6405344605445862,100742400
2012-09-19,0.6745830178260803,0.6834380030632019,0.6685420274734497,0.6783329844474792,0.6447919011116028,137520000
2012-09-20,0.6684380173683167,0.6780210137367249,0.6632289886474609,0.6767709851264954,0.6433070302009583,144921600
2012-09-21,0.6866670250892639,0.6880210041999817,0.675000011920929,0.6767709851264954,0.6433070302009583,145056000
2012-09-24,0.6597920060157776,0.6683329939842224,0.6557289958000183,0.6642709970474243,0.6314252018928528,139872000
2012-09-25,0.6703130006790161,0.6744790077209473,0.6359379887580872,0.6376039981842041,0.6060767769813538,153148800
2012-09-26,0.6339579820632935,0.6353129744529724,0.6116669774055481,0.6208329796791077,0.5901349782943726,244800000
2012-09-27,0.6255210041999817,0.6512500047683716,0.6227080225944519,0.6471880078315735,0.615186870098114,183244800
2012-09-28,0.6402080059051514,0.6463540196418762,0.6291670203208923,0.6316670179367065,0.6004335284233093,157977600
2012-10-01,0.640625,0.6517710089683533,0.6220830082893372,0.628957986831665,0.5978582501411438,156499200
2012-10-02,0.636667013168335,0.6420829892158508,0.6189579963684082,0.6330209970474243,0.6017204523086548,165043200
2012-10-03,0.6387500166893005,0.6486459970474243,0.6310420036315918,0.6449999809265137,0.6131071448326111,159820800
2012-10-04,0.6494789719581604,0.6576039791107178,0.6426039934158325,0.6524999737739563,0.6202362179756165,152342400
2012-10-05,0.6620830297470093,0.6645830273628235,0.6368749737739563,0.6412500143051147,0.6095425486564636,116534400
2012-10-08,0.6307290196418762,0.6344789862632751,0.6196879744529724,0.6242709755897522,0.5934029221534729,104841600
2012-10-09,0.6186460256576538,0.6192709803581238,0.5899999737739563,0.5921880006790161,0.5629066228866577,182188800
2012-10-10,0.5941669940948486,0.5987499952316284,0.5822920203208923,0.5849999785423279,0.5560739040374756,155808000
2012-10-11,0.599166989326477,0.5994790196418762,0.5787500143051147,0.5797920227050781,0.5511233806610107,142396800
2012-10-12,0.5804169774055481,0.5888540148735046,0.5758330225944519,0.5796880125999451,0.5510245561599731,109180800
2012-10-15,0.5857290029525757,0.5938540101051331,0.5752080082893372,0.5912500023841858,0.5620148777961731,116332800
2012-10-16,0.5944790244102478,0.6187499761581421,0.5938540101051331,0.6169790029525757,0.586471676826477,142742400
2012-10-17,0.6072919964790344,0.6213539838790894,0.6047919988632202,0.6151040196418762,0.5846893191337585,133401600
2012-10-18,0.6096879839897156,0.6155210137367249,0.5874999761581421,0.5940629839897156,0.5646887421607971,173520000
2012-10-19,0.5920829772949219,0.5930209755897522,0.5494790077209473,0.5511459708213806,0.5238937735557556,285312000
2012-10-22,0.550000011920929,0.5642709732055664,0.5470830202102661,0.5597919821739197,0.5321123003959656,211132800
2012-10-23,0.5466669797897339,0.5583329796791077,0.5388540029525757,0.5432289838790894,0.5163682103157043,282038400
2012-10-24,0.5532289743423462,0.5559380054473877,0.5358330011367798,0.5378130078315735,0.5112200379371643,207052800
2012-10-25,0.5495830178260803,0.5518749952316284,0.5332289934158325,0.5378130078315735,0.5112200379371643,233625600
2012-10-26,0.5385419726371765,0.5493749976158142,0.5256249904632568,0.5434380173683167,0.516567051410675,192192000
2012-10-31,0.5411459803581238,0.5435420274734497,0.5270829796791077,0.5329170227050781,0.5065662264823914,148204800
2012-11-01,0.5426040291786194,0.558646023273468,0.5384380221366882,0.5555210113525391,0.5280526280403137,183724800
2012-11-02,0.5630210041999817,0.5638539791107178,0.535207986831665,0.535207986831665,0.5087437629699707,183427200
2012-11-05,0.5382289886474609,0.5512499809265137,0.534375011920929,0.5483329892158508,0.521219789981842,150355200
2012-11-06,0.550728976726532,0.5623959898948669,0.5450000166893005,0.5516669750213623,0.5243890285491943,182582400
2012-11-07,0.5339580178260803,0.5354170203208923,0.505312979221344,0.5120829939842224,0.48676231503486633,383731200
2012-11-08,0.515625,0.5198959708213806,0.4881249964237213,0.4881249964237213,0.4639890789985657,310473600
2012-11-09,0.48885399103164673,0.5098959803581238,0.4879170060157776,0.4934380054473877,0.46903929114341736,436598400
2012-11-12,0.5028129816055298,0.5042709708213806,0.4896880090236664,0.4941670000553131,0.46973225474357605,164419200
2012-11-13,0.4826039969921112,0.49760401248931885,0.47895801067352295,0.48343798518180847,0.4595337510108948,345734400
2012-11-14,0.49031299352645874,0.49208301305770874,0.4641669988632202,0.46614599227905273,0.44309672713279724,294950400
2012-11-15,0.4671880006790161,0.47218799591064453,0.45656299591064453,0.4619790017604828,0.4391358494758606,310396800
2012-11-16,0.4625000059604645,0.47145798802375793,0.4456250071525574,0.4671880006790161,0.44408726692199707,372614400
2012-11-19,0.4828130006790161,0.5020830035209656,0.48249998688697815,0.5008329749107361,0.4760686159133911,345580800
2012-11-20,0.5007290244102478,0.5034379959106445,0.48697900772094727,0.5009379982948303,0.47616857290267944,218467200
2012-11-21,0.5022919774055481,0.5066670179367065,0.4967710077762604,0.5044789910316467,0.4795343577861786,160761600
2012-11-23,0.5136460065841675,0.5276039838790894,0.5122920274734497,0.5276039838790894,0.5015159249305725,129321600
2012-11-26,0.5239580273628235,0.5348960161209106,0.518750011920929,0.534375011920929,0.507952094078064,196944000
2012-11-27,0.5333330035209656,0.5395830273628235,0.5262500047683716,0.5283330082893372,0.5022088885307312,359788800
2012-11-28,0.521041989326477,0.5435420274734497,0.5113540291786194,0.5425000190734863,0.5156752467155457,281001600
2012-11-29,0.5510420203208923,0.5577080249786377,0.5440629720687866,0.5518749952316284,0.5245867371559143,249177600
2012-11-30,0.5520830154418945,0.5535420179367065,0.5444790124893188,0.5498960018157959,0.5227057337760925,228470400
2012-12-03,0.5623959898948669,0.5636460185050964,0.5455210208892822,0.5471879839897156,0.520131528377533,336825600
2012-12-04,0.5473960041999817,0.5484380125999451,0.534375011920929,0.543645977973938,0.516764760017395,336748800
2012-12-05,0.542917013168335,0.543021023273468,0.5181249976158142,0.5268750190734863,0.500822901725769,436617600
2012-12-06,0.5220829844474792,0.5412499904632568,0.5177080035209656,0.536562979221344,0.5100318789482117,306249600
2012-12-07,0.5454170107841492,0.5467709898948669,0.5221880078315735,0.527396023273468,0.5013183355331421,240748800
2012-12-10,0.5234379768371582,0.5402079820632935,0.5231249928474426,0.5320829749107361,0.5057735443115234,210441600
2012-12-11,0.5440629720687866,0.5618749856948853,0.5418750047683716,0.5526040196418762,0.525279700756073,344976000
2012-12-12,0.5612499713897705,0.5614579916000366,0.5447919964790344,0.5488539934158325,0.5217151641845703,301238400
2012-12-13,0.5462499856948853,0.5576040148735046,0.5292710065841675,0.5364580154418945,0.5099321603775024,338515200
2012-12-14,0.5262500047683716,0.5305209755897522,0.515625,0.5212500095367432,0.495476096868515,274128000
2012-12-17,0.5220829844474792,0.5420830249786377,0.5202080011367798,0.5415629744529724,0.514784574508667,193219200
2012-12-18,0.5498960018157959,0.5690630078315735,0.5455210208892822,0.5666670203208923,0.5386473536491394,456326400
2012-12-19,0.5712500214576721,0.5718749761581421,0.5581250190734863,0.558542013168335,0.5309241414070129,361286400
2012-12-20,0.5620830059051514,0.5629169940948486,0.550728976726532,0.5589579939842224,0.5313195586204529,291580800
2012-12-21,0.5332289934158325,0.5434380173683167,0.5260419845581055,0.5415629744529724,0.514784574508667,336624000
2012-12-24,0.5387499928474426,0.539687991142273,0.534479022026062,0.5369790196418762,0.5104274153709412,52425600
2012-12-26,0.5386459827423096,0.5407289862632751,0.5189579725265503,0.5242710113525391,0.4983477294445038,158563200
2012-12-27,0.5251039862632751,0.527292013168335,0.5019789934158325,0.5213540196418762,0.49557504057884216,308150400
2012-12-28,0.5106250047683716,0.5218750238418579,0.5062500238418579,0.5062500238418579,0.48121777176856995,164284800
2012-12-31,0.503853976726532,0.5418750047683716,0.5016670227050781,0.5392709970474243,0.5126060843467712,423052800
2013-01-02,0.578125,0.5904170274734497,0.5720829963684082,0.5895829796791077,0.5604304075241089,354720000
2013-01-03,0.5894790291786194,0.5934380292892456,0.5753129720687866,0.5810419917106628,0.5523115992546082,310732800
2013-01-04,0.5814579725265503,0.5814579725265503,0.571042001247406,0.5753129720687866,0.5468658208847046,152208000
2013-01-07,0.5703129768371582,0.578125,0.5652080178260803,0.5759379863739014,0.5474600195884705,182822400
2013-01-08,0.5752080082893372,0.5795829892158508,0.5631250143051147,0.5726040005683899,0.5442909002304077,175036800
2013-01-09,0.5744789838790894,0.5830209851264954,0.5732290148735046,0.5784379839897156,0.5498363971710205,153993600
2013-01-10,0.589896023273468,0.5916669964790344,0.5729169845581055,0.5886459946632385,0.5595394372940063,235555200
2013-01-11,0.5880209803581238,0.5919790267944336,0.5846880078315735,0.5908330082893372,0.5616183876991272,106060800
2013-01-14,0.5814579725265503,0.5881249904632568,0.5758330225944519,0.5832290053367615,0.554390549659729,147369600
2013-01-15,0.5752080082893372,0.5771880149841309,0.5670830011367798,0.5745829939842224,0.5461718440055847,216844800
2013-01-16,0.5779169797897339,0.5874999761581421,0.574271023273468,0.5810419917106628,0.5523115992546082,152217600
2013-01-17,0.5888540148735046,0.5966669917106628,0.5858330130577087,0.5899999737739563,0.5608265399932861,230620800
2013-01-18,0.5842710137367249,0.5877079963684082,0.5780209898948669,0.586667001247406,0.5576583743095398,206044800
2013-01-22,0.5882290005683899,0.589792013168335,0.5771880149841309,0.5890629887580872,0.5599359273910522,252566400
2013-01-23,0.5985419750213623,0.6046879887580872,0.5960419774055481,0.5986459851264954,0.5690453052520752,225081600
2013-01-24,0.5752080082893372,0.5912500023841858,0.5721880197525024,0.5747920274734497,0.5463706851005554,246124800
2013-01-25,0.5807290077209473,0.5885419845581055,0.5770829916000366,0.5833330154418945,0.5544893145561218,170409600
2013-01-28,0.5840629935264587,0.5933330059051514,0.5816670060157776,0.5874999761581421,0.5584502816200256,249590400
2013-01-29,0.5851039886474609,0.5914580225944519,0.5735419988632202,0.5874999761581421,0.5584502816200256,213888000
2013-01-30,0.5913540124893188,0.5958330035209656,0.5798959732055664,0.5842710137367249,0.5553810000419617,159158400
2013-01-31,0.5833330154418945,0.5923960208892822,0.5784379839897156,0.5805209875106812,0.5518163442611694,203433600
2013-02-01,0.5922920107841492,0.6035419702529907,0.585207998752594,0.5995830297470093,0.5699357986450195,286070400
2013-02-04,0.5894790291786194,0.5951039791107178,0.5687500238418579,0.5690630078315735,0.5409250259399414,274224000
2013-02-05,0.5761460065841675,0.5993750095367432,0.5726040005683899,0.5940629839897156,0.5646887421607971,280089600
2013-02-06,0.5880209803581238,0.5963540077209473,0.5832290053367615,0.5885419845581055,0.5594407916069031,250972800
2013-02-07,0.5903130173683167,0.5919790267944336,0.5707290172576904,0.5899999737739563,0.5608265399932861,218572800
2013-02-08,0.5994790196418762,0.6117709875106812,0.5981249809265137,0.6079170107841492,0.5778577923774719,203913600
2013-02-11,0.6092709898948669,0.6100000143051147,0.6026039719581604,0.6077079772949219,0.5776590704917908,111062400
2013-02-12,0.6066669821739197,0.6097919940948486,0.5993750095367432,0.6006249785423279,0.5709261894226074,129542400
2013-02-13,0.6060420274734497,0.6141669750213623,0.6018750071525574,0.6076040267944336,0.5775604248046875,186806400
2013-02-14,0.5992709994316101,0.6095830202102661,0.5980209708213806,0.6063539981842041,0.5763720273971558,137001600
2013-02-15,0.6071879863739014,0.6111459732055664,0.5964580178260803,0.6011459827423096,0.5714213252067566,118598400
2013-02-19,0.605417013168335,0.6148959994316101,0.6044790148735046,0.6142709851264954,0.5838974118232727,127296000
2013-02-20,0.6141669750213623,0.6145830154418945,0.5862500071525574,0.5862500071525574,0.557262122631073,163958400
2013-02-21,0.5798959732055664,0.581250011920929,0.5609380006790161,0.567188024520874,0.5391426086425781,265286400
2013-02-22,0.5769789814949036,0.5842710137367249,0.5708330273628235,0.5838540196418762,0.5549845695495605,132364800
2013-02-25,0.5957289934158325,0.6015629768371582,0.5611460208892822,0.5620830059051514,0.5342900156974792,240604800
2013-02-26,0.5655210018157959,0.5721880197525024,0.5537499785423279,0.5688539743423462,0.5407261848449707,168460800
2013-02-27,0.569582998752594,0.5967710018157959,0.5668749809265137,0.5861459970474243,0.5571632385253906,171072000
2013-02-28,0.5861459970474243,0.5992709994316101,0.583541989326477,0.5839580297470093,0.5550834536552429,163516800
2013-03-01,0.5767710208892822,0.5927079916000366,0.5681250095367432,0.5899999737739563,0.5608265399932861,123216000
2013-03-04,0.5841670036315918,0.5979170203208923,0.581978976726532,0.597603976726532,0.5680545568466187,150969600
2013-03-05,0.6091669797897339,0.6265630125999451,0.6085420250892639,0.6238539814949036,0.5930066704750061,228086400
2013-03-06,0.6302080154418945,0.6307290196418762,0.6172919869422913,0.6198959946632385,0.5892443656921387,207619200
2013-03-07,0.6216670274734497,0.6274999976158142,0.6184380054473877,0.6253129839897156,0.5943937301635742,110284800
2013-03-08,0.6310420036315918,0.633542001247406,0.6194790005683899,0.6260420083999634,0.595086395740509,169718400
2013-03-11,0.6248959898948669,0.6327080130577087,0.6187499761581421,0.6324999928474426,0.6012251973152161,123878400
2013-03-12,0.6268749833106995,0.6309379935264587,0.616457998752594,0.6247919797897339,0.593898355960846,178108800
2013-03-13,0.6270830035209656,0.6301040053367615,0.616457998752594,0.6228129863739014,0.5920172333717346,160838400
2013-03-14,0.6294789910316467,0.6330209970474243,0.625,0.6291670203208923,0.5980571508407593,154339200
2013-03-15,0.6302080154418945,0.6316670179367065,0.6190630197525024,0.6232290267944336,0.5924124717712402,159888000
2013-03-18,0.6069790124893188,0.6269789934158325,0.6026039719581604,0.6189579963684082,0.5883528590202332,214742400
2013-03-19,0.6248959898948669,0.6286460161209106,0.5994790196418762,0.616457998752594,0.5859764814376831,287500800
2013-03-20,0.6290630102157593,0.6328129768371582,0.6204169988632202,0.628229022026062,0.5971653461456299,153484800
2013-03-21,0.612500011920929,0.616457998752594,0.6033329963684082,0.6081249713897705,0.5780555009841919,214742400
2013-03-22,0.6150000095367432,0.6264579892158508,0.6131250262260437,0.6248959898948669,0.5939972400665283,142761600
2013-03-25,0.6310420036315918,0.6349999904632568,0.6094790101051331,0.6185420155525208,0.5879575610160828,228931200
2013-03-26,0.6258329749107361,0.628853976726532,0.6213539838790894,0.6280210018157959,0.5969676971435547,123830400
2013-03-27,0.6161460280418396,0.6321880221366882,0.6130210161209106,0.6313539743423462,0.600135862827301,191798400
2013-03-28,0.6309379935264587,0.637499988079071,0.6265630125999451,0.6349999904632568,0.6036015748977661,266697600
2013-04-01,0.6369789838790894,0.6385419964790344,0.6175000071525574,0.6227080225944519,0.5919173955917358,249628800
2013-04-02,0.6309379935264587,0.6431249976158142,0.6298959851264954,0.636771023273468,0.605285108089447,337776000
2013-04-03,0.6381250023841858,0.640625,0.6151040196418762,0.6198959946632385,0.5892443656921387,177206400
2013-04-04,0.6192709803581238,0.6246880292892456,0.6102079749107361,0.6202080249786377,0.589540958404541,189936000
2013-04-05,0.5909379720687866,0.6073960065841675,0.586562991142273,0.6050000190734863,0.5750849843025208,338284800
2013-04-08,0.605521023273468,0.614687979221344,0.6001039743423462,0.6142709851264954,0.5838974118232727,223603200
2013-04-09,0.6193749904632568,0.6339579820632935,0.6106250286102295,0.6263539791107178,0.5953831076622009,332620800
2013-04-10,0.6329169869422913,0.6658329963684082,0.6321880221366882,0.6630210280418396,0.6302371025085449,182448000
2013-04-11,0.6585419774055481,0.6669790148735046,0.65625,0.6618750095367432,0.6291475892066956,167558400
2013-04-12,0.6576039791107178,0.6623960137367249,0.645937979221344,0.6611459851264954,0.6284547448158264,218592000
2013-04-15,0.6529170274734497,0.6567710041999817,0.6197919845581055,0.6209380030632019,0.5902348756790161,203846400
2013-04-16,0.6332290172576904,0.6485419869422913,0.6287500262260437,0.6468750238418579,0.61488938331604,193718400
2013-04-17,0.6294789910316467,0.6298959851264954,0.597603976726532,0.6090630292892456,0.5789471864700317,315619200
2013-04-18,0.6141669750213623,0.6141669750213623,0.5756250023841858,0.5827080011367798,0.5538952350616455,253670400
2013-04-19,0.5873960256576538,0.6110420227050781,0.5840629935264587,0.6068750023841858,0.5768672227859497,183014400
2013-04-22,0.6135420203208923,0.6322919726371765,0.6069790124893188,0.6255210041999817,0.5945913195610046,161088000
2013-04-23,0.6369789838790894,0.6503130197525024,0.6268749833106995,0.6439579725265503,0.6121166348457336,272966400
2013-04-24,0.6389579772949219,0.6497920155525208,0.6346880197525024,0.6423959732055664,0.6106319427490234,224179200
2013-04-25,0.6486459970474243,0.6604170203208923,0.6474999785423279,0.6528130173683167,0.6205338835716248,192508800
2013-04-26,0.6487500071525574,0.6527079939842224,0.6388540267944336,0.6472920179367065,0.6152857542037964,91881600
2013-04-29,0.6528130173683167,0.6721879839897156,0.6528130173683167,0.6644790172576904,0.6316230297088623,137097600
2013-04-30,0.6675000190734863,0.6796879768371582,0.6598960161209106,0.6790630221366882,0.6454858779907227,123897600
2013-05-01,0.6790630221366882,0.6829169988632202,0.6658329963684082,0.6704170107841492,0.6372674107551575,128688000
2013-05-02,0.6730210185050964,0.6993749737739563,0.6714580059051514,0.6946880221366882,0.6603382229804993,97516800
2013-05-03,0.7152079939842224,0.7259380221366882,0.7140629887580872,0.7189580202102661,0.6834081411361694,133996800
2013-05-06,0.7231249809265137,0.7313539981842041,0.7215629816055298,0.7282289862632751,0.6922206282615662,97008000
2013-05-07,0.7316669821739197,0.7332289814949036,0.7189580202102661,0.7264580130577087,0.6905372738838196,104275200
2013-05-08,0.7246879935264587,0.7389580011367798,0.7222920060157776,0.7378129959106445,0.7013309001922607,85305600
2013-05-09,0.7323960065841675,0.7489579916000366,0.7298960089683533,0.7352079749107361,0.6988545656204224,110918400
2013-05-10,0.7384380102157593,0.7484380006790161,0.7351040244102478,0.7477080225944519,0.7107366919517517,127027200
2013-05-13,0.7440630197525024,0.7556250095367432,0.7416669726371765,0.7506250143051147,0.7135093808174133,133286400
2013-05-14,0.7505210041999817,0.7686460018157959,0.7503129839897156,0.761667013168335,0.7240052819252014,133920000
2013-05-15,0.7582290172576904,0.7686460018157959,0.7519789934158325,0.7672920227050781,0.7293522953987122,131366400
2013-05-16,0.768854022026062,0.7798960208892822,0.7627080082893372,0.7644789814949036,0.7266783714294434,155404800
2013-05-17,0.7754169702529907,0.7868750095367432,0.7684379816055298,0.7860419750213623,0.7471750378608704,150000000
2013-05-20,0.7798960208892822,0.7901039719581604,0.7731249928474426,0.7825000286102295,0.7438082695007324,151363200
2013-05-21,0.7819790244102478,0.7935420274734497,0.7732290029525757,0.7854170203208923,0.746580958366394,160915200
2013-05-22,0.7879170179367065,0.8064579963684082,0.7523959875106812,0.7662500143051147,0.7283617854118347,316982400
2013-05-23,0.7442709803581238,0.7662500143051147,0.7395830154418945,0.7579169869422913,0.7204407453536987,145737600
2013-05-24,0.7437499761581421,0.7580209970474243,0.737500011920929,0.7574999928474426,0.7200444936752319,67747200
2013-05-28,0.7839580178260803,0.7927079796791077,0.765625,0.7731249928474426,0.7348968982696533,161817600
2013-05-29,0.7635419964790344,0.7697920203208923,0.7484380006790161,0.7614579796791077,0.7238066792488098,159638400
2013-05-30,0.761667013168335,0.7839580178260803,0.761667013168335,0.7738540172576904,0.7355897426605225,86121600
2013-05-31,0.7642710208892822,0.7821879982948303,0.7502080202102661,0.7517709732055664,0.7145987153053284,123331200
2013-06-03,0.7534379959106445,0.7565630078315735,0.7270830273628235,0.7561460137367249,0.7187573909759521,222633600
2013-06-04,0.7604169845581055,0.7697920203208923,0.7352079749107361,0.7447919845581055,0.7079645395278931,138556800
2013-06-05,0.7369790077209473,0.7454169988632202,0.7137500047683716,0.7162500023841858,0.680834174156189,190560000
2013-06-06,0.7182289958000183,0.7256249785423279,0.6979169845581055,0.7250000238418579,0.6891513466835022,190944000
2013-06-07,0.7355210185050964,0.7576040029525757,0.7291669845581055,0.755312979221344,0.7179655432701111,233088000
2013-06-10,0.7601040005683899,0.7664579749107361,0.7515630125999451,0.7556250095367432,0.7182621955871582,135331200
2013-06-11,0.7332289814949036,0.753853976726532,0.7261459827423096,0.7337499856948853,0.6974688172340393,222105600
2013-06-12,0.7471879720687866,0.7472919821739197,0.7048959732055664,0.7083330154418945,0.6733086109161377,223488000
2013-06-13,0.7052080035209656,0.7392709851264954,0.6994789838790894,0.7337499856948853,0.6974688172340393,151699200
2013-06-14,0.7347919940948486,0.7372919917106628,0.7170829772949219,0.7208330035209656,0.6851904988288879,124339200
2013-06-17,0.737500011920929,0.7536460161209106,0.7298960089683533,0.7408329844474792,0.7042015790939331,158851200
2013-06-18,0.7441669702529907,0.7636460065841675,0.7438539862632751,0.7583330273628235,0.7208362817764282,101404800
2013-06-19,0.7594789862632751,0.7621880173683167,0.7314580082893372,0.7344790101051331,0.6981616616249084,175708800
2013-06-20,0.7086459994316101,0.7161459922790527,0.6745830178260803,0.680312991142273,0.6466740369796753,241257600
2013-06-21,0.6808329820632935,0.6867709755897522,0.6538540124893188,0.6707289814949036,0.637563943862915,236985600
2013-06-24,0.6544790267944336,0.6661459803581238,0.6339579820632935,0.6499999761581421,0.6178598403930664,221136000
2013-06-25,0.6691669821739197,0.6727079749107361,0.6534379720687866,0.6638540029525757,0.6310288310050964,132422400
2013-06-26,0.6816669702529907,0.6860420107841492,0.6747919917106628,0.6819790005683899,0.6482576727867126,119865600
2013-06-27,0.6926040053367615,0.7037500143051147,0.6895830035209656,0.6895830035209656,0.6554856300354004,113683200
2013-06-28,0.6841670274734497,0.7061460018157959,0.6797919869422913,0.691457986831665,0.6572680473327637,156076800
2013-07-01,0.7082290053367615,0.723438024520874,0.7044789791107178,0.706250011920929,0.671328604221344,103891200
2013-07-02,0.7058330178260803,0.7202079892158508,0.6962500214576721,0.7065629959106445,0.6716260313987732,124377600
2013-07-03,0.6997920274734497,0.7257289886474609,0.6980209946632385,0.7161459922790527,0.6807351112365723,53769600
2013-07-05,0.7279170155525208,0.7328130006790161,0.7110419869422913,0.7319790124893188,0.6957854628562927,114441600
2013-07-08,0.7435420155525208,0.7443749904632568,0.7265629768371582,0.734375,0.6980627179145813,88281600
2013-07-09,0.7444790005683899,0.7524999976158142,0.7346879839897156,0.7478129863739014,0.7108363509178162,84316800
2013-07-10,0.7451040148735046,0.7639579772949219,0.7451040148735046,0.7604169845581055,0.7228171825408936,100867200
2013-07-11,0.7846879959106445,0.8078129887580872,0.7835419774055481,0.8078129887580872,0.7678695917129517,153024000
2013-07-12,0.8080210089683533,0.8180209994316101,0.8013539910316467,0.8162500262260437,0.77588951587677,83510400
2013-07-15,0.8188539743423462,0.8235419988632202,0.8121880292892456,0.8226040005683899,0.7819293737411499,91622400
2013-07-16,0.8240630030632019,0.8260419964790344,0.8127080202102661,0.8193749785423279,0.7788599133491516,85219200
2013-07-17,0.8263540267944336,0.8305209875106812,0.8182290196418762,0.8252080082893372,0.7844045758247375,79104000
2013-07-18,0.8247920274734497,0.8308330178260803,0.8151040077209473,0.8191670179367065,0.778662383556366,101136000
2013-07-19,0.7979170083999634,0.7982289791107178,0.7861459851264954,0.7942709922790527,0.7549972534179688,108595200
2013-07-22,0.8027080297470093,0.8057289719581604,0.793021023273468,0.800000011920929,0.7604427933692932,85852800
2013-07-23,0.8046879768371582,0.8046879768371582,0.7809380292892456,0.7821879982948303,0.7435116171836853,86428800
2013-07-24,0.805417001247406,0.8063539862632751,0.7847920060157776,0.7895830273628235,0.7505409717559814,105744000
2013-07-25,0.8012499809265137,0.8076040148735046,0.7887499928474426,0.8038539886474609,0.7641063332557678,81110400
2013-07-26,0.7952079772949219,0.817812979221344,0.7916669845581055,0.817188024520874,0.7767812013626099,77654400
2013-07-29,0.8130210041999817,0.8231250047683716,0.8064579963684082,0.8134379982948303,0.7732164859771729,72345600
2013-07-30,0.8223959803581238,0.8362500071525574,0.8170830011367798,0.8255209922790527,0.7847021818161011,120960000
2013-07-31,0.8307290077209473,0.8444790244102478,0.8258330225944519,0.8307290077209473,0.7896525263786316,110179200
2013-08-01,0.847603976726532,0.859375,0.8448960185050964,0.8560420274734497,0.8137139081954956,77596800
2013-08-02,0.8566669821739197,0.8706250190734863,0.8506249785423279,0.8703129887580872,0.8272790908813477,97104000
2013-08-05,0.8672919869422913,0.8738539814949036,0.8639580011367798,0.8721879720687866,0.8290614485740662,79440000
2013-08-06,0.8683329820632935,0.8708329796791077,0.8458330035209656,0.8566669821739197,0.8143079876899719,93820800
2013-08-07,0.8486459851264954,0.8560420274734497,0.8330209851264954,0.8517709970474243,0.8096539974212646,120585600
2013-08-08,0.8659380078315735,0.8698959946632385,0.8475000262260437,0.8631250262260437,0.8204467296600342,130598400
2013-08-09,0.8605210185050964,0.8688539862632751,0.8463540077209473,0.8538540005683899,0.8116340041160583,98534400
2013-08-12,0.8436459898948669,0.8639580011367798,0.8435419797897339,0.8591669797897339,0.8166842460632324,68822400
2013-08-13,0.8627079725265503,0.8797919750213623,0.8444790244102478,0.8734380006790161,0.8302497863769531,154483200
2013-08-14,0.8729169964790344,0.8766670227050781,0.8604170083999634,0.8637499809265137,0.8210406303405762,94368000
2013-08-15,0.8353130221366882,0.8355209827423096,0.8132290244102478,0.8204169869422913,0.779850423336029,132883200
2013-08-16,0.8206250071525574,0.8314579725265503,0.8147919774055481,0.8174999952316284,0.7770776152610779,70176000
2013-08-19,0.8204169869422913,0.839792013168335,0.8141670227050781,0.8142709732055664,0.7740083932876587,90115200
2013-08-20,0.8198959827423096,0.836667001247406,0.8172919750213623,0.8254169821739197,0.7846032381057739,88752000
2013-08-21,0.8182290196418762,0.8386459946632385,0.8082290291786194,0.817188024520874,0.7767812013626099,159686400
2013-08-22,0.8267710208892822,0.8422920107841492,0.8260419964790344,0.840520977973938,0.798960268497467,71260800
2013-08-23,0.8590630292892456,0.8606250286102295,0.8493750095367432,0.8582289814949036,0.8157926201820374,76512000
2013-08-26,0.859375,0.878125011920929,0.8535419702529907,0.8589580059051514,0.8164856433868408,74918400
2013-08-27,0.8286460041999817,0.8407289981842041,0.8005210161209106,0.8048959970474243,0.76509690284729,200131200
2013-08-28,0.8043749928474426,0.8256250023841858,0.8034380078315735,0.8153129816055298,0.7749988436698914,102038400
2013-08-29,0.8149999976158142,0.8445829749107361,0.8115630149841309,0.8321880102157593,0.7910392880439758,129465600
2013-08-30,0.8345829844474792,0.8351039886474609,0.8078129887580872,0.8166670203208923,0.7762860655784607,121996800
2013-09-03,0.8364580273628235,0.847603976726532,0.8196880221366882,0.8301039934158325,0.7890583872795105,85699200
2013-09-04,0.8380209803581238,0.8605210185050964,0.8317710161209106,0.8571879863739014,0.8148031830787659,83078400
2013-09-05,0.8584380149841309,0.8682289719581604,0.8573960065841675,0.8609380125999451,0.8183677196502686,48451200
2013-09-06,0.8693749904632568,0.8774999976158142,0.8351039886474609,0.864063024520874,0.8213383555412292,122121600
2013-09-09,0.8742709755897522,0.8986459970474243,0.8742709755897522,0.894478976726532,0.8502503037452698,94281600
2013-09-10,0.910207986831665,0.9112499952316284,0.8980209827423096,0.9080209732055664,0.8631226420402527,151929600
2013-09-11,0.8901039958000183,0.9038540124893188,0.8860419988632202,0.9034379720687866,0.8587663769721985,106118400
2013-09-12,0.903020977973938,0.9088540077209473,0.8951039910316467,0.8993750214576721,0.8549042344093323,66921600
2013-09-13,0.9037500023841858,0.9053130149841309,0.8878129720687866,0.902292013168335,0.8576769828796387,80860800
2013-09-16,0.9244790077209473,0.9247919917106628,0.8887500166893005,0.8946880102157593,0.8504489660263062,132374400
2013-09-17,0.8997920155525208,0.9158329963684082,0.8997920155525208,0.9126039743423462,0.8674790263175964,66940800
2013-09-18,0.916458010673523,0.9507290124893188,0.9111459851264954,0.9461460113525391,0.8993625640869141,127507200
2013-09-19,0.9536460041999817,0.9588540196418762,0.9473959803581238,0.9519789814949036,0.9049071669578552,71404800
2013-09-20,0.9592710137367249,0.961667001247406,0.9405210018157959,0.9415630102157593,0.8950062394142151,108153600
2013-09-23,0.9547920227050781,0.957082986831665,0.9229170083999634,0.9362499713897705,0.8899556994438171,134889600
2013-09-24,0.9427080154418945,0.9513540267944336,0.9270830154418945,0.9364579916000366,0.8901534676551819,82003200
2013-09-25,0.9378129839897156,0.942188024520874,0.9211459755897522,0.9276040196418762,0.8817374110221863,108662400
2013-09-26,0.9385420083999634,0.9546880125999451,0.9368749856948853,0.9488540291786194,0.9019366502761841,89020800
2013-09-27,0.9331250190734863,0.9495829939842224,0.9278129935264587,0.9443749785423279,0.8976790308952332,73200000
2013-09-30,0.9154170155525208,0.9447919726371765,0.9061459898948669,0.9384379982948303,0.892035722732544,123292800
2013-10-01,0.9380210041999817,0.9678130149841309,0.9370830059051514,0.9665629863739014,0.918769896030426,87888000
2013-10-02,0.945937991142273,0.9691669940948486,0.9440630078315735,0.964792013168335,0.917086660861969,86313600
2013-10-03,0.9613540172576904,0.9672920107841492,0.9159380197525024,0.9312499761581421,0.885202944278717,161577600
2013-10-04,0.9307289719581604,0.9590629935264587,0.9291669726371765,0.9552080035209656,0.9079764485359192,92112000
2013-10-07,0.9309380054473877,0.9535419940948486,0.9292709827423096,0.9315630197525024,0.8855006098747253,99340800
2013-10-08,0.9312499761581421,0.933542013168335,0.8767709732055664,0.878853976726532,0.8353977799415588,234777600
2013-10-09,0.8836460113525391,0.8848959803581238,0.8478130102157593,0.8691669702529907,0.8261899352073669,218448000
2013-10-10,0.8969789743423462,0.9301040172576904,0.8964580297470093,0.9243749976158142,0.878667950630188,144720000
2013-10-11,0.9173960089683533,0.9479169845581055,0.9169790148735046,0.9452080130577087,0.8984708786010742,130147200
2013-10-14,0.9284380078315735,0.965624988079071,0.9260420203208923,0.964792013168335,0.917086660861969,140956800
2013-10-15,0.9629169702529907,0.9776039719581604,0.9510419964790344,0.9544789791107178,0.9072837233543396,162076800
2013-10-16,0.9672920107841492,0.9885420203208923,0.9657289981842041,0.9870830178260803,0.9382754564285278,129302400
2013-10-17,0.9730209708213806,1.0048960447311401,0.9713540077209473,1.003021001815796,0.9534253478050232,166368000
2013-10-18,1.0309380292892456,1.0537500381469727,1.0228129625320435,1.0526039600372314,1.0005567073822021,135110400
2013-10-21,1.0586459636688232,1.0673960447311401,1.0495829582214355,1.0586459636688232,1.0062998533248901,99369600
2013-10-22,1.0703129768371582,1.0814579725265503,1.0442709922790527,1.0622919797897339,1.009765625,157660800
2013-10-23,1.0485420227050781,1.0544790029525757,1.0295829772949219,1.0452079772949219,0.9935261011123657,161184000
2013-10-24,1.0459380149841309,1.065000057220459,1.0418750047683716,1.0582289695739746,1.0059032440185547,108547200
2013-10-25,1.0885419845581055,1.0953129529953003,1.0659379959106445,1.0793750286102295,1.0260037183761597,140467200
2013-10-28,1.0809379816055298,1.0863540172576904,1.0673960447311401,1.0815629959106445,1.0280838012695312,83251200
2013-10-29,1.0919790267944336,1.0952080488204956,1.0729169845581055,1.086771011352539,1.033034324645996,84105600
2013-10-30,1.0985419750213623,1.1033329963684082,1.0688539743423462,1.0833330154418945,1.0297659635543823,198662400
2013-10-31,1.0760420560836792,1.096250057220459,1.0645829439163208,1.0763540267944336,1.02313232421875,141782400
2013-11-01,1.0857290029525757,1.0906250476837158,1.0612499713897705,1.0758329629898071,1.0226367712020874,163132800
2013-11-04,1.087499976158142,1.087499976158142,1.070207953453064,1.0810420513153076,1.0275884866714478,91641600
2013-11-05,1.0688539743423462,1.0927079916000366,1.0598959922790527,1.0856250524520874,1.031944751739502,132124800
2013-11-06,1.0982290506362915,1.0995830297470093,1.0739580392837524,1.0837500095367432,1.0301624536514282,163910400
2013-11-07,1.084375023841858,1.089063048362732,1.0205210447311401,1.0236459970474243,0.9730303287506104,232934400
2013-11-08,1.0343749523162842,1.0651040077209473,1.0257289409637451,1.0640629529953003,1.011448860168457,118080000
2013-11-11,1.0573960542678833,1.0681250095367432,1.0487500429153442,1.0589580535888672,1.0065964460372925,63494400
2013-11-12,1.0496879816055298,1.0688539743423462,1.0479170083999634,1.0641670227050781,1.0115481615066528,108777600
2013-11-13,1.0439579486846924,1.1026040315628052,1.0432289838790894,1.1022919416427612,1.0477875471115112,126470400
2013-11-14,1.0934380292892456,1.1152080297470093,1.0873960256576538,1.1108330488204956,1.0559064149856567,118819200
2013-11-15,1.1145830154418945,1.119583010673523,1.1058330535888672,1.118541955947876,1.0632344484329224,89203200
2013-11-18,1.1179169416427612,1.1253130435943604,1.0805209875106812,1.08760404586792,1.0338259935379028,143846400
2013-11-19,1.0846879482269287,1.100000023841858,1.071874976158142,1.0768749713897705,1.023627758026123,102192000
2013-11-20,1.0862499475479126,1.0978130102157593,1.0598959922790527,1.0693750381469727,1.016498327255249,125865600
2013-11-21,1.0819790363311768,1.1044789552688599,1.0800000429153442,1.1020829677581787,1.0475890636444092,86592000
2013-11-22,1.1079169511795044,1.1205209493637085,1.1048959493637085,1.1194789409637451,1.0641248226165771,87014400
2013-11-25,1.1306250095367432,1.135208010673523,1.1191669702529907,1.1268750429153442,1.0711554288864136,92582400
2013-11-26,1.128957986831665,1.1534379720687866,1.1208330392837524,1.1455210447311401,1.0888793468475342,106713600
2013-11-27,1.1521879434585571,1.1698960065841675,1.149271011352539,1.1684379577636719,1.1106630563735962,137894400
2013-11-29,1.1825000047683716,1.1945830583572388,1.179582953453064,1.1876039505004883,1.1288810968399048,91622400
2013-12-02,1.1943750381469727,1.1994789838790894,1.1745829582214355,1.1802079677581787,1.1218509674072266,165936000
2013-12-03,1.1769789457321167,1.1860419511795044,1.1631250381469727,1.1767710447311401,1.1185840368270874,134544000
2013-12-04,1.1619789600372314,1.191457986831665,1.1505210399627686,1.179792046546936,1.1214557886123657,133996800
2013-12-05,1.1836459636688232,1.1865630149841309,1.1662499904632568,1.1761460304260254,1.1179900169372559,126480000
2013-12-06,1.2044789791107178,1.2082289457321167,1.183750033378601,1.2004170417785645,1.1410608291625977,142588800
2013-12-09,1.2145830392837524,1.2229169607162476,1.2090630531311035,1.214792013168335,1.1547249555587769,112608000
2013-12-10,1.2086460590362549,1.219478964805603,1.2058329582214355,1.21260404586792,1.1526453495025635,93004800
2013-12-11,1.2118749618530273,1.2176040410995483,1.1610419750213623,1.1672919988632202,1.1095737218856812,148464000
2013-12-12,1.1677080392837524,1.175832986831665,1.1541670560836792,1.1578129529953003,1.1005635261535645,107347200
2013-12-13,1.1731250286102295,1.174896001815796,1.1462500095367432,1.152292013168335,1.0953153371810913,81206400
2013-12-16,1.1689579486846924,1.191249966621399,1.1669789552688599,1.1720830202102661,1.1141278743743896,74966400
2013-12-17,1.1720830202102661,1.179582953453064,1.1578129529953003,1.164687991142273,1.1070984601974487,72960000
2013-12-18,1.1677080392837524,1.207813024520874,1.1171879768371582,1.2048959732055664,1.1453180313110352,161596800
2013-12-19,1.1982289552688599,1.1990629434585571,1.1787500381469727,1.1940629482269287,1.1350209712982178,117177600
2013-12-20,1.2000000476837158,1.2385419607162476,1.1989580392837524,1.2300000190734863,1.169180989265442,113750400
2013-12-23,1.2605210542678833,1.2697919607162476,1.2502080202102661,1.2697919607162476,1.2070053815841675,112502400
2013-12-24,1.2698960304260254,1.2736459970474243,1.2637499570846558,1.2715630531311035,1.2086889743804932,38006400
2013-12-26,1.2776039838790894,1.2868750095367432,1.2709380388259888,1.2839579582214355,1.2204707860946655,55814400
2013-12-27,1.2883330583572388,1.290624976158142,1.269582986831665,1.2745829820632935,1.211559534072876,73939200
2013-12-30,1.2679170370101929,1.2734379768371582,1.2578129768371582,1.2679170370101929,1.2052233219146729,53078400
2013-12-31,1.2753130197525024,1.2928129434585571,1.2739579677581787,1.2928129434585571,1.2288881540298462,64176000
2014-01-02,1.27510404586792,1.2760419845581055,1.2514580488204956,1.262603998184204,1.200173020362854,98976000
2014-01-03,1.262395977973938,1.2659380435943604,1.234375,1.235103964805603,1.1740328073501587,97545600
2014-01-06,1.2361459732055664,1.2400000095367432,1.2077080011367798,1.221979022026062,1.1615568399429321,125923200
2014-01-07,1.2378129959106445,1.2604169845581055,1.2315629720687866,1.2536460161209106,1.1916579008102417,92313600
2014-01-08,1.2555210590362549,1.2736459970474243,1.247499942779541,1.2630209922790527,1.2005691528320312,93264000
2014-01-09,1.2763539552688599,1.2777080535888672,1.2377079725265503,1.25,1.1881920099258423,105561600
2014-01-10,1.260208010673523,1.2667709589004517,1.2320829629898071,1.2625000476837158,1.2000740766525269,119942400
2014-01-13,1.2573959827423096,1.2704169750213623,1.192188024520874,1.206354022026062,1.1467041969299316,173107200
2014-01-14,1.2190630435943604,1.2779170274734497,1.21875,1.2754169702529907,1.2123521566390991,138076800
2014-01-15,1.2905210256576538,1.3141670227050781,1.287500023841858,1.3052079677581787,1.240670084953308,120528000
2014-01-16,1.3034379482269287,1.3128130435943604,1.2969789505004883,1.3079169988632202,1.2432453632354736,70512000
2014-01-17,1.2955210208892822,1.306249976158142,1.2755210399627686,1.2846879959106445,1.2211648225784302,84460800
2014-01-21,1.3091670274734497,1.3156249523162842,1.2814580202102661,1.313438057899475,1.2484934329986572,88022400
2014-01-22,1.3236459493637085,1.3333330154418945,1.3125,1.325624942779541,1.2600778341293335,78432000
2014-01-23,1.3118749856948853,1.3125,1.2833329439163208,1.3096879720687866,1.244928240776062,129052800
2014-01-24,1.2902079820632935,1.2970830202102661,1.231874942779541,1.2320829629898071,1.1711610555648804,141648000
2014-01-27,1.2335419654846191,1.2393749952316284,1.1708329916000366,1.1962499618530273,1.1370996236801147,177729600
2014-01-28,1.1777080297470093,1.1989580392837524,1.1729170083999634,1.1958329677581787,1.1367034912109375,109497600
2014-01-29,1.164167046546936,1.1902079582214355,1.1495829820632935,1.1581250429153442,1.1008601188659668,136497600
2014-01-30,1.1997920274734497,1.2327079772949219,1.1956249475479126,1.2191669940948486,1.158883810043335,116438400
2014-01-31,1.179582953453064,1.228124976158142,1.1762499809265137,1.2106250524520874,1.150763988494873,84532800
2014-02-03,1.2039580345153809,1.221250057220459,1.1181249618530273,1.130416989326477,1.0745220184326172,183926400
2014-02-04,1.144374966621399,1.1652079820632935,1.134374976158142,1.152500033378601,1.095513105392456,90672000
2014-02-05,1.140625,1.1552079916000366,1.1041669845581055,1.1418750286102295,1.0854134559631348,108513600
2014-02-06,1.1535420417785645,1.1906249523162842,1.1516669988632202,1.1856249570846558,1.127000093460083,73977600
2014-02-07,1.2064579725265503,1.2522920370101929,1.1962499618530273,1.2485419511795044,1.1868058443069458,111456000
2014-02-10,1.2491669654846191,1.2731250524520874,1.2464580535888672,1.2714580297470093,1.2085893154144287,83284800
2014-02-11,1.278749942779541,1.3222919702529907,1.2756249904632568,1.315000057220459,1.2499778270721436,117504000
2014-02-12,1.3229169845581055,1.3312499523162842,1.3108329772949219,1.3212499618530273,1.2559189796447754,108451200
2014-02-13,1.292917013168335,1.3552080392837524,1.2925000190734863,1.3552080392837524,1.2881978750228882,106507200
2014-02-14,1.3533329963684082,1.3691669702529907,1.3389580249786377,1.3591669797897339,1.291961431503296,94876800
2014-02-18,1.3660420179367065,1.3877079486846924,1.3566670417785645,1.380416989326477,1.3121603727340698,69292800
2014-02-19,1.3722920417785645,1.381458044052124,1.3429169654846191,1.350208044052124,1.2834452390670776,136531200
2014-02-20,1.3533329963684082,1.3779170513153076,1.3370829820632935,1.3697919845581055,1.302060842514038,102643200
2014-02-21,1.382707953453064,1.3889579772949219,1.3600000143051147,1.3627079725265503,1.2953269481658936,83976000
2014-02-24,1.371042013168335,1.4049999713897705,1.3666670322418213,1.386667013168335,1.3181017637252808,99422400
2014-02-25,1.3922920227050781,1.4004169702529907,1.368541955947876,1.3816670179367065,1.3133485317230225,92985600
2014-02-26,1.3937499523162842,1.4052079916000366,1.3616670370101929,1.3770829439163208,1.3089911937713623,82929600
2014-02-27,1.3785419464111328,1.4085420370101929,1.3720829486846924,1.4041670560836792,1.3347359895706177,87964800
2014-02-28,1.4043749570846558,1.4287500381469727,1.363124966621399,1.397083044052124,1.3280022144317627,136718400
2014-03-03,1.3591669797897339,1.3791669607162476,1.331874966621399,1.3664580583572388,1.2988920211791992,158558400
2014-03-04,1.412708044052124,1.428333044052124,1.4095829725265503,1.4214580059051514,1.3511722087860107,108993600
2014-03-05,1.428125023841858,1.4397920370101929,1.4187500476837158,1.4331250190734863,1.3622621297836304,77064000
2014-03-06,1.4416669607162476,1.445417046546936,1.4131250381469727,1.4277080297470093,1.3571131229400635,92803200
2014-03-07,1.4431250095367432,1.4460419416427612,1.3862500190734863,1.4072920083999634,1.337706446647644,132518400
2014-03-10,1.4049999713897705,1.4131250381469727,1.3837499618530273,1.410207986831665,1.340478539466858,75580800
2014-03-11,1.4214580059051514,1.4316669702529907,1.380416989326477,1.3927079439163208,1.3238435983657837,119774400
2014-03-12,1.3743749856948853,1.4104169607162476,1.3583329916000366,1.4083329439163208,1.3386961221694946,109612800
2014-03-13,1.4239579439163208,1.425624966621399,1.3295830488204956,1.3485419750213623,1.2818615436553955,188414400
2014-03-14,1.3339580297470093,1.3527079820632935,1.3191670179367065,1.3208329677581787,1.2555224895477295,107318400
2014-03-17,1.3454170227050781,1.3758330345153809,1.3439580202102661,1.3560420274734497,1.2889907360076904,116942400
2014-03-18,1.3602080345153809,1.4089579582214355,1.359375,1.4047919511795044,1.3353301286697388,113006400
2014-03-19,1.4060419797897339,1.409999966621399,1.3541669845581055,1.3816670179367065,1.3133485317230225,136444800
2014-03-20,1.368749976158142,1.4052079916000366,1.3600000143051147,1.3925000429153442,1.323646068572998,87638400
2014-03-21,1.415416955947876,1.4187500476837158,1.3352080583572388,1.3414579629898071,1.27512788772583,198307200
2014-03-24,1.3581249713897705,1.3606250286102295,1.271041989326477,1.3077080249786377,1.243046760559082,266145600
2014-03-25,1.3287500143051147,1.3527079820632935,1.287708044052124,1.3197920322418213,1.2545331716537476,172516800
2014-03-26,1.3402080535888672,1.3481249809265137,1.2685420513153076,1.269582986831665,1.2068067789077759,201331200
2014-03-27,1.2645829916000366,1.2808330059051514,1.226667046546936,1.2470829486846924,1.1854194402694702,201993600
2014-03-28,1.259374976158142,1.2958329916000366,1.2447919845581055,1.2552080154418945,1.1931424140930176,166440000
2014-03-31,1.283750057220459,1.3064579963684082,1.2795829772949219,1.2802079916000366,1.2169064283370972,162441600
2014-04-01,1.300832986831665,1.3512500524520874,1.299375057220459,1.3495830297470093,1.282850980758667,178041600
2014-04-02,1.3668750524520874,1.3702080249786377,1.341249942779541,1.3602080345153809,1.2929508686065674,163224000
2014-04-03,1.3643749952316284,1.3700000047683716,1.3041670322418213,1.328125,1.2624540328979492,159619200
2014-04-04,1.351667046546936,1.3574999570846558,1.210832953453064,1.222707986831665,1.1622494459152222,371011200
2014-04-07,1.1983330249786377,1.2310420274734497,1.1610419750213623,1.1860419511795044,1.127396821975708,312662400
2014-04-08,1.1904170513153076,1.2233330011367798,1.177291989326477,1.2191669940948486,1.158883810043335,243240000
2014-04-09,1.2320829629898071,1.2833329439163208,1.222707986831665,1.2816669940948486,1.218293309211731,221961600
2014-04-10,1.2841670513153076,1.2843749523162842,1.152500033378601,1.1633330583572388,1.105810284614563,322276800
2014-04-11,1.131458044052124,1.175624966621399,1.1145830154418945,1.1227079629898071,1.0671941041946411,211876800
2014-04-14,1.1504169702529907,1.165624976158142,1.1164580583572388,1.1479170322418213,1.0911567211151123,281275200
2014-04-15,1.1591670513153076,1.1785420179367065,1.0870829820632935,1.1593749523162842,1.1020480394363403,562051200
2014-04-16,1.1891670227050781,1.2050000429153442,1.1608330011367798,1.2043750286102295,1.1448231935501099,251414400
2014-04-17,1.1924999952316284,1.2235419750213623,1.1822919845581055,1.2050000429153442,1.145417332649231,176625600
2014-04-21,1.2145830392837524,1.2324999570846558,1.1972919702529907,1.2322920560836792,1.1713597774505615,144249600
2014-04-22,1.2439579963684082,1.2708330154418945,1.2391669750213623,1.2625000476837158,1.2000740766525269,150321600
2014-04-23,1.261667013168335,1.2627079486846924,1.226457953453064,1.228124976158142,1.167398452758789,131366400
2014-04-24,1.2897919416427612,1.2899999618530273,1.2237499952316284,1.2643749713897705,1.201856255531311,250776000
2014-04-25,1.2410420179367065,1.2454169988632202,1.1945830583572388,1.2033330202102661,1.1438325643539429,244747200
2014-04-28,1.2193750143051147,1.2410420179367065,1.1581250429153442,1.216249942779541,1.1561110019683838,482083200
2014-04-29,1.2258330583572388,1.2502080202102661,1.2081249952316284,1.2431249618530273,1.1816569566726685,243633600
2014-04-30,1.2277079820632935,1.2570830583572388,1.2166670560836792,1.2541669607162476,1.1921528577804565,184075200
2014-05-01,1.2597919702529907,1.2858330011367798,1.25,1.2654169797897339,1.2028467655181885,143750400
2014-05-02,1.2764580249786377,1.2843749523162842,1.2489579916000366,1.259166955947876,1.1969056129455566,151905600
2014-05-05,1.2354170083999634,1.2779170274734497,1.2262500524520874,1.2770830392837524,1.2139363288879395,115790400
2014-05-06,1.2714580297470093,1.273332953453064,1.226457953453064,1.2277079820632935,1.1670024394989014,161644800
2014-05-07,1.2370829582214355,1.2389580011367798,1.1737500429153442,1.2166670560836792,1.1565073728561401,261907200
2014-05-08,1.2045830488204956,1.2570830583572388,1.1958329677581787,1.212499976158142,1.1525465250015259,219216000
2014-05-09,1.2112499475479126,1.2291669845581055,1.1872919797897339,1.226667046546936,1.1660128831863403,156475200
2014-05-12,1.2489579916000366,1.2881250381469727,1.2454169988632202,1.2864580154418945,1.22284734249115,127684800
2014-05-13,1.2910419702529907,1.3043750524520874,1.2820830345153809,1.289167046546936,1.225422739982605,117729600
2014-05-14,1.2785420417785645,1.292917013168335,1.2608330249786377,1.2699999809265137,1.2072031497955322,98640000
2014-05-15,1.2685420513153076,1.2754169702529907,1.2158329486846924,1.240625023841858,1.1792809963226318,201480000
2014-05-16,1.2433329820632935,1.2662500143051147,1.2191669940948486,1.2637499570846558,1.2012622356414795,142910400
2014-05-19,1.252500057220459,1.2960419654846191,1.2464580535888672,1.2908329963684082,1.2270060777664185,120528000
2014-05-20,1.289167046546936,1.3025000095367432,1.2604169845581055,1.2766669988632202,1.2135405540466309,162331200
2014-05-21,1.2825000286102295,1.3143750429153442,1.2808330059051514,1.3127080202102661,1.2477995157241821,123619200
2014-05-22,1.316249966621399,1.3408329486846924,1.3110419511795044,1.3289580345153809,1.2632460594177246,126480000
2014-05-23,1.334583044052124,1.359375,1.325624942779541,1.3587499856948853,1.2915648221969604,95136000
2014-05-27,1.3777079582214355,1.410207986831665,1.3735419511795044,1.4097919464111328,1.3400826454162598,118387200
2014-05-28,1.4085420370101929,1.4145829677581787,1.3933329582214355,1.3964580297470093,1.3274081945419312,118435200
2014-05-29,1.4120830297470093,1.4247920513153076,1.4033329486846924,1.4247920513153076,1.3543416261672974,87302400
2014-05-30,1.4247920513153076,1.4308329820632935,1.4016669988632202,1.4235420227050781,1.353153109550476,113347200
2014-06-02,1.4291670322418213,1.4299999475479126,1.3925000429153442,1.4199999570846558,1.3497861623764038,101270400
2014-06-03,1.4054169654846191,1.4245829582214355,1.4004169702529907,1.417917013168335,1.3478062152862549,95102400
2014-06-04,1.4066669940948486,1.440000057220459,1.4002079963684082,1.4329169988632202,1.3620643615722656,105355200
2014-06-05,1.4375,1.4777079820632935,1.4227080345153809,1.4702080488204956,1.3975118398666382,176107200
2014-06-06,1.4874999523162842,1.4954169988632202,1.4772919416427612,1.4939579963684082,1.420087456703186,79219200
2014-06-09,1.4970829486846924,1.502500057220459,1.4793750047683716,1.4912500381469727,1.417513370513916,124171200
2014-06-10,1.486875057220459,1.5010420083999634,1.4822920560836792,1.4997919797897339,1.4256328344345093,72796800
2014-06-11,1.4829169511795044,1.5043749809265137,1.4797919988632202,1.497499942779541,1.4234539270401,96979200
2014-06-12,1.4885419607162476,1.4933329820632935,1.4416669607162476,1.4583330154418945,1.386223554611206,120974400
2014-06-13,1.4770829677581787,1.4810420274734497,1.4514579772949219,1.4683330059051514,1.395729422569275,72019200
2014-06-16,1.4637500047683716,1.4864579439163208,1.4529169797897339,1.4737499952316284,1.400878667831421,89956800
2014-06-17,1.4714579582214355,1.488124966621399,1.463333010673523,1.4758330583572388,1.4028586149215698,95640000
2014-06-18,1.481874942779541,1.5070830583572388,1.4545830488204956,1.5027079582214355,1.4284043312072754,114801600
2014-06-19,1.5081249475479126,1.5108330249786377,1.478124976158142,1.4968750476837158,1.422860026359558,105950400
2014-06-20,1.5002080202102661,1.507917046546936,1.4916670322418213,1.5022920370101929,1.4280091524124146,56592000
2014-06-23,1.5018750429153442,1.505416989326477,1.4912500381469727,1.503957986831665,1.4295929670333862,69408000
2014-06-24,1.503957986831665,1.541458010673523,1.486875057220459,1.4997919797897339,1.4256328344345093,160248000
2014-06-25,1.4887499809265137,1.535207986831665,1.4885419607162476,1.5270830392837524,1.4518165588378906,84523200
2014-06-26,1.53125,1.53125,1.4947919845581055,1.53125,1.4557781219482422,87580800
2014-06-27,1.5252079963684082,1.550832986831665,1.5243749618530273,1.5464580059051514,1.4702363014221191,73857600
2014-06-30,1.5491670370101929,1.5700000524520874,1.5454169511795044,1.5579169988632202,1.4811304807662964,54451200
2014-07-01,1.5735419988632202,1.6218750476837158,1.5724999904632568,1.6102080345153809,1.5308444499969482,66057600
2014-07-02,1.6122920513153076,1.6247919797897339,1.6079169511795044,1.6164580583572388,1.5367863178253174,81801600
2014-07-03,1.632707953453064,1.6475000381469727,1.6200000047683716,1.6475000381469727,1.5662981271743774,64636800
2014-07-07,1.6414580345153809,1.648332953453064,1.6239579916000366,1.6316670179367065,1.5512455701828003,87950400
2014-07-08,1.6239579916000366,1.6268750429153442,1.5539580583572388,1.5747920274734497,1.4971741437911987,151752000
2014-07-09,1.5864579677581787,1.6135419607162476,1.5729169845581055,1.6104170083999634,1.5310429334640503,136963200
2014-07-10,1.5483330488204956,1.6129169464111328,1.541458010673523,1.5952080488204956,1.5165835618972778,123244800
2014-07-11,1.6045830249786377,1.6237499713897705,1.5910420417785645,1.6229170560836792,1.5429270267486572,121689600
2014-07-14,1.6447919607162476,1.663957953453064,1.6372920274734497,1.6539579629898071,1.5724380016326904,107059200
2014-07-15,1.6608330011367798,1.667917013168335,1.6006250381469727,1.636667013168335,1.5559990406036377,148536000
2014-07-16,1.6716669797897339,1.6764580011367798,1.6502079963684082,1.6552079916000366,1.5736263990402222,106608000
2014-07-17,1.6412500143051147,1.6593749523162842,1.5735419988632202,1.5891669988632202,1.5108405351638794,160924800
2014-07-18,1.6162500381469727,1.6668750047683716,1.6083329916000366,1.6643749475479126,1.5823413133621216,116976000
2014-07-21,1.6527080535888672,1.6662499904632568,1.6356250047683716,1.6583329439163208,1.5765972137451172,94900800
2014-07-22,1.6825000047683716,1.6974999904632568,1.6762499809265137,1.691249966621399,1.6078919172286987,107457600
2014-07-23,1.7066669464111328,1.728124976158142,1.6987500190734863,1.7229169607162476,1.6379982233047485,102460800
2014-07-24,1.7314579486846924,1.7372920513153076,1.709375023841858,1.7168749570846558,1.632253646850586,87460800
2014-07-25,1.6920830011367798,1.7033330202102661,1.6697920560836792,1.6958329677581787,1.6122488975524902,92856000
2014-07-28,1.7004170417785645,1.7104170322418213,1.658750057220459,1.6979169845581055,1.6142305135726929,91963200
2014-07-29,1.708541989326477,1.7197920083999634,1.6847920417785645,1.6893750429153442,1.6061094999313354,79252800
2014-07-30,1.7166670560836792,1.726457953453064,1.6891670227050781,1.709583044052124,1.625321388244629,107611200
2014-07-31,1.6666669845581055,1.6745829582214355,1.597499966621399,1.605417013168335,1.526289463043213,138916800
2014-08-01,1.5954170227050781,1.621250033378601,1.5552079677581787,1.5868749618530273,1.5086613893508911,172324800
2014-08-04,1.597499966621399,1.638124942779541,1.5795830488204956,1.6193749904632568,1.5395596027374268,144182400
2014-08-05,1.6010420322418213,1.6135419607162476,1.559999942779541,1.5814579725265503,1.5035113096237183,167539200
2014-08-06,1.5520830154418945,1.6070829629898071,1.5481250286102295,1.5787500143051147,1.50093674659729,119299200
2014-08-07,1.599166989326477,1.6091669797897339,1.5466669797897339,1.5635420083999634,1.4864784479141235,153604800
2014-08-08,1.571666955947876,1.6020829677581787,1.5504169464111328,1.5968749523162842,1.518168568611145,124464000
2014-08-11,1.6145830154418945,1.6402080059051514,1.6122920513153076,1.6258330345153809,1.5456992387771606,74352000
2014-08-12,1.6202080249786377,1.6358330249786377,1.5983330011367798,1.6220829486846924,1.542134165763855,90931200
2014-08-13,1.6439579725265503,1.6760419607162476,1.6404169797897339,1.6747920513153076,1.592245101928711,81278400
2014-08-14,1.6804169416427612,1.7012499570846558,1.6747920513153076,1.700624942779541,1.6168047189712524,103089600
2014-08-15,1.7274999618530273,1.7370829582214355,1.6764580011367798,1.7237499952316284,1.6387900114059448,155956800
2014-08-18,1.7504169940948486,1.7697919607162476,1.7447919845581055,1.7654169797897339,1.6784034967422485,79348800
2014-08-19,1.7777080535888672,1.7975000143051147,1.7745829820632935,1.7958329916000366,1.7073203325271606,78628800
2014-08-20,1.7897919416427612,1.8052079677581787,1.7856249809265137,1.7958329916000366,1.7073203325271606,70651200
2014-08-21,1.7985420227050781,1.8072919845581055,1.788957953453064,1.806041955947876,1.7170261144638062,67900800
2014-08-22,1.8066669702529907,1.8270829916000366,1.7956249713897705,1.8131250143051147,1.7237601280212402,76814400
2014-08-25,1.840000033378601,1.8481249809265137,1.8200000524520874,1.8333330154418945,1.7429720163345337,67977600
2014-08-26,1.8408329486846924,1.8443750143051147,1.8260420560836792,1.8395830392837524,1.7489140033721924,41716800
2014-08-27,1.8408329486846924,1.8456250429153442,1.8274999856948853,1.839792013168335,1.7491124868392944,36715200
2014-08-28,1.8214579820632935,1.8391669988632202,1.8141670227050781,1.8322919607162476,1.7419822216033936,64838400
2014-08-29,1.8460420370101929,1.8537499904632568,1.8254170417785645,1.8537499904632568,1.7623828649520874,52272000
2014-09-02,1.8679169416427612,1.8706250190734863,1.8466670513153076,1.8691669702529907,1.777039885520935,64300800
2014-09-03,1.882707953453064,1.8839579820632935,1.8262499570846558,1.8370829820632935,1.7465369701385498,82636800
2014-09-04,1.8493750095367432,1.8770829439163208,1.8172919750213623,1.8312499523162842,1.7409918308258057,82084800
2014-09-05,1.840000033378601,1.8612500429153442,1.8110419511795044,1.8595830202102661,1.7679280042648315,83227200
2014-09-08,1.8591669797897339,1.882917046546936,1.8431249856948853,1.8689579963684082,1.776841163635254,70872000
2014-09-09,1.868749976158142,1.8902080059051514,1.8118749856948853,1.8235419988632202,1.733663558959961,129393600
2014-09-10,1.8300000429153442,1.8691669702529907,1.8141670227050781,1.865833044052124,1.7738699913024902,72417600
2014-09-11,1.8429169654846191,1.8654170036315918,1.821666955947876,1.8643749952316284,1.7724839448928833,119318400
2014-09-12,1.8583329916000366,1.859375,1.8168749809265137,1.8350000381469727,1.7445569038391113,113740800
2014-09-15,1.840000033378601,1.8410420417785645,1.7643749713897705,1.7797919511795044,1.69206964969635,128486400
2014-09-16,1.7610419988632202,1.8370829820632935,1.7552080154418945,1.8279169797897339,1.7378228902816772,126892800
2014-09-17,1.8260420560836792,1.8604170083999634,1.8037500381469727,1.8368749618530273,1.7463394403457642,113553600
2014-09-18,1.8524999618530273,1.8770829439163208,1.8466670513153076,1.8764580488204956,1.7839716672897339,79512000
2014-09-19,1.9018750190734863,1.9018750190734863,1.8508330583572388,1.8722920417785645,1.780010461807251,110217600
2014-09-22,1.8595830202102661,1.8595830202102661,1.7970830202102661,1.8214579820632935,1.7316820621490479,108177600
2014-09-23,1.7987500429153442,1.8304170370101929,1.7941670417785645,1.8056249618530273,1.7166295051574707,100800000
2014-09-24,1.8097920417785645,1.865625023841858,1.793125033378601,1.8641669750213623,1.772286295890808,116582400
2014-09-25,1.8447920083999634,1.8522919416427612,1.7441669702529907,1.7458330392837524,1.6597845554351807,212798400
2014-09-26,1.7637499570846558,1.8104170560836792,1.7547919750213623,1.8016669750213623,1.7128666639328003,148252800
2014-09-29,1.747499942779541,1.8089580535888672,1.744583010673523,1.7956249713897705,1.707122802734375,114537600
2014-09-30,1.8104170560836792,1.8300000429153442,1.7770830392837524,1.802291989326477,1.713460922241211,154094400
2014-10-01,1.7881250381469727,1.7916669845581055,1.699167013168335,1.7160420417785645,1.6314622163772583,213480000
2014-10-02,1.7141669988632202,1.7310420274734497,1.649999976158142,1.7152080535888672,1.6306689977645874,217972800
2014-10-03,1.7450000047683716,1.7870830297470093,1.7274999618530273,1.7668750286102295,1.679789662361145,153676800
2014-10-06,1.7804169654846191,1.7949999570846558,1.7385419607162476,1.7547919750213623,1.6683019399642944,147307200
2014-10-07,1.7293750047683716,1.7443749904632568,1.6791670322418213,1.6806249618530273,1.5977908372879028,163651200
2014-10-08,1.6839580535888672,1.793125033378601,1.652500033378601,1.7777080535888672,1.6900888681411743,213129600
2014-10-09,1.7708330154418945,1.7833329439163208,1.682083010673523,1.6891670227050781,1.6059117317199707,223022400
2014-10-10,1.6595829725265503,1.6893750429153442,1.5627080202102661,1.5627080202102661,1.4856855869293213,296428800
2014-10-13,1.556249976158142,1.591249942779541,1.4866670370101929,1.4895830154418945,1.416164517402649,273302400
2014-10-14,1.5202080011367798,1.5477080345153809,1.477916955947876,1.492292046546936,1.4187403917312622,370809600
2014-10-15,1.4229170083999634,1.4802080392837524,1.359375,1.4604170322418213,1.3884360790252686,485097600
2014-10-16,1.3691669702529907,1.4714579582214355,1.3677079677581787,1.4377080202102661,1.3668466806411743,335961600
2014-10-17,1.4914580583572388,1.5318750143051147,1.4660420417785645,1.4939579963684082,1.4203239679336548,264350400
2014-10-20,1.4885419607162476,1.5610419511795044,1.4816670417785645,1.5583330392837524,1.4815261363983154,154464000
2014-10-21,1.6143749952316284,1.6802079677581787,1.6041669845581055,1.6802079677581787,1.5973942279815674,211699200
2014-10-22,1.6960419416427612,1.7022919654846191,1.650833010673523,1.6541670560836792,1.5726368427276611,187920000
2014-10-23,1.7041670083999634,1.7560420036315918,1.695207953453064,1.7297919988632202,1.6445344686508179,169886400
2014-10-24,1.7370829582214355,1.7737499475479126,1.71875,1.769582986831665,1.6823641061782837,170563200
2014-10-27,1.760208010673523,1.783750057220459,1.738332986831665,1.7762500047683716,1.6887022256851196,138244800
2014-10-28,1.7979170083999634,1.855625033378601,1.7949999570846558,1.855625033378601,1.7641656398773193,159686400
2014-10-29,1.8364579677581787,1.8506250381469727,1.7947920560836792,1.8333330154418945,1.7429720163345337,179404800
2014-10-30,1.8089580535888672,1.8577079772949219,1.796875,1.8447920083999634,1.7538660764694214,161985600
2014-10-31,1.9377080202102661,1.9404170513153076,1.9027080535888672,1.9208329916000366,1.8261593580245972,176371200
2014-11-03,1.9306249618530273,1.9539580345153809,1.9233330488204956,1.9406249523162842,1.8449755907058716,140961600
2014-11-04,1.9189579486846924,1.9341670274734497,1.8795830011367798,1.9199999570846558,1.8253675699234009,138648000
2014-11-05,1.9554170370101929,1.9574999809265137,1.8995829820632935,1.9197920560836792,1.8251696825027466,138744000
2014-11-06,1.9168750047683716,1.9387500286102295,1.894374966621399,1.9362499713897705,1.8408161401748657,97272000
2014-11-07,1.9479169845581055,1.9500000476837158,1.902500033378601,1.9314579963684082,1.836260437965393,110812800
2014-11-10,1.9341670274734497,1.9600000381469727,1.9191670417785645,1.9512499570846558,1.8550770282745361,103372800
2014-11-11,1.9541670083999634,1.9700000286102295,1.9379169940948486,1.9697920083999634,1.872705101966858,105619200
2014-11-12,1.946666955947876,1.986875057220459,1.946666955947876,1.980625033378601,1.8830041885375977,96201600
2014-11-13,1.9914580583572388,2.0285420417785645,1.9787499904632568,2.006042003631592,1.9071687459945679,182164800
2014-11-14,2.005000114440918,2.024583101272583,1.9850000143051147,2.024583101272583,1.9247959852218628,114816000
2014-11-17,2.0102078914642334,2.024167060852051,1.978124976158142,2.005625009536743,1.9067720174789429,141355200
2014-11-18,2.0118749141693115,2.059375047683716,2.011667013168335,2.0506250858306885,1.9495539665222168,111820800
2014-11-19,2.0447919368743896,2.0447919368743896,1.9958330392837524,2.024583101272583,1.9247959852218628,148809600
2014-11-20,1.9977079629898071,2.0556249618530273,1.9927079677581787,2.0514578819274902,1.9503458738327026,99556800
2014-11-21,2.105833053588867,2.110832929611206,2.043333053588867,2.0662500858306885,1.9644088745117188,152947200
2014-11-24,2.0799999237060547,2.1137499809265137,2.074167013168335,2.112916946411133,2.008775472640991,126206400
2014-11-25,2.1204171180725098,2.1393749713897705,2.104374885559082,2.1197919845581055,2.0153119564056396,151536000
2014-11-26,2.126667022705078,2.165416955947876,2.1197919845581055,2.1631250381469727,2.056509256362915,105633600
2014-11-28,2.1806249618530273,2.206666946411133,2.17520809173584,2.1954169273376465,2.087209463119507,72571200
2014-12-01,2.17520809173584,2.185832977294922,2.0924999713897705,2.114375114440918,2.010161876678467,156187200
2014-12-02,2.1247920989990234,2.153125047683716,2.1097919940948486,2.137083053588867,2.0317506790161133,129892800
2014-12-03,2.152292013168335,2.162292003631592,2.1139578819274902,2.1564579010009766,2.0501708984375,131942400
2014-12-04,2.1468749046325684,2.175832986831665,2.123958110809326,2.1500000953674316,2.0440311431884766,154036800
2014-12-05,2.162708044052124,2.171041965484619,2.13729190826416,2.1514580249786377,2.045417547225952,113630400
2014-12-08,2.1337499618530273,2.162292003631592,2.0712499618530273,2.1050000190734863,2.001249313354492,169281600
2014-12-09,2.030208110809326,2.128541946411133,2.0087499618530273,2.1254169940948486,2.020660400390625,170688000
2014-12-10,2.112916946411133,2.12833309173584,2.013124942779541,2.0225000381469727,1.9228155612945557,134529600
2014-12-11,2.0416669845581055,2.125,2.040208101272583,2.0541670322418213,1.952921748161316,136032000
2014-12-12,1.9939579963684082,2.0637500286102295,1.9856250286102295,1.9862500429153442,1.8883519172668457,153787200
2014-12-15,2.0158329010009766,2.037916898727417,1.9068750143051147,1.9266669750213623,1.8317058086395264,235948800
2014-12-16,1.8883329629898071,1.972707986831665,1.8302079439163208,1.8310420513153076,1.7407939434051514,212856000
2014-12-17,1.834583044052124,1.946666955947876,1.828125,1.9293750524520874,1.8342806100845337,182726400
2014-12-18,2.014167070388794,2.0708329677581787,1.9979170560836792,2.0708329677581787,1.9687663316726685,186744000
2014-12-19,2.077083110809326,2.122499942779541,2.0625,2.0939579010009766,1.9907511472702026,154828800
2014-12-22,2.087291955947876,2.1145830154418945,2.0835421085357666,2.112916946411133,2.009115219116211,110457600
2014-12-23,2.1362500190734863,2.136457920074463,2.0824999809265137,2.092708110809326,1.9898995161056519,115920000
2014-12-24,2.099375009536743,2.118957996368408,2.0933330059051514,2.09708309173584,1.994059443473816,43982400
2014-12-26,2.112499952316284,2.1524999141693115,2.1122920513153076,2.139583110809326,2.0344715118408203,86088000
2014-12-29,2.1337499618530273,2.1516671180725098,2.129167079925537,2.140000104904175,2.0348684787750244,62328000
2014-12-30,2.118957996368408,2.134166955947876,2.086250066757202,2.0958330631256104,1.9928704500198364,123859200
2014-12-31,2.104374885559082,2.1302080154418945,2.0210421085357666,2.030208110809326,1.9304695129394531,117091200
2015-01-02,2.059375047683716,2.0860419273376465,1.9824999570846558,2.0135419368743896,1.9146225452423096,122227200
2015-01-05,1.984375,1.9916670322418213,1.90625,1.9229170083999634,1.8284497261047363,127017600
2015-01-06,1.929792046546936,1.9410419464111328,1.820207953453064,1.8466670513153076,1.7559458017349243,168643200
2015-01-07,1.8818750381469727,1.9299999475479126,1.8691669702529907,1.9177080392837524,1.8234963417053223,137467200
2015-01-08,1.9670829772949219,2.0385420322418213,1.9604170322418213,2.027082920074463,1.9274982213974,144936000
2015-01-09,2.046041965484619,2.048332929611206,1.9522919654846191,1.9860420227050781,1.8884735107421875,181420800
2015-01-12,1.9993749856948853,2.0045828819274902,1.9091670513153076,1.9249999523162842,1.830430269241333,165254400
2015-01-13,1.9793750047683716,2.041249990463257,1.8770829439163208,1.9233330488204956,1.8288453817367554,199708800
2015-01-14,1.8622920513153076,1.919374942779541,1.8404170274734497,1.8937499523162842,1.800715446472168,216148800
2015-01-15,1.915416955947876,1.9260419607162476,1.8106249570846558,1.8185420036315918,1.729202389717102,196012800
2015-01-16,1.8095829486846924,1.8879170417785645,1.800624966621399,1.8833329677581787,1.790810227394104,141796800
2015-01-20,1.9149999618530273,1.9389580488204956,1.8508330583572388,1.9249999523162842,1.830430269241333,141892800
2015-01-21,1.9075000286102295,1.9808330535888672,1.8883329629898071,1.9545830488204956,1.8585600852966309,133531200
2015-01-22,1.9791669845581055,2.0687499046325684,1.9266669750213623,2.063333034515381,1.9619675874710083,162657600
2015-01-23,2.063333034515381,2.0956249237060547,2.0445830821990967,2.077083110809326,1.9750422239303589,142358400
2015-01-26,2.0708329677581787,2.081249952316284,2.037916898727417,2.072499990463257,1.9706840515136719,100804800
2015-01-27,1.9739580154418945,1.975208044052124,1.8883329629898071,1.9120830297470093,1.8181477785110474,223987200
2015-01-28,1.9997919797897339,2.0062499046325684,1.8779170513153076,1.8791669607162476,1.786849021911621,188928000
2015-01-29,1.8727079629898071,1.942916989326477,1.8250000476837158,1.933542013168335,1.838552713394165,176558400
2015-01-30,1.9268749952316284,1.9718749523162842,1.880416989326477,1.8891669511795044,1.7963576316833496,218222400
2015-02-02,1.8993749618530273,1.9416669607162476,1.8120830059051514,1.9387500286102295,1.8435050249099731,198844800
2015-02-03,1.9550000429153442,1.9964580535888672,1.9204169511795044,1.9916670322418213,1.893822431564331,182332800
2015-02-04,1.9666670560836792,2.0266671180725098,1.9545830488204956,1.9864579439163208,1.8888691663742065,124632000
2015-02-05,2.000624895095825,2.041874885559082,1.988332986831665,2.0391669273376465,1.9389883279800415,100324800
2015-02-06,2.047916889190674,2.061458110809326,1.9797919988632202,2.0020830631256104,1.9037264585494995,123528000
2015-02-09,1.978124976158142,2.009582996368408,1.9677079916000366,1.9800000190734863,1.8827283382415771,95793600
2015-02-10,2.016458034515381,2.082292079925537,2.0054171085357666,2.07479190826416,1.9728636741638184,119256000
2015-02-11,2.082292079925537,2.110832929611206,2.069582939147949,2.0981249809265137,1.995050311088562,121852800
2015-02-12,2.1358330249786377,2.1722919940948486,2.128541946411133,2.1714580059051514,2.0647804737091064,153100800
2015-02-13,2.1887500286102295,2.2266669273376465,2.1770830154418945,2.226249933242798,2.116880416870117,120897600
2015-02-17,2.225832939147949,2.236042022705078,2.209791898727417,2.2322919368743896,2.1226255893707275,82728000
2015-02-18,2.224792003631592,2.2445828914642334,2.214582920074463,2.241874933242798,2.1317384243011475,70478400
2015-02-19,2.2364580631256104,2.2789580821990967,2.235416889190674,2.275624990463257,2.163830280303955,75590400
2015-02-20,2.2702078819274902,2.323957920074463,2.2487499713897705,2.3193750381469727,2.205430507659912,90772800
2015-02-23,2.3179171085357666,2.328749895095825,2.3014578819274902,2.3285419940948486,2.2141473293304443,78974400
2015-02-24,2.3183329105377197,2.340208053588867,2.2972919940948486,2.3333330154418945,2.218703508377075,104601600
2015-02-25,2.321042060852051,2.3485419750213623,2.299375057220459,2.3145830631256104,2.200873613357544,112550400
2015-02-26,2.3212499618530273,2.352708101272583,2.3020830154418945,2.349792003631592,2.234353542327881,116337600
2015-02-27,2.34708309173584,2.351249933242798,2.307499885559082,2.3187499046325684,2.204836845397949,88790400
2015-03-02,2.331249952316284,2.383125066757202,2.3302080631256104,2.3812499046325684,2.264265775680542,89044800
2015-03-03,2.360416889190674,2.366874933242798,2.302917003631592,2.34708309173584,2.2317779064178467,128390400
2015-03-04,2.32479190826416,2.3343749046325684,2.281874895095825,2.321042060852051,2.2070159912109375,116640000
2015-03-05,2.338749885559082,2.3531250953674316,2.3041670322418213,2.331249952316284,2.2167229652404785,92347200
2015-03-06,2.324583053588867,2.337291955947876,2.235208034515381,2.251041889190674,2.1404542922973633,149726400
2015-03-09,2.267082929611206,2.288749933242798,2.238542079925537,2.272707939147949,2.161055564880371,113270400
2015-03-10,2.222707986831665,2.2239580154418945,2.1458330154418945,2.1468749046325684,2.041405439376831,191966400
2015-03-11,2.152708053588867,2.162708044052124,2.106250047683716,2.1091670989990234,2.005549669265747,223152000
2015-03-12,2.1031250953674316,2.157291889190674,2.099375009536743,2.149583101272583,2.043980360031128,122390400
2015-03-13,2.14395809173584,2.169374942779541,2.081666946411133,2.121875047683716,2.0176331996917725,198115200
2015-03-16,2.1454169750213623,2.204166889190674,2.1383330821990967,2.203125,2.0948917865753174,114960000
2015-03-17,2.18416690826416,2.2239580154418945,2.1697919368743896,2.21541690826416,2.1065800189971924,97363200
2015-03-18,2.196458101272583,2.3087499141693115,2.1614580154418945,2.2791669368743896,2.1671974658966064,167822400
2015-03-19,2.2870829105377197,2.3072919845581055,2.2760419845581055,2.290208101272583,2.177696943283081,111384000
2015-03-20,2.344791889190674,2.3672919273376465,2.3327078819274902,2.337707996368408,2.22286319732666,104812800
2015-03-23,2.3304169178009033,2.3489580154418945,2.3179171085357666,2.318125009536743,2.2042417526245117,99235200
2015-03-24,2.3177080154418945,2.350832939147949,2.293333053588867,2.2945830821990967,2.181856870651245,92980800
2015-03-25,2.306457996368408,2.3102080821990967,2.1343750953674316,2.1343750953674316,2.029722213745117,175886400
2015-03-26,2.084167003631592,2.150624990463257,2.0627079010009766,2.116874933242798,2.013079881668091,196560000
2015-03-27,2.11270809173584,2.154582977294922,2.1039578914642334,2.13729190826416,2.0324954986572266,98544000
2015-03-30,2.180417060852051,2.2183330059051514,2.178957939147949,2.2141671180725098,2.1056015491485596,151214400
2015-03-31,2.193958044052124,2.208125114440918,2.141458034515381,2.145625114440918,2.0404205322265625,124507200
2015-04-01,2.1427080631256104,2.1427080631256104,2.0677080154418945,2.109375,2.0059473514556885,175876800
2015-04-02,2.113542079925537,2.1333329677581787,2.092708110809326,2.112916946411133,2.0093157291412354,110577600
2015-04-06,2.07479190826416,2.1820828914642334,2.066041946411133,2.163749933242798,2.057657241821289,150945600
2015-04-07,2.1610419750213623,2.2083330154418945,2.1535420417785645,2.153749942779541,2.048146963119507,114691200
2015-04-08,2.155416965484619,2.2135419845581055,2.154582977294922,2.2049999237060547,2.096883773803711,169142400
2015-04-09,2.2029170989990234,2.2477080821990967,2.178957939147949,2.246042013168335,2.135913372039795,110928000
2015-04-10,2.2456250190734863,2.273750066757202,2.2289578914642334,2.2729170322418213,2.161470651626587,113385600
2015-04-13,2.2789580821990967,2.3129169940948486,2.2481250762939453,2.256042003631592,2.145423412322998,115200000
2015-04-14,2.251041889190674,2.2679169178009033,2.1985421180725098,2.2366669178009033,2.1269984245300293,168974400
2015-04-15,2.2558329105377197,2.2925000190734863,2.245832920074463,2.276249885559082,2.164640426635742,95356800
2015-04-16,2.2608330249786377,2.280416965484619,2.2502079010009766,2.2683329582214355,2.157111644744873,90888000
2015-04-17,2.203749895095825,2.222291946411133,2.1337499618530273,2.162292003631592,2.0562703609466553,186427200
2015-04-20,2.195625066757202,2.270625114440918,2.1920828819274902,2.258958101272583,2.1481964588165283,142195200
2015-04-21,2.2991669178009033,2.309999942779541,2.280416965484619,2.287916898727417,2.1757352352142334,127387200
2015-04-22,2.3056249618530273,2.3364579677581787,2.2618749141693115,2.325000047683716,2.2110002040863037,121915200
2015-04-23,2.302917003631592,2.3829169273376465,2.3006250858306885,2.352916955947876,2.237548589706421,131001600
2015-04-24,2.425416946411133,2.4568750858306885,2.4149999618530273,2.444999933242798,2.3251166343688965,142416000
2015-04-27,2.4749999046325684,2.4881250858306885,2.4131250381469727,2.429374933242798,2.3102569580078125,161160000
2015-04-28,2.43416690826416,2.4479169845581055,2.3531250953674316,2.4135420322418213,2.295200824737549,171753600
2015-04-29,2.3731250762939453,2.415416955947876,2.3293750286102295,2.367500066757202,2.2514164447784424,193953600
2015-04-30,2.328125,2.3572919368743896,2.2210419178009033,2.2562499046325684,2.145620822906494,308169600
2015-05-01,2.282083034515381,2.3495829105377197,2.28125,2.3475000858306885,2.2323973178863525,190012800
2015-05-04,2.366874933242798,2.400624990463257,2.3531250953674316,2.355833053588867,2.240321397781372,131971200
2015-05-05,2.3293750286102295,2.342292070388794,2.238542079925537,2.2441670894622803,2.1341309547424316,280694400
2015-05-06,2.253541946411133,2.2729170322418213,2.150207996368408,2.1962499618530273,2.0885627269744873,213398400
2015-05-07,2.193958044052124,2.252500057220459,2.188333034515381,2.2339580059051514,2.124422550201416,168619200
2015-05-08,2.303333044052124,2.332292079925537,2.292917013168335,2.31583309173584,2.202282667160034,178377600
2015-05-11,2.3222920894622803,2.336667060852051,2.2858328819274902,2.290416955947876,2.178112745285034,139027200
2015-05-12,2.249375104904175,2.2939579486846924,2.198124885559082,2.2608330249786377,2.149979591369629,190334400
2015-05-13,2.290208101272583,2.324167013168335,2.263124942779541,2.2725000381469727,2.161074161529541,132499200
2015-05-14,2.3293750286102295,2.3779170513153076,2.303333044052124,2.3731250762939453,2.256765604019165,176832000
2015-05-15,2.3918750286102295,2.4004170894622803,2.3550000190734863,2.3729169368743896,2.2565677165985107,146505600
2015-05-18,2.3612499237060547,2.416874885559082,2.355417013168335,2.402082920074463,2.2843031883239746,110587200
2015-05-19,2.4114580154418945,2.4216670989990234,2.383958101272583,2.3952078819274902,2.2777655124664307,98577600
2015-05-20,2.400624990463257,2.4422919750213623,2.361875057220459,2.399167060852051,2.2815303802490234,111264000
2015-05-21,2.387500047683716,2.446042060852051,2.376667022705078,2.436875104904175,2.317389488220215,92222400
2015-05-22,2.428541898727417,2.455625057220459,2.4237499237060547,2.4302079677581787,2.311049699783325,79819200
2015-05-26,2.412916898727417,2.422916889190674,2.3170828819274902,2.3460419178009033,2.2310101985931396,140457600
2015-05-27,2.366457939147949,2.466249942779541,2.351875066757202,2.4589579105377197,2.3383901119232178,134289600
2015-05-28,2.443958044052124,2.461250066757202,2.419374942779541,2.44083309173584,2.3211536407470703,90643200
2015-05-29,2.436666965484619,2.4472920894622803,2.381666898727417,2.399583101272583,2.2819266319274902,106060800
2015-06-01,2.4372920989990234,2.441457986831665,2.363332986831665,2.4206249713897705,2.3019368648529053,137160000
2015-06-02,2.3952078819274902,2.434375047683716,2.3597919940948486,2.3985419273376465,2.2809360027313232,131462400
2015-06-03,2.4327080249786377,2.447499990463257,2.40291690826416,2.4195830821990967,2.3009462356567383,117067200
2015-06-04,2.380000114440918,2.425416946411133,2.342916965484619,2.366874933242798,2.250822067260742,185702400
2015-06-05,2.3564579486846924,2.3731250762939453,2.3056249618530273,2.3489580154418945,2.233783721923828,138590400
2015-06-08,2.344374895095825,2.3499999046325684,2.2627079486846924,2.277082920074463,2.1654322147369385,144422400
2015-06-09,2.2604169845581055,2.2895829677581787,2.2139580249786377,2.2658329010009766,2.1547343730926514,153000000
2015-06-10,2.287916898727417,2.377500057220459,2.2808330059051514,2.3556249141693115,2.2401230335235596,154766400
2015-06-11,2.3808329105377197,2.400624990463257,2.3556249141693115,2.368541955947876,2.2524070739746094,117081600
2015-06-12,2.329792022705078,2.344791889190674,2.3006250858306885,2.308332920074463,2.195150375366211,120897600
2015-06-15,2.2579169273376465,2.2860419750213623,2.2183330059051514,2.2764580249786377,2.1648380756378174,200884800
2015-06-16,2.266249895095825,2.323124885559082,2.264583110809326,2.3112499713897705,2.1979241371154785,101265600
2015-06-17,2.323957920074463,2.3535420894622803,2.2864580154418945,2.330625057220459,2.216348886489868,168388800
2015-06-18,2.350208044052124,2.444166898727417,2.348750114440918,2.4291670322418213,2.3100593090057373,162628800
2015-06-19,2.436042070388794,2.442500114440918,2.392082929611206,2.392082929611206,2.2747933864593506,84628800
2015-06-22,2.44979190826416,2.4714579582214355,2.433542013168335,2.44979190826416,2.3296725749969482,131716800
2015-06-23,2.4583330154418945,2.4625000953674316,2.4247920513153076,2.4558329582214355,2.3354179859161377,114907200
2015-06-24,2.446458101272583,2.4774999618530273,2.415832996368408,2.4181249141693115,2.2995588779449463,84902400
2015-06-25,2.4452080726623535,2.4527080059051514,2.3910419940948486,2.402292013168335,2.284501791000366,85204800
2015-06-26,2.400207996368408,2.417707920074463,2.3283329010009766,2.357707977294922,2.2421035766601562,131904000
2015-06-29,2.274583101272583,2.316667079925537,2.186458110809326,2.191041946411133,2.0836105346679688,273744000
2015-06-30,2.2366669178009033,2.251041889190674,2.191457986831665,2.2160420417785645,2.1073849201202393,176793600
2015-07-01,2.2760419845581055,2.290416955947876,2.233333110809326,2.261457920074463,2.150573492050171,141624000
2015-07-02,2.281874895095825,2.2891669273376465,2.2452080249786377,2.2699999809265137,2.1586968898773193,105523200
2015-07-06,2.2231249809265137,2.2885420322418213,2.2083330154418945,2.250833034515381,2.140469551086426,131808000
2015-07-07,2.2572920322418213,2.2729170322418213,2.133542060852051,2.26229190826416,2.1513664722442627,250329600
2015-07-08,2.217292070388794,2.225832939147949,2.1358330249786377,2.1489579677581787,2.0435898303985596,184881600
2015-07-09,2.2356250286102295,2.237916946411133,2.1427080631256104,2.1427080631256104,2.0376462936401367,125260800
2015-07-10,2.2249999046325684,2.266666889190674,2.2058329582214355,2.2422919273376465,2.1323468685150146,123259200
2015-07-13,2.2989580631256104,2.365833044052124,2.298542022705078,2.356874942779541,2.241312026977539,104860800
2015-07-14,2.3702080249786377,2.42520809173584,2.366457939147949,2.4041669368743896,2.286285161972046,102201600
2015-07-15,2.417917013168335,2.441667079925537,2.3933329582214355,2.4156250953674316,2.2971816062927246,119140800
2015-07-16,2.4739580154418945,2.516666889190674,2.459167003631592,2.509999990463257,2.3869290351867676,139680000
2015-07-17,2.5760419368743896,2.625,2.5643749237060547,2.6247920989990234,2.4960927963256836,143328000
2015-07-20,2.646667003631592,2.6829171180725098,2.6195828914642334,2.6541669368743896,2.5240273475646973,95889600
2015-07-21,2.6583330631256104,2.6689579486846924,2.625833034515381,2.6468749046325684,2.5170931816101074,87408000
2015-07-22,2.52791690826416,2.596874952316284,2.5274999141693115,2.559999942779541,2.4344775676727295,108388800
2015-07-23,2.567500114440918,2.591249942779541,2.5104169845581055,2.5293750762939453,2.4053544998168945,96782400
2015-07-24,2.568958044052124,2.57479190826416,2.4454169273376465,2.4574999809265137,2.337003231048584,106473600
2015-07-27,2.413749933242798,2.445625066757202,2.379167079925537,2.3943750858306885,2.2769734859466553,120624000
2015-07-28,2.428541898727417,2.4710419178009033,2.369374990463257,2.4574999809265137,2.337003231048584,155596800
2015-07-29,2.471874952316284,2.500624895095825,2.444166898727417,2.484999895095825,2.363154888153076,121737600
2015-07-30,2.467292070388794,2.5316669940948486,2.422916889190674,2.519582986831665,2.3960421085357666,137044800
2015-07-31,2.542707920074463,2.546875,2.4945828914642334,2.5118749141693115,2.388712167739868,109036800
2015-08-03,2.5133330821990967,2.5325000286102295,2.4375,2.4887499809265137,2.3667211532592773,147734400
2015-08-04,2.4816670417785645,2.4962499141693115,2.4412500858306885,2.472707986831665,2.3514654636383057,141350400
2015-08-05,2.5137500762939453,2.578749895095825,2.505625009536743,2.530625104904175,2.406543016433716,127411200
2015-08-06,2.5356249809265137,2.5466670989990234,2.374375104904175,2.4091670513153076,2.2910406589508057,175296000
2015-08-07,2.390625,2.4160420894622803,2.3391671180725098,2.399583101272583,2.2819266319274902,160176000
2015-08-10,2.4447920322418213,2.49666690826416,2.4447920322418213,2.4806249141693115,2.358994722366333,133804800
2015-08-11,2.440624952316284,2.470207929611206,2.345417022705078,2.3860421180725098,2.2690489292144775,173289600
2015-08-12,2.3379170894622803,2.424375057220459,2.2602078914642334,2.407083034515381,2.2890584468841553,224347200
2015-08-13,2.4166669845581055,2.4510419368743896,2.382499933242798,2.396250009536743,2.2787563800811768,140659200
2015-08-14,2.3802080154418945,2.418750047683716,2.3670830726623535,2.4091670513153076,2.2910406589508057,145982400
2015-08-17,2.390625,2.470207929611206,2.3729169368743896,2.4683330059051514,2.3473050594329834,125356800
2015-08-18,2.4543750286102295,2.464582920074463,2.421250104904175,2.428957939147949,2.309860944747925,108998400
2015-08-19,2.40625,2.446666955947876,2.3408329486846924,2.3833329677581787,2.2664730548858643,235516800
2015-08-20,2.316667079925537,2.3389580249786377,2.183542013168335,2.1870830059051514,2.079846143722534,300019200
2015-08-21,2.09375,2.1468749046325684,1.9149999618530273,1.9149999618530273,1.8211030960083008,380289600
2015-08-24,1.5635420083999634,1.9058330059051514,1.3604170083999634,1.6881250143051147,1.6053524017333984,392716800
2015-08-25,1.8645830154418945,1.898542046546936,1.6583329439163208,1.6658329963684082,1.5841532945632935,289665600
2015-08-26,1.8081250190734863,1.9202079772949219,1.7014579772949219,1.90625,1.8127824068069458,285019200
2015-08-27,1.9958330392837524,2.059375047683716,1.9235420227050781,2.0552079677581787,1.9544367790222168,485952000
2015-08-28,2.0225000381469727,2.075000047683716,2.009166955947876,2.053541898727417,1.9528521299362183,214094400
2015-08-31,2.019792079925537,2.0531249046325684,1.962499976158142,1.9772919416427612,1.880340814590454,206870400
2015-09-01,1.8287500143051147,1.919374942779541,1.7672920227050781,1.7979170083999634,1.7097610235214233,313862400
2015-09-02,1.8891669511795044,1.9441670179367065,1.8268749713897705,1.9441670179367065,1.8488398790359497,180278400
2015-09-03,1.9679169654846191,2.0058329105377197,1.898332953453064,1.9120830297470093,1.8183292150497437,223224000
2015-09-04,1.8354170322418213,1.884166955947876,1.8143750429153442,1.8481249809265137,1.7575072050094604,279643200
2015-09-08,1.9529169797897339,2.0093750953674316,1.929792046546936,2.005000114440918,1.9066904783248901,225350400
2015-09-09,2.0737500190734863,2.07479190826416,1.9191670417785645,1.9352079629898071,1.840320348739624,281284800
2015-09-10,1.927291989326477,2.0360419750213623,1.9204169511795044,1.9970829486846924,1.8991615772247314,247161600
2015-09-11,1.9704170227050781,2.0293750762939453,1.953125,2.0293750762939453,1.929870367050171,189720000
2015-09-14,2.0520830154418945,2.0527079105377197,1.9891669750213623,2.0112500190734863,1.9126341342926025,176664000
2015-09-15,2.026249885559082,2.101875066757202,2.004167079925537,2.08145809173584,1.9793996810913086,152654400
2015-09-16,2.085624933242798,2.123958110809326,2.0625,2.1162500381469727,2.0124857425689697,140414400
2015-09-17,2.1139578819274902,2.215625047683716,2.09375,2.1220829486846924,2.0180325508117676,242361600
2015-09-18,2.024791955947876,2.1045830249786377,2.0202078819274902,2.032291889190674,1.9326443672180176,272342400
2015-09-21,2.063333034515381,2.0991671085357666,1.9947919845581055,2.0495829582214355,1.9490872621536255,200313600
2015-09-22,1.9547920227050781,1.9770829677581787,1.9016669988632202,1.9591670036315918,1.8631045818328857,283795200
2015-09-23,1.9729169607162476,1.988332986831665,1.931249976158142,1.962291955947876,1.8660767078399658,223761600
2015-09-24,1.9043749570846558,1.9620829820632935,1.8541669845581055,1.9395829439163208,1.8444809913635254,293836800
2015-09-25,2.0054171085357666,2.008125066757202,1.8547919988632202,1.8925000429153442,1.7997064590454102,283824000
2015-09-28,1.8662500381469727,1.869583010673523,1.7127079963684082,1.7293750047683716,1.6445798873901367,360057600
2015-09-29,1.7418750524520874,1.7947920560836792,1.6649999618530273,1.7037500143051147,1.6202116012573242,365750400
2015-09-30,1.7745829820632935,1.8250000476837158,1.7541669607162476,1.816457986831665,1.7273929119110107,333864000
2015-10-01,1.8279169797897339,1.8431249856948853,1.7558330297470093,1.8418749570846558,1.7515636682510376,219264000
2015-10-02,1.7679170370101929,1.9397920370101929,1.75,1.9375,1.8424999713897705,317404800
2015-10-05,1.9827079772949219,2.038332939147949,1.9700000286102295,2.0258328914642334,1.9265022277832031,208152000
2015-10-06,2.0110421180725098,2.028749942779541,1.9464579820632935,1.9968750476837158,1.8989640474319458,230121600
2015-10-07,2.0325000286102295,2.0431249141693115,1.9533330202102661,2.0289580821990967,1.929473876953125,253108800
2015-10-08,2.0072920322418213,2.0645830631256104,1.9481250047683716,2.0537500381469727,1.953050136566162,291873600
2015-10-09,2.056457996368408,2.09375,2.040208101272583,2.078749895095825,1.976824164390564,175224000
2015-10-12,2.094583034515381,2.108541965484619,2.071458101272583,2.096250057220459,1.9934663772583008,152539200
2015-10-13,2.0604169368743896,2.124375104904175,2.049999952316284,2.0552079677581787,1.9544367790222168,212966400
2015-10-14,2.055833101272583,2.0868749618530273,2.0199999809265137,2.0464580059051514,1.9461157321929932,183331200
2015-10-15,2.068542003631592,2.1468749046325684,2.0606250762939453,2.1464579105377197,2.041212320327759,214569600
2015-10-16,2.1606249809265137,2.1770830154418945,2.129167079925537,2.1731250286102295,2.0665717124938965,132643200
2015-10-19,2.1631250381469727,2.215625047683716,2.1510419845581055,2.212083101272583,2.1036198139190674,163622400
2015-10-20,2.1987500190734863,2.2135419845581055,2.154582977294922,2.175416946411133,2.068751096725464,145252800
2015-10-21,2.209583044052124,2.2158329486846924,2.134166955947876,2.1404170989990234,2.0354678630828857,176496000
2015-10-22,2.193958044052124,2.272707939147949,2.1756250858306885,2.267292022705078,2.1561214923858643,259752000
2015-10-23,2.4502079486846924,2.4856250286102295,2.4135420322418213,2.4558329582214355,2.3354179859161377,204057600
2015-10-26,2.4527080059051514,2.4766669273376465,2.424999952316284,2.463124990463257,2.3423526287078857,119889600
2015-10-27,2.443125009536743,2.487916946411133,2.441041946411133,2.4791669845581055,2.357607841491699,104462400
2015-10-28,2.490417003631592,2.538332939147949,2.428957939147949,2.5366671085357666,2.4122886657714844,208958400
2015-10-29,2.5037500858306885,2.5395829677581787,2.496458053588867,2.527292013168335,2.4033732414245605,99825600
2015-10-30,2.530625104904175,2.543750047683716,2.492500066757202,2.4927079677581787,2.3704845905303955,120072000
2015-11-02,2.5112500190734863,2.5860419273376465,2.4972920417785645,2.5777080059051514,2.451317310333252,110601600
2015-11-03,2.561875104904175,2.632082939147949,2.549999952316284,2.602292060852051,2.474696397781372,123624000
2015-11-04,2.628124952316284,2.6354169845581055,2.5722920894622803,2.603332996368408,2.4756858348846436,145833600
2015-11-05,2.6112499237060547,2.6304171085357666,2.542917013168335,2.5804169178009033,2.4538934230804443,142252800
2015-11-06,2.569582939147949,2.597291946411133,2.5185420513153076,2.5889580249786377,2.4620156288146973,136248000
2015-11-09,2.558958053588867,2.5693750381469727,2.4579169750213623,2.505625009536743,2.3827693462371826,151315200
2015-11-10,2.465625047683716,2.4931249618530273,2.4437499046325684,2.487916946411133,2.365928888320923,98721600
2015-11-11,2.5068750381469727,2.542707920074463,2.464582920074463,2.476875066757202,2.355428457260132,100828800
2015-11-12,2.444999933242798,2.4822919368743896,2.399583101272583,2.4049999713897705,2.2870776653289795,137928000
2015-11-13,2.3747920989990234,2.3818750381469727,2.259582996368408,2.2635419368743896,2.1525557041168213,197697600
2015-11-16,2.256042003631592,2.3614580631256104,2.2402079105377197,2.357917070388794,2.2423031330108643,185544000
2015-11-17,2.3722920417785645,2.415832996368408,2.346874952316284,2.366041898727417,2.2500295639038086,221414400
2015-11-18,2.3927080631256104,2.5083329677581787,2.386457920074463,2.501667022705078,2.379004716873169,196276800
2015-11-19,2.5058329105377197,2.540416955947876,2.492500066757202,2.5054171085357666,2.38257098197937,103958400
2015-11-20,2.540416955947876,2.5625,2.5341670513153076,2.5552079677581787,2.4299209117889404,101995200
2015-11-23,2.558332920074463,2.5875000953674316,2.5022919178009033,2.53458309173584,2.4103071689605713,112876800
2015-11-24,2.485416889190674,2.5456249713897705,2.446458101272583,2.5266671180725098,2.4027793407440186,132494400
2015-11-25,2.5364580154418945,2.548332929611206,2.518749952316284,2.532291889190674,2.408128261566162,55977600
2015-11-27,2.550416946411133,2.559999942779541,2.518749952316284,2.5414578914642334,2.416844606399536,27206400
2015-11-30,2.5668749809265137,2.5672919750213623,2.5004169940948486,2.5254170894622803,2.40159010887146,93273600
2015-12-01,2.5537500381469727,2.600416898727417,2.5456249713897705,2.600416898727417,2.472912549972534,117043200
2015-12-02,2.605417013168335,2.6404170989990234,2.539792060852051,2.5531249046325684,2.4279394149780273,122092800
2015-12-03,2.5733330249786377,2.584791898727417,2.37833309173584,2.422916889190674,2.3041160106658936,225912000
2015-12-04,2.443542003631592,2.6041669845581055,2.4291670322418213,2.5893750190734863,2.4624123573303223,173289600
2015-12-07,2.59708309173584,2.601875066757202,2.519792079925537,2.5577080249786377,2.432297468185425,138451200
2015-12-08,2.4766669273376465,2.58145809173584,2.4735419750213623,2.5579171180725098,2.4324967861175537,162600000
2015-12-09,2.521667003631592,2.565000057220459,2.3952078819274902,2.4387500286102295,2.3191726207733154,289732800
2015-12-10,2.45645809173584,2.521667003631592,2.434999942779541,2.4733328819274902,2.352059841156006,162926400
2015-12-11,2.3877079486846924,2.406874895095825,2.298332929611206,2.3037500381469727,2.1907918453216553,294873600
2015-12-14,2.3137500286102295,2.3575000762939453,2.2141671180725098,2.355417013168335,2.2399258613586426,232344000
2015-12-15,2.415832996368408,2.458125114440918,2.3887500762939453,2.3954169750213623,2.2779643535614014,191558400
2015-12-16,2.446042060852051,2.5160419940948486,2.3729169368743896,2.5012500286102295,2.378608465194702,196512000
2015-12-17,2.53458309173584,2.5366671085357666,2.39395809173584,2.397083044052124,2.279548406600952,189513600
2015-12-18,2.3712499141693115,2.388124942779541,2.2604169845581055,2.2654170989990234,2.154338836669922,204955200
2015-12-21,2.321458101272583,2.3329169750213623,2.270625114440918,2.3327078819274902,2.218330144882202,128059200
2015-12-22,2.3691670894622803,2.38729190826416,2.3318750858306885,2.3768749237060547,2.260331869125366,134044800
2015-12-23,2.4141669273376465,2.434999942779541,2.4010419845581055,2.4312500953674316,2.312040328979492,109896000
2015-12-24,2.4291670322418213,2.4487500190734863,2.424999952316284,2.4262499809265137,2.307285785675049,48480000
2015-12-28,2.4091670513153076,2.4256250858306885,2.3581249713897705,2.4256250858306885,2.3066914081573486,102672000
2015-12-29,2.467708110809326,2.5545830726623535,2.462707996368408,2.536250114440918,2.4118916988372803,145305600
2015-12-30,2.5316669940948486,2.534791946411133,2.469583034515381,2.4714579582214355,2.3502767086029053,89592000
2015-12-31,2.444582939147949,2.4577078819274902,2.3770830631256104,2.3797919750213623,2.2631053924560547,175905600
2016-01-04,2.221250057220459,2.234375,2.1404170989990234,2.234375,2.1248183250427246,265867200
2016-01-05,2.2604169845581055,2.2693750858306885,2.18416690826416,2.2143750190734863,2.105799436569214,132326400
2016-01-06,2.103749990463257,2.188541889190674,2.100832939147949,2.1549999713897705,2.0493357181549072,243787200
2016-01-07,2.014583110809326,2.09375,1.9470829963684082,1.9500000476837158,1.8543870449066162,340348800
2016-01-08,1.992292046546936,2.0285420417785645,1.8952080011367798,1.9039579629898071,1.8106029033660889,331819200
2016-01-11,1.9435420036315918,1.9589580297470093,1.8312499523162842,1.9206249713897705,1.8264524936676025,336177600
2016-01-12,1.9722919464111328,2.0152080059051514,1.9041670560836792,1.9854170083999634,1.888067603111267,317520000
2016-01-13,2.0093750953674316,2.0233330726623535,1.7708330154418945,1.7777080535888672,1.6905430555343628,413400000
2016-01-14,1.8002079725265503,1.9406249523162842,1.7145830392837524,1.8927079439163208,1.7999041080474854,363417600
2016-01-15,1.7037500143051147,1.7770830392837524,1.644374966621399,1.71875,1.6344757080078125,564715200
2016-01-19,1.7860419750213623,1.7941670417785645,1.6668750047683716,1.7260420322418213,1.64141047000885,259228800
2016-01-20,1.6449999809265137,1.7662500143051147,1.5320830345153809,1.7104170322418213,1.6265515089035034,554697600
2016-01-21,1.731874942779541,1.7918750047683716,1.6637500524520874,1.7166670560836792,1.6324950456619263,338112000
2016-01-22,1.8177080154418945,1.8674999475479126,1.802291989326477,1.8645830154418945,1.7731584310531616,286881600
2016-01-25,1.8479169607162476,1.8768750429153442,1.7770830392837524,1.7806249856948853,1.6933172941207886,277084800
2016-01-26,1.8041670322418213,1.853124976158142,1.757917046546936,1.8314579725265503,1.7416576147079468,243038400
2016-01-27,1.7981250286102295,1.8210419416427612,1.6708329916000366,1.695207953453064,1.6120878458023071,358315200
2016-01-28,1.774791955947876,1.7791670560836792,1.677291989326477,1.7620830535888672,1.675683856010437,315571200
2016-01-29,1.7660419940948486,1.8768750429153442,1.7614580392837524,1.8768750429153442,1.7848478555679321,257716800
2016-02-01,1.846250057220459,1.9112499952316284,1.8260420560836792,1.8875000476837158,1.7949519157409668,228240000
2016-02-02,1.8652080297470093,1.8652080297470093,1.7504169940948486,1.7677079439163208,1.6810332536697388,256867200
2016-02-03,1.8010419607162476,1.8014580011367798,1.6487499475479126,1.7427079677581787,1.657259225845337,471302400
2016-02-04,1.7254170179367065,1.7822920083999634,1.6802079677581787,1.7395830154418945,1.6542874574661255,284035200
2016-02-05,1.7229169607162476,1.7245830297470093,1.5412499904632568,1.5606249570846558,1.4841039180755615,429777600
2016-02-08,1.4735419750213623,1.507917046546936,1.4029170274734497,1.4893749952316284,1.4163475036621094,514963200
2016-02-09,1.4279170036315918,1.541458010673523,1.4212499856948853,1.4720829725265503,1.399903655052185,459494400
2016-02-10,1.5260419845581055,1.5816669464111328,1.4872920513153076,1.4895830154418945,1.4165456295013428,375528000
2016-02-11,1.4333330392837524,1.5189579725265503,1.4204169511795044,1.4860420227050781,1.4131783246994019,477076800
2016-02-12,1.5325000286102295,1.5558329820632935,1.492082953453064,1.549375057220459,1.4734058380126953,316430400
2016-02-16,1.621250033378601,1.652500033378601,1.5910420417785645,1.652500033378601,1.571474313735962,299313600
2016-02-17,1.6943750381469727,1.7756249904632568,1.6791670322418213,1.7666670083999634,1.6800435781478882,365232000
2016-02-18,1.7854169607162476,1.7860419750213623,1.7010420560836792,1.7066669464111328,1.6229853630065918,257899200
2016-02-19,1.6872919797897339,1.7387499809265137,1.6712499856948853,1.7243750095367432,1.6398251056671143,238934400
2016-02-22,1.7712500095367432,1.8118749856948853,1.7662500143051147,1.8058329820632935,1.717288851737976,248265600
2016-02-23,1.7739579677581787,1.7893749475479126,1.7141669988632202,1.7158329486846924,1.6317018270492554,267825600
2016-02-24,1.6577080488204956,1.7729170322418213,1.6258330345153809,1.7668750286102295,1.6802412271499634,350558400
2016-02-25,1.7785420417785645,1.8177080154418945,1.7302080392837524,1.8156249523162842,1.7266011238098145,259598400
2016-02-26,1.8570829629898071,1.8614579439163208,1.7991670370101929,1.8114579916000366,1.7226381301879883,248577600
2016-02-29,1.8072919845581055,1.847707986831665,1.7635420560836792,1.7635420560836792,1.6770716905593872,229968000
2016-03-01,1.8118749856948853,1.9327080249786377,1.7975000143051147,1.9322919845581055,1.837547779083252,311136000
2016-03-02,1.9249999523162842,1.9364579916000366,1.8897919654846191,1.9343750476837158,1.8395284414291382,193972800
2016-03-03,1.9293750524520874,1.931041955947876,1.882707953453064,1.9235420227050781,1.8292264938354492,206596800
2016-03-04,1.9308329820632935,1.9637500047683716,1.888124942779541,1.9268749952316284,1.832396149635315,237844800
2016-03-07,1.896875023841858,1.9306249618530273,1.8493750095367432,1.8910419940948486,1.7983200550079346,189124800
2016-03-08,1.8508330583572388,1.9010419845581055,1.8337500095367432,1.8410420417785645,1.7507719993591309,212563200
2016-03-09,1.865833044052124,1.8795830011367798,1.8333330154418945,1.8762500286102295,1.7842533588409424,208344000
2016-03-10,1.90625,1.9345829486846924,1.7972919940948486,1.8691669702529907,1.7775177955627441,343454400
2016-03-11,1.929582953453064,1.9681249856948853,1.9131250381469727,1.9660420417785645,1.8696426153182983,169660800
2016-03-14,1.9462499618530273,1.992082953453064,1.943958044052124,1.9774999618530273,1.880538821220398,157166400
2016-03-15,1.9574999809265137,1.9816670417785645,1.9377080202102661,1.9762500524520874,1.879350185394287,193118400
2016-03-16,1.9587500095367432,2.04354190826416,1.9587500095367432,2.0266671180725098,1.9272950887680054,176457600
2016-03-17,2.0112500190734863,2.0389580726623535,1.9877079725265503,2.0208330154418945,1.9217467308044434,127507200
2016-03-18,2.0374999046325684,2.0495829582214355,2.0022919178009033,2.0325000286102295,1.9328422546386719,147537600
2016-03-21,2.023750066757202,2.063541889190674,2.019792079925537,2.0566670894622803,1.9558237791061401,136008000
2016-03-22,2.0233330726623535,2.090625047683716,2.0214579105377197,2.075000047683716,1.9732578992843628,127214400
2016-03-23,2.063957929611206,2.068542003631592,2.011457920074463,2.025624990463257,1.9263039827346802,154454400
2016-03-24,1.9927079677581787,2.028749942779541,1.9854170083999634,2.0250000953674316,1.9257099628448486,127022400
2016-03-28,2.045417070388794,2.045833110809326,2.0079169273376465,2.0177080631256104,1.9187754392623901,129384000
2016-03-29,2.006666898727417,2.1187500953674316,1.9968750476837158,2.1141669750213623,2.010504722595215,179793600
2016-03-30,2.152708053588867,2.1856250762939453,2.132082939147949,2.1458330154418945,2.0406181812286377,209884800
2016-03-31,2.1410419940948486,2.1649999618530273,2.126457929611206,2.1333329677581787,2.028730869293213,118521600
2016-04-01,2.100832939147949,2.2068750858306885,2.0889580249786377,2.2043750286102295,2.096290111541748,163022400
2016-04-04,2.2010419368743896,2.2083330154418945,2.1639580726623535,2.1770830154418945,2.070335626602173,136632000
2016-04-05,2.1272919178009033,2.1524999141693115,2.1075000762939453,2.118541955947876,2.0146656036376953,146841600
2016-04-06,2.125,2.2216670513153076,2.1229169368743896,2.2200000286102295,2.1111483573913574,182088000
2016-04-07,2.1822919845581055,2.193125009536743,2.0964579582214355,2.124166965484619,2.0200142860412598,252225600
2016-04-08,2.162708044052124,2.1777079105377197,2.09708309173584,2.1191670894622803,2.0152597427368164,166243200
2016-04-11,2.146667003631592,2.1781249046325684,2.094791889190674,2.0964579582214355,1.9936643838882446,137059200
2016-04-12,2.100416898727417,2.1600000858306885,2.0612499713897705,2.1454169750213623,2.0402228832244873,182424000
2016-04-13,2.1977078914642334,2.2397921085357666,2.188957929611206,2.2291669845581055,2.119866132736206,162182400
2016-04-14,2.2297921180725098,2.2552080154418945,2.213124990463257,2.2306249141693115,2.1212525367736816,111240000
2016-04-15,2.2233328819274902,2.2391669750213623,2.196666955947876,2.2135419845581055,2.1050069332122803,83092800
2016-04-18,2.1952080726623535,2.250833034515381,2.19083309173584,2.2462499141693115,2.1361114978790283,101462400
2016-04-19,2.268749952316284,2.2708330154418945,2.171875,2.2074999809265137,2.0992610454559326,158582400
2016-04-20,2.204582929611206,2.2427079677581787,2.18416690826416,2.2129170894622803,2.10441255569458,107769600
2016-04-21,2.211667060852051,2.2366669178009033,2.183542013168335,2.2135419845581055,2.1050069332122803,133473600
2016-04-22,2.128541946411133,2.157291889190674,2.0620830059051514,2.113332986831665,2.009711742401123,201321600
2016-04-25,2.090208053588867,2.112916946411133,2.0818750858306885,2.1116669178009033,2.008127450942993,96950400
2016-04-26,2.123958110809326,2.1368749141693115,2.0629169940948486,2.0827078819274902,1.9805885553359985,109315200
2016-04-27,2.019582986831665,2.0456249713897705,1.980417013168335,2.032707929611206,1.9330395460128784,183004800
2016-04-28,2.039375066757202,2.0743749141693115,1.946666955947876,1.9606250524520874,1.8644911050796509,160771200
2016-04-29,1.9539580345153809,1.9700000286102295,1.881250023841858,1.9293750524520874,1.8347736597061157,191260800
2016-05-02,1.941457986831665,1.9893749952316284,1.9177080392837524,1.980417013168335,1.8833128213882446,118017600
2016-05-03,1.9389580488204956,1.965000033378601,1.909999966621399,1.9277080297470093,1.8331881761550903,145963200
2016-05-04,1.8922920227050781,1.9118750095367432,1.8745830059051514,1.8895829916000366,1.7969324588775635,155145600
2016-05-05,1.9075000286102295,1.9216669797897339,1.8752080202102661,1.8885420560836792,1.7959423065185547,143976000
2016-05-06,1.8583329916000366,1.9175000190734863,1.853124976158142,1.9158329963684082,1.8218954801559448,156849600
2016-05-09,1.9177080392837524,1.9589580297470093,1.9149999618530273,1.9327080249786377,1.8379430770874023,118540800
2016-05-10,1.9533330202102661,2.015000104904175,1.9433330297470093,2.0137500762939453,1.9150116443634033,116481600
2016-05-11,2.003957986831665,2.021667003631592,1.9558329582214355,1.9587500095367432,1.8627084493637085,127065600
2016-05-12,1.974166989326477,1.9777079820632935,1.8908330202102661,1.931249976158142,1.8365564346313477,184742400
2016-05-13,1.9299999475479126,1.9616669416427612,1.8989579677581787,1.9079170227050781,1.814367651939392,155966400
2016-05-16,1.915624976158142,2.002500057220459,1.9135420322418213,1.9814579486846924,1.8843027353286743,117292800
2016-05-17,1.9791669845581055,1.9931249618530273,1.8914580345153809,1.9054169654846191,1.8119901418685913,187228800
2016-05-18,1.8947919607162476,1.9581249952316284,1.8816670179367065,1.9270830154418945,1.8325939178466797,237969600
2016-05-19,1.9035420417785645,1.9195829629898071,1.8552080392837524,1.8966670036315918,1.8036692142486572,254097600
2016-05-20,1.9197920560836792,1.9824999570846558,1.916458010673523,1.9600000381469727,1.8638968467712402,125352000
2016-05-23,1.965000033378601,1.9870829582214355,1.9464579820632935,1.9504170417785645,1.8547840118408203,86928000
2016-05-24,1.9839580059051514,2.0760419368743896,1.9824999570846558,2.0697920322418213,1.968305230140686,150004800
2016-05-25,2.0935420989990234,2.1322920322418213,2.0818750858306885,2.114375114440918,2.0107028484344482,140846400
2016-05-26,2.121458053588867,2.139791965484619,2.1045830249786377,2.132082939147949,2.0275423526763916,95270400
2016-05-27,2.135624885559082,2.165832996368408,2.1354169845581055,2.1641669273376465,2.0580530166625977,107140800
2016-05-31,2.176042079925537,2.1872920989990234,2.144792079925537,2.1770830154418945,2.070335626602173,112948800
2016-06-01,2.157291889190674,2.1918749809265137,2.1514580249786377,2.177917003631592,2.071129322052002,100536000
2016-06-02,2.1631250381469727,2.191457986831665,2.129167079925537,2.1902079582214355,2.082817316055298,104659200
2016-06-03,2.1777079105377197,2.1816670894622803,2.117917060852051,2.160207986831665,2.054287910461426,155529600
2016-06-06,2.1700000762939453,2.200624942779541,2.1608328819274902,2.183332920074463,2.0762789249420166,85996800
2016-06-07,2.1904170513153076,2.1937499046325684,2.163749933242798,2.167917013168335,2.061619281768799,77107200
2016-06-08,2.1797919273376465,2.1912500858306885,2.1541669368743896,2.177500009536743,2.070732831954956,82262400
2016-06-09,2.1514580249786377,2.174375057220459,2.138957977294922,2.167917013168335,2.061619281768799,99729600
2016-06-10,2.1095829010009766,2.1204171180725098,2.071458101272583,2.0950000286102295,1.9922775030136108,161760000
2016-06-13,2.0597920417785645,2.092708110809326,2.0333330631256104,2.041249990463257,1.9411630630493164,119049600
2016-06-14,2.024583101272583,2.0622920989990234,1.9958330392837524,2.0422921180725098,1.9421542882919312,141729600
2016-06-15,2.0556249618530273,2.0622920989990234,2.0127079486846924,2.0239579677581787,1.924718976020813,106377600
2016-06-16,1.9941669702529907,2.0464580059051514,1.9537500143051147,2.0385420322418213,1.9385881423950195,164361600
2016-06-17,2.030208110809326,2.030208110809326,1.9552079439163208,1.96875,1.872218132019043,167020800
2016-06-20,2.039375066757202,2.0652079582214355,2.0012500286102295,2.004167079925537,1.9058983325958252,139243200
2016-06-21,2.016458034515381,2.036875009536743,2.0022919178009033,2.024167060852051,1.9249176979064941,86414400
2016-06-22,2.0299999713897705,2.063541889190674,2.0052080154418945,2.0110421180725098,1.9124364852905273,103296000
2016-06-23,2.0577080249786377,2.0966670513153076,2.032291889190674,2.0958330631256104,1.9930695295333862,128558400
2016-06-24,1.875,1.9656250476837158,1.8250000476837158,1.8391669988632202,1.7489886283874512,325502400
2016-06-27,1.7972919940948486,1.7997920513153076,1.7041670083999634,1.7320829629898071,1.6471551656723022,235963200
2016-06-28,1.7847919464111328,1.8431249856948853,1.7831250429153442,1.8406250476837158,1.7503752708435059,199468800
2016-06-29,1.8856250047683716,1.9497920274734497,1.8820830583572388,1.9362499713897705,1.8413114547729492,208464000
2016-06-30,1.9479169845581055,2.008958101272583,1.9291670322418213,2.006666898727417,1.9082754850387573,165811200
2016-07-01,2.003124952316284,2.058542013168335,2.000833034515381,2.0341670513153076,1.9344276189804077,131424000
2016-07-05,2.0079169273376465,2.011667013168335,1.9658329486846924,1.9981249570846558,1.900152564048767,130939200
2016-07-06,1.9708329439163208,2.0495829582214355,1.9514579772949219,2.045207977294922,1.9449273347854614,173476800
2016-07-07,2.054374933242798,2.079166889190674,2.0364580154418945,2.0645830631256104,1.9633522033691406,126230400
2016-07-08,2.095207929611206,2.1649999618530273,2.089582920074463,2.1600000858306885,2.0540902614593506,150043200
2016-07-11,2.1845829486846924,2.22208309173584,2.182499885559082,2.1968750953674316,2.0891571044921875,142646400
2016-07-12,2.23770809173584,2.249166965484619,2.222707986831665,2.2314579486846924,2.1220452785491943,115790400
2016-07-13,2.2495830059051514,2.250833034515381,2.2143750190734863,2.2158329486846924,2.1071856021881104,126412800
2016-07-14,2.2597920894622803,2.2729170322418213,2.243957996368408,2.2608330249786377,2.149979591369629,109905600
2016-07-15,2.2754170894622803,2.2793750762939453,2.234375,2.2481250762939453,2.137894630432129,85416000
2016-07-18,2.254167079925537,2.305833101272583,2.2522919178009033,2.292917013168335,2.180490732192993,83860800
2016-07-19,2.2708330154418945,2.2899999618530273,2.257082939147949,2.269166946411133,2.157904863357544,78667200
2016-07-20,2.303957939147949,2.360832929611206,2.2972919940948486,2.346874952316284,2.231802463531494,90724800
2016-07-21,2.3539578914642334,2.3662500381469727,2.3129169940948486,2.3329169750213623,2.2185287475585938,112804800
2016-07-22,2.3383328914642334,2.3687500953674316,2.3154170513153076,2.359999895095825,2.2442843914031982,86803200
2016-07-25,2.3547921180725098,2.3622920513153076,2.3375000953674316,2.3620829582214355,2.246264934539795,76243200
2016-07-26,2.3597919940948486,2.3949999809265137,2.3333330154418945,2.369999885559082,2.2537930011749268,136353600
2016-07-27,2.4281249046325684,2.436875104904175,2.3877079486846924,2.416249990463257,2.297776222229004,130564800
2016-07-28,2.4295830726623535,2.451667070388794,2.4066669940948486,2.442500114440918,2.3227391242980957,87120000
2016-07-29,2.4600000381469727,2.478749990463257,2.4362499713897705,2.4585421085357666,2.3379945755004883,102633600
2016-08-01,2.464582920074463,2.5160419940948486,2.4554169178009033,2.4970829486846924,2.374645709991455,105316800
2016-08-02,2.4864580631256104,2.493541955947876,2.393125057220459,2.44083309173584,2.3211536407470703,161107200
2016-08-03,2.4354169368743896,2.465208053588867,2.4306249618530273,2.4639580249786377,2.3431448936462402,85334400
2016-08-04,2.4633328914642334,2.4931249618530273,2.4452080726623535,2.486042022705078,2.3641459941864014,84028800
2016-08-05,2.526249885559082,2.573957920074463,2.515625,2.5579171180725098,2.4324967861175537,123480000
2016-08-08,2.5622920989990234,2.5637500286102295,2.5243749618530273,2.5497920513153076,2.4247701168060303,75902400
2016-08-09,2.5541670322418213,2.590208053588867,2.549999952316284,2.566667079925537,2.4408175945281982,79819200
2016-08-10,2.568542003631592,2.572499990463257,2.5260419845581055,2.546875,2.4219956398010254,87720000
2016-08-11,2.5708329677581787,2.5958330631256104,2.556874990463257,2.579792022705078,2.4532992839813232,68649600
2016-08-12,2.5645830631256104,2.584583044052124,2.5570828914642334,2.584583044052124,2.457854747772217,68275200
2016-08-15,2.59375,2.6343750953674316,2.591249942779541,2.6170830726623535,2.4887614250183105,57254400
2016-08-16,2.601875066757202,2.6041669845581055,2.5722920894622803,2.5758330821990967,2.4495341777801514,62596800
2016-08-17,2.5758330821990967,2.589792013168335,2.532917022705078,2.5879170894622803,2.4610257148742676,89836800
2016-08-18,2.579792022705078,2.600416898727417,2.566667079925537,2.59041690826416,2.46340274810791,56755200
2016-08-19,2.5762500762939453,2.6035420894622803,2.5545830726623535,2.5868749618530273,2.4600353240966797,73617600
2016-08-22,2.574583053588867,2.60604190826416,2.5612499713897705,2.5893750190734863,2.4624123573303223,73243200
2016-08-23,2.620832920074463,2.6358330249786377,2.602916955947876,2.6047921180725098,2.4770731925964355,62654400
2016-08-24,2.6010420322418213,2.6122920513153076,2.530208110809326,2.5545830726623535,2.429326295852661,71198400
2016-08-25,2.534374952316284,2.56583309173584,2.525624990463257,2.5425000190734863,2.4178361892700195,58444800
2016-08-26,2.545833110809326,2.603332996368408,2.5083329677581787,2.5547919273376465,2.429525136947632,107313600
2016-08-29,2.5562500953674316,2.584791898727417,2.5547919273376465,2.561875104904175,2.43626070022583,49833600
2016-08-30,2.552500009536743,2.573957920074463,2.5129170417785645,2.538749933242798,2.4142699241638184,65750400
2016-08-31,2.527708053588867,2.5391669273376465,2.498958110809326,2.532083034515381,2.4079294204711914,71616000
2016-09-01,2.533750057220459,2.5587499141693115,2.4962499141693115,2.543333053588867,2.418628215789795,85953600
2016-09-02,2.5885419845581055,2.6039578914642334,2.546041965484619,2.573124885559082,2.4469587802886963,90739200
2016-09-06,2.5885419845581055,2.6229169368743896,2.5708329677581787,2.620832920074463,2.492327928543091,65985600
2016-09-07,2.628957986831665,2.6404170989990234,2.597707986831665,2.625624895095825,2.496885061264038,58075200
2016-09-08,2.6041669845581055,2.6056249141693115,2.5606250762939453,2.580625057220459,2.454091787338257,70065600
2016-09-09,2.5177080631256104,2.5333330631256104,2.384999990463257,2.384999990463257,2.2680580615997314,160915200
2016-09-12,2.3491671085357666,2.523750066757202,2.344791889190674,2.5072920322418213,2.3843538761138916,130651200
2016-09-13,2.473750114440918,2.497499942779541,2.410207986831665,2.448124885559082,2.328087568283081,125308800
2016-09-14,2.4543750286102295,2.5208330154418945,2.4518749713897705,2.4795830249786377,2.3580033779144287,111528000
2016-09-15,2.483333110809326,2.606874942779541,2.481250047683716,2.594583034515381,2.46736478805542,131860800
2016-09-16,2.588124990463257,2.600416898727417,2.5541670322418213,2.5916669368743896,2.4645917415618896,81523200
2016-09-19,2.6114580631256104,2.6360421180725098,2.5439579486846924,2.5577080249786377,2.432297468185425,91670400
2016-09-20,2.5833330154418945,2.6041669845581055,2.559999942779541,2.5718750953674316,2.445770502090454,75782400
2016-09-21,2.6041669845581055,2.6585419178009033,2.5602080821990967,2.646667003631592,2.516895055770874,138600000
2016-09-22,2.6962499618530273,2.7200000286102295,2.686666965484619,2.7085421085357666,2.5757362842559814,78100800
2016-09-23,2.700000047683716,2.701457977294922,2.6475000381469727,2.659791946411133,2.52937650680542,73065600
2016-09-26,2.6139578819274902,2.623332977294922,2.5808329582214355,2.59375,2.4665729999542236,81883200
2016-09-27,2.5908329486846924,2.6720829010009766,2.5808329582214355,2.6672921180725098,2.536508798599243,82900800
2016-09-28,2.676875114440918,2.686666965484619,2.641249895095825,2.681874990463257,2.5503766536712646,75696000
2016-09-29,2.670417070388794,2.683542013168335,2.589792013168335,2.625,2.496290445327759,114830400
2016-09-30,2.649167060852051,2.705625057220459,2.6360421180725098,2.678957939147949,2.547602653503418,79987200
2016-10-03,2.6697919368743896,2.680833101272583,2.6385419368743896,2.672916889190674,2.541857957839966,81758400
2016-10-04,2.6918749809265137,2.7114579677581787,2.628541946411133,2.657707929611206,2.5273947715759277,112204800
2016-10-05,2.681874990463257,2.7114579677581787,2.6781249046325684,2.6854169368743896,2.553744316101074,68856000
2016-10-06,2.675416946411133,2.6985421180725098,2.643125057220459,2.6812500953674316,2.5497822761535645,74529600
2016-10-07,2.6897919178009033,2.69979190826416,2.6254169940948486,2.663749933242798,2.5331404209136963,90561600
2016-10-10,2.703125,2.732707977294922,2.701667070388794,2.7114579677581787,2.5785088539123535,59889600
2016-10-11,2.7058329582214355,2.709167003631592,2.563541889190674,2.599375009536743,2.471921920776367,129643200
2016-10-12,2.6020829677581787,2.6181249618530273,2.567500114440918,2.5939579010009766,2.466770648956299,82056000
2016-10-13,2.539792060852051,2.584583044052124,2.4931249618530273,2.563541889190674,2.437845468521118,104428800
2016-10-14,2.5981249809265137,2.631666898727417,2.5670828819274902,2.5693750381469727,2.4433932304382324,81811200
2016-10-17,2.5687499046325684,2.582082986831665,2.5414578914642334,2.5516669750213623,2.4265530109405518,55862400
2016-10-18,2.640625,2.654792070388794,2.6145830154418945,2.6170830726623535,2.4887614250183105,76968000
2016-10-19,2.6122920513153076,2.628541946411133,2.6039578914642334,2.6181249618530273,2.489752769470215,47054400
2016-10-20,2.60604190826416,2.6254169940948486,2.5629169940948486,2.6070830821990967,2.4792520999908447,69950400
2016-10-21,2.61270809173584,2.641458034515381,2.588124990463257,2.6354169845581055,2.5061967372894287,58632000
2016-10-24,2.6887500286102295,2.736875057220459,2.686666965484619,2.7314579486846924,2.5975286960601807,68649600
2016-10-25,2.7339580059051514,2.737916946411133,2.693542003631592,2.704166889190674,2.571575164794922,59712000
2016-10-26,2.652082920074463,2.694999933242798,2.6270830631256104,2.652292013168335,2.5222442150115967,95308800
2016-10-27,2.6847920417785645,2.6912500858306885,2.603332996368408,2.6152079105377197,2.486978054046631,103041600
2016-10-28,2.59041690826416,2.632082939147949,2.5416669845581055,2.569999933242798,2.4439871311187744,142958400
2016-10-31,2.5950000286102295,2.5950000286102295,2.5541670322418213,2.555417060852051,2.430119514465332,56904000
2016-11-01,2.5718750953674316,2.5718750953674316,2.4337499141693115,2.5029170513153076,2.3801934719085693,101923200
2016-11-02,2.4945828914642334,2.511457920074463,2.421041965484619,2.4377079010009766,2.3181815147399902,81763200
2016-11-03,2.4277079105377197,2.450624942779541,2.358541965484619,2.367500066757202,2.2514164447784424,87014400
2016-11-04,2.3456249237060547,2.397291898727417,2.328749895095825,2.340625047683716,2.2258589267730713,84921600
2016-11-07,2.453958034515381,2.516249895095825,2.4443750381469727,2.5083329677581787,2.3853440284729004,100963200
2016-11-08,2.5,2.591249942779541,2.483333110809326,2.557499885559082,2.432100296020508,110587200
2016-11-09,2.4668750762939453,2.6047921180725098,2.459791898727417,2.5933330059051514,2.466176748275757,183292800
2016-11-10,2.6247920989990234,2.639583110809326,2.3639578819274902,2.4700000286102295,2.3488900661468506,247968000
2016-11-11,2.431874990463257,2.485832929611206,2.4083330631256104,2.467916965484619,2.346909284591675,113563200
2016-11-14,2.4725000858306885,2.477916955947876,2.3575000762939453,2.384582996368408,2.2676613330841064,177552000
2016-11-15,2.444999933242798,2.5177080631256104,2.438124895095825,2.494999885559082,2.372663974761963,105571200
2016-11-16,2.457292079925537,2.54354190826416,2.457292079925537,2.5356249809265137,2.411297559738159,86337600
2016-11-17,2.5339579582214355,2.594374895095825,2.518125057220459,2.594374895095825,2.4671669006347656,75537600
2016-11-18,2.5991671085357666,2.616041898727417,2.5572919845581055,2.5652079582214355,2.4394302368164062,63057600
2016-11-21,2.58145809173584,2.6504170894622803,2.5804169178009033,2.642292022705078,2.51273512840271,83625600
2016-11-22,2.674375057220459,2.6875,2.6475000381469727,2.6660420894622803,2.5353200435638428,76680000
2016-11-23,2.6404170989990234,2.6493749618530273,2.5999999046325684,2.633958101272583,2.5048091411590576,73824000
2016-11-25,2.6464579105377197,2.663332939147949,2.635624885559082,2.659374952316284,2.528979539871216,38280000
2016-11-28,2.647291898727417,2.6791670322418213,2.6337499618530273,2.644582986831665,2.5149130821228027,71467200
2016-11-29,2.6468749046325684,2.706666946411133,2.627500057220459,2.6700000762939453,2.5390841960906982,74582400
2016-11-30,2.675416946411133,2.681874990463257,2.5693750381469727,2.5835421085357666,2.456865072250366,151296000
2016-12-01,2.5704169273376465,2.570625066757202,2.4264578819274902,2.441667079925537,2.321946859359741,186384000
2016-12-02,2.443958044052124,2.4825000762939453,2.4222919940948486,2.451457977294922,2.3312578201293945,102984000
2016-12-05,2.491041898727417,2.5391669273376465,2.456666946411133,2.508125066757202,2.385146141052246,89942400
2016-12-06,2.5274999141693115,2.5406250953674316,2.49666690826416,2.526249885559082,2.4023826122283936,69254400
2016-12-07,2.511457920074463,2.632499933242798,2.4895830154418945,2.619999885559082,2.4915356636047363,148867200
2016-12-08,2.626667022705078,2.657291889190674,2.6114580631256104,2.6360421180725098,2.50679087638855,113016000
2016-12-09,2.665832996368408,2.702291965484619,2.665832996368408,2.6977078914642334,2.5654327869415283,102672000
2016-12-12,2.6608328819274902,2.677917003631592,2.6295828819274902,2.660207986831665,2.5297725200653076,95150400
2016-12-13,2.689167022705078,2.806874990463257,2.6854169368743896,2.764167070388794,2.628633737564087,169195200
2016-12-14,2.769582986831665,2.7995829582214355,2.720417022705078,2.743957996368408,2.6094157695770264,142377600
2016-12-15,2.751457929611206,2.8062500953674316,2.7366669178009033,2.760624885559082,2.6252658367156982,106425600
2016-12-16,2.7735419273376465,2.7914578914642334,2.7118749618530273,2.7270829677581787,2.5933678150177,114753600
2016-12-19,2.738542079925537,2.8104169368743896,2.726249933242798,2.7604169845581055,2.6250674724578857,83572800
2016-12-20,2.782083034515381,2.8072919845581055,2.777082920074463,2.793750047683716,2.656765937805176,62784000
2016-12-21,2.7947919368743896,2.800416946411133,2.766458034515381,2.7839579582214355,2.647454023361206,48288000
2016-12-22,2.785207986831665,2.7889580726623535,2.7300000190734863,2.7597920894622803,2.624473810195923,65520000
2016-12-23,2.748542070388794,2.769582986831665,2.7395830154418945,2.7683329582214355,2.6325953006744385,32251200
2016-12-27,2.7833330631256104,2.856874942779541,2.780416965484619,2.8087499141693115,2.6710312366485596,75643200
2016-12-28,2.8258330821990967,2.834791898727417,2.73770809173584,2.7437500953674316,2.609217643737793,91339200
2016-12-29,2.7422919273376465,2.759582996368408,2.7058329582214355,2.730417013168335,2.59653902053833,85728000
2016-12-30,2.746042013168335,2.7477080821990967,2.625,2.650624990463257,2.5206592082977295,105384000
2017-01-03,2.7002079486846924,2.7477080821990967,2.674375057220459,2.714792013168335,2.5816800594329834,97646400
2017-01-04,2.727292060852051,2.776249885559082,2.723750114440918,2.7610421180725098,2.6256625652313232,66513600
2017-01-05,2.7587499618530273,2.813541889190674,2.7562499046325684,2.809999942779541,2.67221999168396,61372800
2017-01-06,2.8152079582214355,2.9033329486846924,2.793750047683716,2.8812499046325684,2.739975690841675,95798400
2017-01-09,2.8883330821990967,2.924999952316284,2.882499933242798,2.910417079925537,2.767712116241455,66172800
2017-01-10,2.9091670513153076,2.954582929611206,2.89395809173584,2.9270830154418945,2.7835609912872314,66336000
2017-01-11,2.9291670322418213,2.951667070388794,2.8862500190734863,2.949583053588867,2.8049583435058594,94104000
2017-01-12,2.920417070388794,2.9433329105377197,2.855417013168335,2.9345829486846924,2.790693759918213,80517600
2017-01-13,2.944166898727417,2.9825000762939453,2.9433329105377197,2.9683330059051514,2.822789192199707,58612800
2017-01-17,2.941667079925537,2.9583330154418945,2.9149999618530273,2.9404170513153076,2.7962419986724854,55531200
2017-01-18,2.954166889190674,2.966249942779541,2.930417060852051,2.9604170322418213,2.815261125564575,49329600
2017-01-19,2.96875,3.001667022705078,2.935832977294922,2.952500104904175,2.807732343673706,59731200
2017-01-20,2.9916670322418213,3.014583110809326,2.950000047683716,2.9716670513153076,2.8259596824645996,56846400
2017-01-23,2.9625000953674316,2.9916670322418213,2.9237499237060547,2.978332996368408,2.832298755645752,55250400
2017-01-24,2.9945828914642334,3.053333044052124,2.9820830821990967,3.040416955947876,2.89133882522583,51691200
2017-01-25,3.095417022705078,3.1337499618530273,3.088749885559082,3.129167079925537,2.975736618041992,56148000
2017-01-26,3.1433329582214355,3.1608328819274902,3.1254169940948486,3.142082929611206,2.9880197048187256,50856000
2017-01-27,3.1583330631256104,3.1675000190734863,3.12833309173584,3.157083034515381,3.002284288406372,33249600
2017-01-30,3.1237499713897705,3.1254169940948486,3.0325000286102295,3.0854170322418213,2.9341325759887695,75043200
2017-01-31,3.0537500381469727,3.0683329105377197,3.012083053588867,3.0683329105377197,2.9178853034973145,59616000
2017-02-01,3.12833309173584,3.146667003631592,3.086667060852051,3.126667022705078,2.9733598232269287,72511200
2017-02-02,3.110832929611206,3.1479170322418213,3.0850000381469727,3.1187500953674316,2.9658308029174805,57895200
2017-02-03,3.1312499046325684,3.15625,3.12166690826416,3.1458330154418945,2.9915859699249268,48192000
2017-02-06,3.1304171085357666,3.1591670513153076,3.1220829486846924,3.1575000286102295,3.002680540084839,41707200
2017-02-07,3.1741669178009033,3.212083101272583,3.1691670417785645,3.190000057220459,3.0335874557495117,46634400
2017-02-08,3.1787500381469727,3.220417022705078,3.161250114440918,3.2079169750213623,3.050625801086426,36967200
2017-02-09,3.2166669368743896,3.2637500762939453,3.211667060852051,3.2412500381469727,3.082324981689453,51525600
2017-02-10,3.2637500762939453,3.2874999046325684,3.2470829486846924,3.2733330726623535,3.1128346920013428,47872800
2017-02-13,3.3041670322418213,3.342916965484619,3.2991669178009033,3.3308329582214355,3.1675150394439697,42988800
2017-02-14,3.3329169750213623,3.363332986831665,3.3016669750213623,3.3620829582214355,3.197233200073242,62664000
2017-02-15,3.357917070388794,3.4266669750213623,3.3499999046325684,3.4200000762939453,3.252310037612915,73564800
2017-02-16,3.428333044052124,3.4487500190734863,3.3924999237060547,3.4170830249786377,3.2495360374450684,63950400
2017-02-17,3.40291690826416,3.4625000953674316,3.4008328914642334,3.4600000381469727,3.2903482913970947,51607200
2017-02-21,3.4841670989990234,3.5199999809265137,3.476249933242798,3.515000104904175,3.3426523208618164,66729600
2017-02-22,3.504167079925537,3.524167060852051,3.485832929611206,3.5154170989990234,3.3430490493774414,43056000
2017-02-23,3.5308330059051514,3.53125,3.43416690826416,3.4774999618530273,3.306990146636963,62676000
2017-02-24,3.427500009536743,3.4962499141693115,3.424999952316284,3.4962499141693115,3.3248212337493896,50731200
2017-02-27,3.477916955947876,3.5087499618530273,3.458750009536743,3.506666898727417,3.3347275257110596,52437600
2017-02-28,3.507082939147949,3.5104169845581055,3.447499990463257,3.4791669845581055,3.3085758686065674,41904000
2017-03-01,3.5399999618530273,3.608333110809326,3.5233330726623535,3.5916669368743896,3.4155595302581787,63254400
2017-03-02,3.5899999141693115,3.5899999141693115,3.5233330726623535,3.5350000858306885,3.361671209335327,42919200
2017-03-03,3.5266671180725098,3.558332920074463,3.4995830059051514,3.553333044052124,3.37910532951355,34646400
2017-03-06,3.515000104904175,3.548332929611206,3.487916946411133,3.528749942779541,3.3557276725769043,38774400
2017-03-07,3.5062499046325684,3.558332920074463,3.4945828914642334,3.5112500190734863,3.3390860557556152,35428800
2017-03-08,3.5199999809265137,3.563333034515381,3.5079169273376465,3.5291669368743896,3.3561244010925293,38652000
2017-03-09,3.5283329486846924,3.552917003631592,3.4820830821990967,3.5399999618530273,3.3664259910583496,44172000
2017-03-10,3.5854170322418213,3.5983328819274902,3.537916898727417,3.578749895095825,3.40327525138855,51456000
2017-03-13,3.5754170417785645,3.602916955947876,3.572082996368408,3.5995829105377197,3.4230868816375732,33883200
2017-03-14,3.575000047683716,3.5804169178009033,3.5299999713897705,3.5729169845581055,3.397728681564331,53020800
2017-03-15,3.5975000858306885,3.663332939147949,3.5604169368743896,3.6354169845581055,3.457164764404297,63813600
2017-03-16,3.660417079925537,3.660417079925537,3.6070830821990967,3.6333329677581787,3.4551825523376465,38875200
2017-03-17,3.641666889190674,3.65625,3.622499942779541,3.6245830059051514,3.446861505508423,35320800
2017-03-20,3.6245830059051514,3.661250114440918,3.608333110809326,3.6354169845581055,3.457164764404297,36696000
2017-03-21,3.675832986831665,3.6875,3.4649999141693115,3.4733328819274902,3.303027868270874,93568800
2017-03-22,3.475416898727417,3.5512499809265137,3.459167003631592,3.5416669845581055,3.368011236190796,71373600
2017-03-23,3.528749942779541,3.5566670894622803,3.49666690826416,3.5133330821990967,3.341066598892212,59064000
2017-03-24,3.5466670989990234,3.5879170894622803,3.494999885559082,3.5325000286102295,3.3592936992645264,51686400
2017-03-27,3.4604170322418213,3.569582939147949,3.4345829486846924,3.5512499809265137,3.377124309539795,75259200
2017-03-28,3.550832986831665,3.648750066757202,3.528749942779541,3.617917060852051,3.4405226707458496,84000000
2017-03-29,3.6212499141693115,3.670833110809326,3.612916946411133,3.665832996368408,3.486088991165161,48170400
2017-03-30,3.6645829677581787,3.6962499618530273,3.6524999141693115,3.68416690826416,3.5035240650177,52927200
2017-03-31,3.667917013168335,3.7049999237060547,3.6558330059051514,3.675416946411133,3.4952030181884766,54146400
2017-04-03,3.6862499713897705,3.711667060852051,3.6091670989990234,3.6675000190734863,3.4876739978790283,64521600
2017-04-04,3.6354169845581055,3.6870830059051514,3.6329169273376465,3.68416690826416,3.5035240650177,32424000
2017-04-05,3.702083110809326,3.7658329010009766,3.6204171180725098,3.642082929611206,3.46350359916687,73360800
2017-04-06,3.654582977294922,3.675416946411133,3.6187500953674316,3.6449999809265137,3.4662773609161377,61651200
2017-04-07,3.6424999237060547,3.6737499237060547,3.601249933242798,3.6408329010009766,3.462315082550049,41575200
2017-04-10,3.6533329486846924,3.6887500286102295,3.6137499809265137,3.6449999809265137,3.4662773609161377,48376800
2017-04-11,3.6308329105377197,3.649167060852051,3.5179169178009033,3.5991671085357666,3.422692060470581,85346400
2017-04-12,3.5950000286102295,3.6024999618530273,3.540832996368408,3.5516669750213623,3.377520799636841,68095200
2017-04-13,3.5374999046325684,3.598750114440918,3.507499933242798,3.509582996368408,3.3375003337860107,61370400
2017-04-17,3.5391669273376465,3.5975000858306885,3.5350000858306885,3.592916965484619,3.416748046875,36333600
2017-04-18,3.5595829486846924,3.6116669178009033,3.552917003631592,3.5824999809265137,3.4068422317504883,50755200
2017-04-19,3.6237499713897705,3.6591670513153076,3.5799999237060547,3.5950000286102295,3.418729543685913,57568800
2017-04-20,3.6387500762939453,3.7083330154418945,3.6220829486846924,3.6820828914642334,3.501542806625366,82492800
2017-04-21,3.694166898727417,3.6987500190734863,3.6549999713897705,3.680417060852051,3.499958038330078,54026400
2017-04-24,3.8020830154418945,3.825000047683716,3.7858328819274902,3.814167022705078,3.627149820327759,60072000
2017-04-25,3.8520829677581787,3.917917013168335,3.8433330059051514,3.898750066757202,3.707585573196411,64113600
2017-04-26,3.9024999141693115,3.930417060852051,3.873332977294922,3.881666898727417,3.691340208053589,87660000
2017-04-27,3.9108328819274902,3.950000047683716,3.901249885559082,3.949583053588867,3.7559263706207275,57676800
2017-04-28,3.997499942779541,4.002082824707031,3.952083110809326,3.97208309173584,3.777322769165039,68500800
2017-05-01,4.008749961853027,4.09250020980835,4.003749847412109,4.072082996368408,3.8724193572998047,64634400
2017-05-02,4.092082977294922,4.102083206176758,4.060832977294922,4.096250057220459,3.895402193069458,60412800
2017-05-03,4.071249961853027,4.071667194366455,4.022916793823242,4.055832862854004,3.856966018676758,73586400
2017-05-04,4.05791711807251,4.076666831970215,4.0183329582214355,4.059999942779541,3.8609297275543213,72607200
2017-05-05,4.08916711807251,4.1041669845581055,4.045416831970215,4.1041669845581055,3.9029312133789062,54506400
2017-05-08,4.110416889190674,4.1304168701171875,4.085416793823242,4.128749847412109,3.9263083934783936,61267200
2017-05-09,4.1483330726623535,4.201250076293945,4.139166831970215,4.174167156219482,3.9694983959198,75717600
2017-05-10,4.178750038146973,4.1845831871032715,4.136666774749756,4.180832862854004,3.9758365154266357,56193600
2017-05-11,4.147082805633545,4.172916889190674,4.088749885559082,4.170833110809326,3.9663283824920654,62433600
2017-05-12,4.176249980926514,4.2004170417785645,4.165417194366455,4.1979169845581055,3.992084264755249,58538400
2017-05-15,4.202083110809326,4.244166851043701,4.191249847412109,4.2370829582214355,4.029330253601074,69340800
2017-05-16,4.267083168029785,4.290832996368408,4.232916831970215,4.290417194366455,4.080048561096191,77066400
2017-05-17,4.189582824707031,4.211667060852051,3.9604170322418213,3.9658329486846924,3.7713794708251953,140236800
2017-05-18,3.9600000381469727,4.105416774749756,3.9429171085357666,4.066249847412109,3.866873025894165,120384000
2017-05-19,4.105833053588867,4.168333053588867,4.102499961853027,4.115417003631592,3.913628578186035,72844800
2017-05-22,4.144166946411133,4.227083206176758,4.139583110809326,4.22208309173584,4.0150651931762695,65354400
2017-05-23,4.256667137145996,4.258333206176758,4.200832843780518,4.232500076293945,4.0249714851379395,68858400
2017-05-24,4.267917156219482,4.295833110809326,4.234582901000977,4.290832996368408,4.080444812774658,64941600
2017-05-25,4.337916851043701,4.431666851043701,4.310832977294922,4.403749942779541,4.187825679779053,87504000
2017-05-26,4.400416851043701,4.4270830154418945,4.383749961853027,4.422500133514404,4.205655097961426,54856800
2017-05-30,4.4116668701171875,4.4479169845581055,4.407083034515381,4.431666851043701,4.214371681213379,55192800
2017-05-31,4.47208309173584,4.4816670417785645,4.358749866485596,4.426249980926514,4.209221839904785,96902400
2017-06-01,4.452499866485596,4.482916831970215,4.397916793823242,4.4791669845581055,4.259542942047119,74092800
2017-06-02,4.5233330726623535,4.6354169845581055,4.503749847412109,4.632082939147949,4.404961109161377,83244000
2017-06-05,4.62833309173584,4.652500152587891,4.608749866485596,4.62833309173584,4.401395320892334,51477600
2017-06-06,4.611667156219482,4.656667232513428,4.552499771118164,4.575832843780518,4.35146951675415,77733600
2017-06-07,4.608333110809326,4.637499809265137,4.548333168029785,4.625833034515381,4.399018287658691,81410400
2017-06-08,4.654582977294922,4.6616668701171875,4.5654168128967285,4.638332843780518,4.410905838012695,92563200
2017-06-09,4.65500020980835,4.672082901000977,4.110833168029785,4.302917003631592,4.091935157775879,233138400
2017-06-12,4.183332920074463,4.244166851043701,4.0595831871032715,4.224999904632568,4.017838001251221,166449600
2017-06-13,4.290832996368408,4.3408331871032715,4.2266669273376465,4.323750019073486,4.1117472648620605,126492000
2017-06-14,4.374582767486572,4.374582767486572,4.163750171661377,4.265832901000977,4.056670188903809,139012800
2017-06-15,4.1354169845581055,4.222499847412109,4.057499885559082,4.2083330154418945,4.001989364624023,141158400
2017-06-16,4.199999809265137,4.202917098999023,4.107082843780518,4.157917022705078,3.9540438652038574,93856800
2017-06-19,4.273749828338623,4.373332977294922,4.25458288192749,4.359167098999023,4.145427227020264,110944800
2017-06-20,4.348750114440918,4.364167213439941,4.25458288192749,4.2604169845581055,4.051520824432373,85939200
2017-06-21,4.2866668701171875,4.388332843780518,4.27791690826416,4.384167194366455,4.169200897216797,83589600
2017-06-22,4.403749942779541,4.427499771118164,4.345832824707031,4.379167079925537,4.1644463539123535,68445600
2017-06-23,4.363749980926514,4.445833206176758,4.328332901000977,4.428332805633545,4.2112016677856445,68786400
2017-06-26,4.50124979019165,4.52791690826416,4.338749885559082,4.3695831298828125,4.155332565307617,105681600
2017-06-27,4.318749904632568,4.332917213439941,4.129167079925537,4.129167079925537,3.9267053604125977,144088800
2017-06-28,4.172500133514404,4.31583309173584,4.1016669273376465,4.302499771118164,4.091537952423096,120861600
2017-06-29,4.249582767486572,4.252500057220459,3.9583330154418945,4.0833330154418945,3.883117914199829,231564000
2017-06-30,4.118750095367432,4.150416851043701,4.045416831970215,4.069167137145996,3.869647264480591,98616000
2017-07-03,4.141666889190674,4.154582977294922,3.9483330249786377,3.9583330154418945,3.764247179031372,81684000
2017-07-05,3.9887499809265137,4.103750228881836,3.952083110809326,4.071249961853027,3.8716273307800293,114033600
2017-07-06,3.9770829677581787,4.028749942779541,3.917917013168335,3.963749885559082,3.769397735595703,106324800
2017-07-07,4.0029168128967285,4.120832920074463,4.0,4.082499980926514,3.882326126098633,89623200
2017-07-10,4.097917079925537,4.1979169845581055,4.065000057220459,4.167916774749756,3.963555335998535,92114400
2017-07-11,4.149582862854004,4.217916965484619,4.102917194366455,4.202083110809326,3.9960451126098633,108571200
2017-07-12,4.307499885559082,4.364999771118164,4.2841668128967285,4.3516669273376465,4.138296127319336,105307200
2017-07-13,4.368750095367432,4.411250114440918,4.342082977294922,4.3804168701171875,4.165635585784912,91476000
2017-07-14,4.4320831298828125,4.499166965484619,4.397082805633545,4.483333110809326,4.263504505157471,84636000
2017-07-17,4.497917175292969,4.5366668701171875,4.463749885559082,4.485833168029785,4.265882968902588,100663200
2017-07-18,4.4766669273376465,4.579583168029785,4.4375,4.574999809265137,4.350677013397217,84182400
2017-07-19,4.6145830154418945,4.6770830154418945,4.611249923706055,4.658750057220459,4.430321216583252,104234400
2017-07-20,4.6929168701171875,4.702499866485596,4.6120829582214355,4.676249980926514,4.446962833404541,108460800
2017-07-21,4.618332862854004,4.669582843780518,4.59708309173584,4.6691670417785645,4.440227508544922,86916000
2017-07-24,4.667916774749756,4.7420830726623535,4.650416851043701,4.730000019073486,4.498077392578125,88732800
2017-07-25,4.68625020980835,4.729582786560059,4.657917022705078,4.698332786560059,4.467963218688965,94180800
2017-07-26,4.728332996368408,4.749166965484619,4.7083330154418945,4.740417003631592,4.507984161376953,60607200
2017-07-27,4.8358330726623535,4.847917079925537,4.485833168029785,4.655832767486572,4.427546977996826,188956800
2017-07-28,4.573750019073486,4.662083148956299,4.544582843780518,4.640832901000977,4.413282871246338,70022400
2017-07-31,4.678750038146973,4.696667194366455,4.5495829582214355,4.580417156219482,4.355829238891602,88716000
2017-08-01,4.62624979019165,4.630000114440918,4.568749904632568,4.610416889190674,4.38435697555542,61156800
2017-08-02,4.697500228881836,4.702083110809326,4.5183329582214355,4.644166946411133,4.4164533615112305,110366400
2017-08-03,4.6616668701171875,4.663332939147949,4.56708288192749,4.595832824707031,4.370489597320557,72640800
2017-08-04,4.622917175292969,4.648749828338623,4.560832977294922,4.613749980926514,4.387528419494629,71488800
2017-08-07,4.640832901000977,4.702917098999023,4.620832920074463,4.6954169273376465,4.4651899337768555,54837600
2017-08-08,4.6745829582214355,4.7916669845581055,4.6379170417785645,4.677917003631592,4.448548316955566,103886400
2017-08-09,4.563333034515381,4.665417194366455,4.530832767486572,4.65958309173584,4.431114196777344,99081600
2017-08-10,4.581250190734863,4.589582920074463,4.346250057220459,4.357082843780518,4.143446922302246,163382400
2017-08-11,4.37833309173584,4.486249923706055,4.347499847412109,4.456666946411133,4.238146781921387,105271200
2017-08-14,4.560417175292969,4.650000095367432,4.55916690826416,4.630000114440918,4.402980804443359,95488800
2017-08-15,4.655832767486572,4.665417194366455,4.600417137145996,4.638332843780518,4.410905838012695,72297600
2017-08-16,4.670833110809326,4.727083206176758,4.616250038146973,4.662499904632568,4.433887958526611,99052800
2017-08-17,4.605833053588867,4.62833309173584,4.375,4.375833034515381,4.161276340484619,158582400
2017-08-18,4.382500171661377,4.454583168029785,4.3125,4.360416889190674,4.146615028381348,129852000
2017-08-21,4.367917060852051,4.3933329582214355,4.266666889190674,4.352499961853027,4.139087200164795,86481600
2017-08-22,4.4166669845581055,4.5595831871032715,4.414583206176758,4.546249866485596,4.323337078094482,94264800
2017-08-23,4.4716668128967285,4.52666711807251,4.4658331871032715,4.49541711807251,4.274996757507324,84076800
2017-08-24,4.5283331871032715,4.545833110809326,4.379167079925537,4.457917213439941,4.239334583282471,97180800
2017-08-25,4.50333309173584,4.541250228881836,4.411250114440918,4.427917003631592,4.210806369781494,92620800
2017-08-28,4.466667175292969,4.499166965484619,4.425416946411133,4.466667175292969,4.247657299041748,66242400
2017-08-29,4.350417137145996,4.5416669845581055,4.340000152587891,4.521667003631592,4.299960136413574,85123200
2017-08-30,4.529582977294922,4.699999809265137,4.521667003631592,4.678332805633545,4.448944091796875,106248000
2017-08-31,4.716249942779541,4.828332901000977,4.708749771118164,4.81125020980835,4.575343608856201,106176000
2017-09-01,4.847917079925537,4.866250038146973,4.7708330154418945,4.80791711807251,4.572174549102783,71001600
2017-09-05,4.762083053588867,4.795000076293945,4.569582939147949,4.679166793823242,4.449737548828125,129235200
2017-09-06,4.717082977294922,4.75124979019165,4.618750095367432,4.719583034515381,4.488171577453613,85557600
2017-09-07,4.7470831871032715,4.787499904632568,4.699999809265137,4.74875020980835,4.515908718109131,73970400
2017-09-08,4.730833053588867,4.739167213439941,4.6145830154418945,4.631667137145996,4.404566287994385,82646400
2017-09-11,4.736249923706055,4.8095831871032715,4.734582901000977,4.779167175292969,4.544834136962891,85279200
2017-09-12,4.824999809265137,4.84041690826416,4.7529168128967285,4.819582939147949,4.583268165588379,73418400
2017-09-13,4.7916669845581055,4.8408331871032715,4.772500038146973,4.839582920074463,4.602287292480469,51604800
2017-09-14,4.786250114440918,4.8254170417785645,4.745832920074463,4.7579169273376465,4.524625778198242,73576800
2017-09-15,4.7529168128967285,4.854582786560059,4.728332996368408,4.796249866485596,4.561079978942871,79264800
2017-09-18,4.81708288192749,4.863333225250244,4.7395830154418945,4.78458309173584,4.549985408782959,91509600
2017-09-19,4.8070831298828125,4.827499866485596,4.7579169273376465,4.804999828338623,4.569399833679199,56942400
2017-09-20,4.802499771118164,4.816667079925537,4.652500152587891,4.764999866485596,4.5313615798950195,107306400
2017-09-21,4.750833034515381,4.752500057220459,4.625,4.673333168029785,4.44419002532959,84890400
2017-09-22,4.627082824707031,4.680417060852051,4.614999771118164,4.6616668701171875,4.433095455169678,62167200
2017-09-25,4.604582786560059,4.611667156219482,4.443749904632568,4.515417098999023,4.294015884399414,135520800
2017-09-26,4.5808329582214355,4.605833053588867,4.49875020980835,4.546249866485596,4.323337078094482,95090400
2017-09-27,4.618750095367432,4.719167232513428,4.5833330154418945,4.669582843780518,4.440622329711914,111348000
2017-09-28,4.635832786560059,4.675000190734863,4.6016669273376465,4.6616668701171875,4.433095455169678,64536000
2017-09-29,4.690000057220459,4.770417213439941,4.652500152587891,4.7604169845581055,4.527002334594727,88248000
2017-10-02,4.784999847412109,4.832083225250244,4.710000038146973,4.773749828338623,4.5396833419799805,92205600
2017-10-03,4.7916669845581055,4.820000171661377,4.7604169845581055,4.803750038146973,4.568211078643799,62738400
2017-10-04,4.7758331298828125,4.846250057220459,4.7629170417785645,4.816249847412109,4.580098628997803,90153600
2017-10-05,4.872499942779541,4.962916851043701,4.852083206176758,4.954999923706055,4.712045192718506,94291200
2017-10-06,4.908332824707031,4.974999904632568,4.90625,4.972917079925537,4.7290849685668945,85960800
2017-10-09,4.995832920074463,5.010832786560059,4.9404168128967285,4.960416793823242,4.717196941375732,68851200
2017-10-10,5.007500171661377,5.023749828338623,4.904582977294922,4.970832824707031,4.7271013259887695,71757600
2017-10-11,4.964582920074463,5.016666889190674,4.943749904632568,5.014166831970215,4.768311500549316,59788800
2017-10-12,4.992917060852051,5.045000076293945,4.969167232513428,4.9870829582214355,4.742554664611816,66180000
2017-10-13,5.044582843780518,5.059999942779541,5.027082920074463,5.042916774749756,4.795650482177734,48873600
2017-10-16,5.0808329582214355,5.097499847412109,5.047082901000977,5.09499979019165,4.845180034637451,57079200
2017-10-17,5.088749885559082,5.1145830154418945,5.065000057220459,5.112916946411133,4.862218856811523,60189600
2017-10-18,5.127082824707031,5.1279168128967285,5.072082996368408,5.093332767486572,4.843595504760742,57900000
2017-10-19,5.005833148956299,5.037499904632568,4.929999828338623,5.037083148956299,4.790104389190674,80680800
2017-10-20,5.097499847412109,5.109582901000977,5.058750152587891,5.073750019073486,4.824972152709961,66554400
2017-10-23,5.105833053588867,5.107082843780518,4.955417156219482,4.9791669845581055,4.735027313232422,61456800
2017-10-24,5.0029168128967285,5.032083034515381,4.946249961853027,5.00458288192749,4.759196758270264,58872000
2017-10-25,4.970832824707031,5.019999980926514,4.832083225250244,4.943749904632568,4.701346397399902,89191200
2017-10-26,4.936666965484619,4.969583034515381,4.890832901000977,4.897916793823242,4.657761096954346,72768000
2017-10-27,5.130833148956299,5.349583148956299,5.117917060852051,5.320000171661377,5.059147834777832,147818400
2017-10-30,5.306666851043701,5.420000076293945,5.295000076293945,5.357916831970215,5.095206260681152,96556800
2017-10-31,5.405832767486572,5.439582824707031,5.362916946411133,5.414583206176758,5.1490936279296875,60196800
2017-11-01,5.482500076293945,5.489999771118164,5.347917079925537,5.40749979019165,5.142358303070068,83064000
2017-11-02,5.391250133514404,5.398749828338623,5.268750190734863,5.380000114440918,5.116207122802734,91780800
2017-11-03,5.437082767486572,5.536250114440918,5.382082939147949,5.53000020980835,5.258852481842041,86700000
2017-11-06,5.520417213439941,5.59499979019165,5.513750076293945,5.586249828338623,5.312343597412109,76096800
2017-11-07,5.573750019073486,5.62041711807251,5.539999961853027,5.595417022705078,5.321061611175537,93321600
2017-11-08,5.590000152587891,5.668749809265137,5.569167137145996,5.665417194366455,5.38762903213501,68863200
2017-11-09,5.527500152587891,5.5833330154418945,5.402082920074463,5.574583053588867,5.301249027252197,163195200
2017-11-10,5.537083148956299,5.5858330726623535,5.505833148956299,5.5729169845581055,5.299664497375488,66436800
2017-11-13,5.514166831970215,5.614167213439941,5.509582996368408,5.589582920074463,5.3155131340026855,75144000
2017-11-14,5.533332824707031,5.551667213439941,5.451666831970215,5.533332824707031,5.262020111083984,91000800
2017-11-15,5.462500095367432,5.497917175292969,5.364999771118164,5.452083110809326,5.184754848480225,80668800
2017-11-16,5.537917137145996,5.696249961853027,5.534999847412109,5.65625,5.37891149520874,80853600
2017-11-17,5.662083148956299,5.673333168029785,5.577917098999023,5.592916965484619,5.318683624267578,69352800
2017-11-20,5.6016669273376465,5.620832920074463,5.556666851043701,5.579166889190674,5.30560827255249,50059200
2017-11-21,5.657083034515381,5.766666889190674,5.651249885559082,5.755000114440918,5.472818851470947,70742400
2017-11-22,5.775416851043701,5.796249866485596,5.742917060852051,5.77791690826416,5.494613170623779,60117600
2017-11-24,5.800000190734863,5.847499847412109,5.7891669273376465,5.842916965484619,5.55642557144165,39952800
2017-11-27,5.835416793823242,5.875833034515381,5.795000076293945,5.8333330154418945,5.547311305999756,66837600
2017-11-28,5.872917175292969,5.889583110809326,5.779582977294922,5.87624979019165,5.588125228881836,70305600
2017-11-29,5.861667156219482,5.861667156219482,5.489999771118164,5.574166774749756,5.3008527755737305,208288800
2017-11-30,5.644166946411133,5.743332862854004,5.602083206176758,5.712500095367432,5.432403087615967,118780800
2017-12-01,5.602083206176758,5.717916965484619,5.387083053588867,5.636250019073486,5.359891414642334,170294400
2017-12-04,5.74666690826416,5.759582996368408,5.4245829582214355,5.441667079925537,5.174849987030029,165444000
2017-12-05,5.4320831298828125,5.637083053588867,5.372917175292969,5.449583053588867,5.182377815246582,115480800
2017-12-06,5.389166831970215,5.547916889190674,5.369166851043701,5.521667003631592,5.250927448272705,94759200
2017-12-07,5.525000095367432,5.625,5.503749847412109,5.576250076293945,5.3028340339660645,76156800
2017-12-08,5.699999809265137,5.740832805633545,5.625,5.650000095367432,5.372968673706055,88401600
2017-12-11,5.658750057220459,5.7866668701171875,5.65625,5.779582977294922,5.49619722366333,71568000
2017-12-12,5.771249771118164,5.80916690826416,5.7216668128967285,5.7579169273376465,5.475592613220215,73377600
2017-12-13,5.823332786560059,5.84499979019165,5.765832901000977,5.7866668701171875,5.502933502197266,83342400
2017-12-14,5.8204169273376465,5.8620829582214355,5.756249904632568,5.7783331871032715,5.495008945465088,71246400
2017-12-15,5.845832824707031,5.9920830726623535,5.814167022705078,5.966249942779541,5.673712253570557,111669600
2017-12-18,6.083749771118164,6.137083053588867,6.058332920074463,6.1195831298828125,5.819526672363281,81081600
2017-12-19,6.086667060852051,6.106249809265137,5.963749885559082,6.019999980926514,5.724826812744141,98868000
2017-12-20,6.077499866485596,6.079999923706055,5.920416831970215,5.994999885559082,5.701051712036133,71150400
2017-12-21,6.016250133514404,6.071249961853027,5.9716668128967285,5.9920830726623535,5.698277473449707,66518400
2017-12-22,5.966667175292969,5.978750228881836,5.921667098999023,5.97208309173584,5.679258346557617,42492000
2017-12-26,5.876667022705078,5.896667003631592,5.80791711807251,5.875417232513428,5.5873332023620605,48866400
2017-12-27,5.875833034515381,5.922500133514404,5.858333110809326,5.875417232513428,5.5873332023620605,45196800
2017-12-28,5.927499771118164,5.93291711807251,5.874166965484619,5.891250133514404,5.602390289306641,46730400
2017-12-29,5.913332939147949,5.913332939147949,5.7758331298828125,5.78000020980835,5.496594429016113,68558400
2018-01-02,5.870832920074463,6.08916711807251,5.828750133514404,6.076666831970215,5.778714656829834,91735200
2018-01-03,6.101250171661377,6.277500152587891,6.100417137145996,6.25458288192749,5.947906494140625,85224000
2018-01-04,6.327917098999023,6.350417137145996,6.269166946411133,6.291250228881836,5.982776165008545,70024800
2018-01-05,6.379167079925537,6.494999885559082,6.346250057220459,6.481249809265137,6.1634602546691895,82380000
2018-01-08,6.480416774749756,6.566667079925537,6.4741668701171875,6.553332805633545,6.232008457183838,72252000
2018-01-09,6.593332767486572,6.615417003631592,6.5,6.558332920074463,6.236764430999756,104169600
2018-01-10,6.467082977294922,6.514166831970215,6.383749961853027,6.511666774749756,6.192384719848633,95853600
2018-01-11,6.544582843780518,6.642083168029785,6.514166831970215,6.642083168029785,6.316407680511475,74839200
2018-01-12,6.6195831298828125,6.808750152587891,6.600832939147949,6.782917022705078,6.450335502624512,89560800
2018-01-16,6.920000076293945,7.02791690826416,6.670000076293945,6.730416774749756,6.400410175323486,165021600
2018-01-17,6.820000171661377,6.977083206176758,6.727917194366455,6.942500114440918,6.6020941734313965,82624800
2018-01-18,6.912083148956299,6.99541711807251,6.862916946411133,6.949166774749756,6.608434677124023,94394400
2018-01-19,7.008749961853027,7.045833110809326,6.910417079925537,7.015832901000977,6.6718316078186035,84948000
2018-01-22,6.999166965484619,7.235000133514404,6.981249809265137,7.235000133514404,6.880251884460449,103862400
2018-01-23,7.3045830726623535,7.43625020980835,7.293333053588867,7.418333053588867,7.054595947265625,129343200
2018-01-24,7.458749771118164,7.510832786560059,7.143750190734863,7.267917156219482,6.911554336547852,209073600
2018-01-25,7.419582843780518,7.425000190734863,7.1904168128967285,7.258749961853027,6.902838230133057,133300800
2018-01-26,7.375,7.582917213439941,7.336667060852051,7.582917213439941,7.211110591888428,106437600
2018-01-29,7.537917137145996,7.58916711807251,7.433750152587891,7.482500076293945,7.115616798400879,132348000
2018-01-30,7.274167060852051,7.389583110809326,7.178332805633545,7.291250228881836,6.933743000030518,132506400
2018-01-31,7.418749809265137,7.4608330726623535,7.25,7.381249904632568,7.019331455230713,110997600
2018-02-01,7.217916965484619,7.425000190734863,7.119999885559082,7.196667194366455,6.843798637390137,127968000
2018-02-02,7.116250038146973,7.15958309173584,6.746250152587891,6.757082939147949,6.425768852233887,190185600
2018-02-05,6.5729169845581055,6.90166711807251,5.94208288192749,5.977083206176758,5.684013366699219,230628000
2018-02-06,5.700832843780518,6.4583330154418945,5.62624979019165,6.437917232513428,6.122252464294434,239383200
2018-02-07,6.377500057220459,6.582917213439941,6.183332920074463,6.183332920074463,5.880150318145752,176112000
2018-02-08,6.2470831871032715,6.255833148956299,5.4166669845581055,5.417082786560059,5.151471138000488,216405600
2018-02-09,5.633333206176758,5.797916889190674,5.050000190734863,5.672082901000977,5.393967628479004,320344800
2018-02-12,5.865832805633545,6.099583148956299,5.717916965484619,5.9895830154418945,5.695899963378906,175056000
2018-02-13,5.884582996368408,6.108333110809326,5.848750114440918,6.0625,5.765242576599121,108055200
2018-02-14,5.9716668128967285,6.442500114440918,5.96541690826416,6.417500019073486,6.1028361320495605,168115200
2018-02-15,6.5833330154418945,6.761666774749756,6.382500171661377,6.7529168128967285,6.421806335449219,190375200
2018-02-16,6.703750133514404,6.894583225250244,6.639583110809326,6.677499771118164,6.350086688995361,170553600
2018-02-20,6.600832939147949,6.885000228881836,6.594583034515381,6.7108330726623535,6.381786346435547,145869600
2018-02-21,6.8070831298828125,7.008749961853027,6.6458330154418945,6.650416851043701,6.324332237243652,177477600
2018-02-22,6.7470831871032715,6.847917079925537,6.600832939147949,6.65166711807251,6.325521945953369,166603200
2018-02-23,6.802499771118164,7.052499771118164,6.730833053588867,7.047916889190674,6.7023420333862305,142768800
2018-02-26,7.158750057220459,7.334167003631592,7.1433329582214355,7.3308329582214355,6.971385478973389,133951200
2018-02-27,7.34375,7.3829169273376465,7.05916690826416,7.068333148956299,6.721756935119629,173308800
2018-02-28,7.18625020980835,7.256249904632568,6.9191670417785645,6.926249980926514,6.586641311645508,153014400
2018-03-01,6.941667079925537,7.0341668128967285,6.4033331871032715,6.592916965484619,6.269652366638184,251916000
2018-03-02,6.361667156219482,6.805832862854004,6.28249979019165,6.774167060852051,6.442013263702393,193399200
2018-03-05,6.678750038146973,7.046667098999023,6.59833288192749,6.986667156219482,6.6440958976745605,148881600
2018-03-06,7.0908331871032715,7.153749942779541,6.949999809265137,7.074999809265137,6.728096961975098,142060800
2018-03-07,6.920416831970215,7.1458330154418945,6.884167194366455,7.1279168128967285,6.778419494628906,133764000
2018-03-08,7.207499980926514,7.259167194366455,7.12958288192749,7.234167098999023,6.87946081161499,115168800
2018-03-09,7.3983330726623535,7.655416965484619,7.365832805633545,7.655416965484619,7.280055046081543,147348000
2018-03-12,7.7291669845581055,7.84041690826416,7.680832862854004,7.769999980926514,7.389019966125488,132679200
2018-03-13,7.7291669845581055,7.84041690826416,7.41083288192749,7.487916946411133,7.120767593383789,182292000
2018-03-14,7.582499980926514,7.605416774749756,7.366666793823242,7.462500095367432,7.096597194671631,133622400
2018-03-15,7.485000133514404,7.5754170417785645,7.360000133514404,7.429166793823242,7.0648980140686035,110896800
2018-03-16,7.4716668128967285,7.5283331871032715,7.366666793823242,7.380000114440918,7.0181427001953125,78268800
2018-03-19,7.187082767486572,7.187082767486572,6.711249828338623,6.9166669845581055,6.577527046203613,194232000
2018-03-20,6.918333053588867,7.016666889190674,6.84041690826416,6.96750020980835,6.6258673667907715,92193600
2018-03-21,6.9166669845581055,7.108333110809326,6.780832767486572,6.866666793823242,6.5299787521362305,132496800
2018-03-22,6.599999904632568,6.733333110809326,6.341667175292969,6.364999771118164,6.052910804748535,205879200
2018-03-23,6.341667175292969,6.3958330154418945,5.850832939147949,5.850832939147949,5.5639543533325195,217598400
2018-03-26,6.2083330154418945,6.534999847412109,5.932499885559082,6.509167194366455,6.190008163452148,183504000
2018-03-27,6.662083148956299,6.662083148956299,5.71541690826416,5.885000228881836,5.596445560455322,273614400
2018-03-28,5.782083034515381,5.950832843780518,5.5416669845581055,5.6820831298828125,5.403477668762207,242289600
2018-03-29,5.7683329582214355,6.154167175292969,5.605416774749756,5.99666690826416,5.702637672424316,197073600
2018-04-02,5.855000019073486,5.9375,5.282083034515381,5.46416711807251,5.196247577667236,244953600
2018-04-03,5.6145830154418945,5.716667175292969,5.349583148956299,5.647500038146973,5.370591163635254,221805600
2018-04-04,5.3179168701171875,5.9658331871032715,5.300000190734863,5.914583206176758,5.624578475952148,216729600
2018-04-05,6.0908331871032715,6.1145830154418945,5.881667137145996,6.007500171661377,5.712939262390137,183355200
2018-04-06,5.8204169273376465,5.992499828338623,5.475832939147949,5.55916690826416,5.286587238311768,232291200
2018-04-09,5.7058329582214355,6.010832786560059,5.647916793823242,5.670416831970215,5.392384052276611,175891200
2018-04-10,5.935417175292969,6.106249809265137,5.818333148956299,6.045000076293945,5.748599529266357,194875200
2018-04-11,5.941667079925537,6.140417098999023,5.925416946411133,5.943333148956299,5.651918411254883,143440800
2018-04-12,6.0625,6.21875,6.041250228881836,6.15166711807251,5.850038051605225,142766400
2018-04-13,6.250417232513428,6.27666711807251,5.985833168029785,6.060417175292969,5.763261318206787,142485600
2018-04-16,6.18416690826416,6.266250133514404,6.074166774749756,6.194167137145996,5.890453338623047,118298400
2018-04-17,6.380000114440918,6.638332843780518,6.347917079925537,6.59041690826416,6.267273902893066,124147200
2018-04-18,6.599999904632568,6.706250190734863,6.504167079925537,6.636250019073486,6.3108601570129395,118089600
2018-04-19,6.540417194366455,6.582499980926514,6.3854169845581055,6.4558329582214355,6.139289379119873,129019200
2018-04-20,6.40625,6.4166669845581055,6.079166889190674,6.146249771118164,5.84488582611084,140812800
2018-04-23,6.2316670417785645,6.304999828338623,6.0,6.097917079925537,5.798923015594482,123333600
2018-04-24,6.178332805633545,6.212082862854004,5.590000152587891,5.709167003631592,5.429234981536865,213019200
2018-04-25,5.736667156219482,5.800000190734863,5.494999885559082,5.7316670417785645,5.450631141662598,210816000
2018-04-26,5.949583053588867,6.1458330154418945,5.892499923706055,6.087082862854004,5.788619041442871,141993600
2018-04-27,6.353332996368408,6.360416889190674,5.99666690826416,6.101250171661377,5.8020920753479,164858400
2018-04-30,6.142083168029785,6.254167079925537,5.922082901000977,5.971250057220459,5.678467273712158,161124000
2018-05-01,5.9191670417785645,6.173333168029785,5.8804168701171875,6.165417194366455,5.863112926483154,116978400
2018-05-02,6.206250190734863,6.2604169845581055,6.0416669845581055,6.05791711807251,5.7608842849731445,143652000
2018-05-03,5.977083206176758,6.124582767486572,5.768750190734863,6.058332920074463,5.761279106140137,196072800
2018-05-04,5.9816670417785645,6.443749904632568,5.9658331871032715,6.399167060852051,6.085402011871338,185932800
2018-05-07,6.494166851043701,6.6220831871032715,6.4741668701171875,6.551249980926514,6.23002815246582,139063200
2018-05-08,6.516250133514404,6.5808329582214355,6.396249771118164,6.529582977294922,6.209423542022705,126715200
2018-05-09,6.574999809265137,6.764583110809326,6.504167079925537,6.748332977294922,6.417448043823242,114996000
2018-05-10,6.8125,6.972499847412109,6.797500133514404,6.9583330154418945,6.617150783538818,119006400
2018-05-11,6.922916889190674,6.984167098999023,6.845832824707031,6.9375,6.597339630126953,119697600
2018-05-14,6.981249809265137,7.103750228881836,6.9375,6.968332767486572,6.626659870147705,109183200
2018-05-15,6.802499771118164,6.814167022705078,6.630833148956299,6.742917060852051,6.412298202514648,174520800
2018-05-16,6.758333206176758,6.9166669845581055,6.756667137145996,6.8670830726623535,6.530374050140381,89712000
2018-05-17,6.797082901000977,6.9454169273376465,6.68874979019165,6.789583206176758,6.456675052642822,103219200
2018-05-18,6.712082862854004,6.779167175292969,6.6533331871032715,6.680832862854004,6.353256702423096,85466400
2018-05-21,6.834167003631592,6.926249980926514,6.7083330154418945,6.797500133514404,6.464202880859375,116892000
2018-05-22,6.884582996368408,6.920833110809326,6.732500076293945,6.762083053588867,6.43052339553833,96943200
2018-05-23,6.612500190734863,6.93625020980835,6.605833053588867,6.9320831298828125,6.59218692779541,123045600
2018-05-24,6.929999828338623,6.963749885559082,6.71750020980835,6.926249980926514,6.586641311645508,71110400
2018-05-25,6.928750038146973,7.019999980926514,6.883749961853027,6.943749904632568,6.603282928466797,63081600
2018-05-29,6.848750114440918,6.972499847412109,6.728750228881836,6.855000019073486,6.518884658813477,94451200
2018-05-30,6.925000190734863,7.034999847412109,6.881249904632568,7.00124979019165,6.657962799072266,70806400
2018-05-31,6.991250038146973,7.122499942779541,6.929999828338623,6.986249923706055,6.643699645996094,81056800
2018-06-01,7.081250190734863,7.322500228881836,7.081250190734863,7.31125020980835,6.952763557434082,77171200
2018-06-04,7.362500190734863,7.512499809265137,7.352499961853027,7.49875020980835,7.131069660186768,64049600
2018-06-05,7.558750152587891,7.613749980926514,7.476250171661377,7.576250076293945,7.204770088195801,55900000
2018-06-06,7.599999904632568,7.707499980926514,7.485000133514404,7.701250076293945,7.323641300201416,57628000
2018-06-07,7.711249828338623,7.715000152587891,7.403749942779541,7.522500038146973,7.153655052185059,78452000
2018-06-08,7.403749942779541,7.550000190734863,7.353750228881836,7.517499923706055,7.148899555206299,49320800
2018-06-11,7.49875020980835,7.632500171661377,7.494999885559082,7.576250076293945,7.204770088195801,40836000
2018-06-12,7.607500076293945,7.716249942779541,7.583749771118164,7.696249961853027,7.318885803222656,47848000
2018-06-13,7.724999904632568,7.866250038146973,7.642499923706055,7.6875,7.310564994812012,72247200
2018-06-14,7.797500133514404,7.957499980926514,7.776249885559082,7.921249866485596,7.532853603363037,90452800
2018-06-15,7.829999923706055,7.886250019073486,7.724999904632568,7.84250020980835,7.4579644203186035,77689600
2018-06-18,7.6875,7.84375,7.614999771118164,7.824999809265137,7.441323757171631,68726400
2018-06-19,7.523749828338623,7.757500171661377,7.452499866485596,7.755000114440918,7.374755382537842,107633600
2018-06-20,7.857500076293945,8.016249656677246,7.841249942779541,7.917500019073486,7.529287338256836,79644800
2018-06-21,7.972499847412109,7.99875020980835,7.666250228881836,7.712500095367432,7.334338188171387,102280800
2018-06-22,7.789999961853027,7.797500133514404,7.576250076293945,7.635000228881836,7.260639667510986,62227200
2018-06-25,7.452499866485596,7.483749866485596,6.93625020980835,7.147500038146973,6.7970428466796875,171306400
2018-06-26,7.216249942779541,7.347499847412109,7.137499809265137,7.226250171661377,6.871932029724121,94165600
2018-06-27,7.317500114440918,7.414999961853027,6.914999961853027,6.93625020980835,6.596149921417236,131838400
2018-06-28,6.902500152587891,7.176249980926514,6.858749866485596,7.106249809265137,6.757815361022949,111300000
2018-06-29,7.208749771118164,7.320000171661377,7.132500171661377,7.138750076293945,6.788721084594727,78536000
2018-07-02,6.957499980926514,7.307499885559082,6.909999847412109,7.298749923706055,6.940876007080078,83296800
2018-07-03,7.377500057220459,7.385000228881836,7.028749942779541,7.047500133514404,6.701945781707764,56425600
2018-07-05,7.18625020980835,7.323750019073486,7.073750019073486,7.306250095367432,6.948008060455322,65622400
2018-07-06,7.351250171661377,7.661250114440918,7.315000057220459,7.635000228881836,7.260639667510986,75012000
2018-07-09,7.760000228881836,7.856249809265137,7.673749923706055,7.847499847412109,7.462719917297363,72377600
2018-07-10,7.881249904632568,7.918749809265137,7.784999847412109,7.866250038146973,7.4805498123168945,66784000
2018-07-11,7.6875,7.832499980926514,7.661250114440918,7.75124979019165,7.371188163757324,79829600
2018-07-12,7.846250057220459,8.140000343322754,7.829999923706055,8.133749961853027,7.7349348068237305,81352000
2018-07-13,8.135000228881836,8.203749656677246,8.073749542236328,8.157500267028809,7.75752067565918,67876000
2018-07-16,8.163749694824219,8.207500457763672,8.0600004196167,8.102499961853027,7.705215930938721,55560000
2018-07-17,7.849999904632568,8.300000190734863,7.847499847412109,8.2524995803833,7.847860813140869,75593600
2018-07-18,8.25,8.273750305175781,8.125,8.199999809265137,7.797935485839844,46537600
2018-07-19,8.119999885559082,8.194999694824219,8.047499656677246,8.078749656677246,7.68263053894043,76874400
2018-07-20,8.145000457763672,8.228750228881836,8.041250228881836,8.067500114440918,7.671932220458984,57396000
2018-07-23,7.996250152587891,8.1537504196167,7.900000095367432,8.137499809265137,7.738500595092773,63027200
2018-07-24,8.393750190734863,8.481249809265137,8.143750190734863,8.241250038146973,7.83716344833374,95066400
2018-07-25,8.2524995803833,8.601249694824219,8.24625015258789,8.585000038146973,8.164057731628418,77241600
2018-07-26,8.239999771118164,8.317500114440918,8.163749694824219,8.210000038146973,7.8074445724487305,111888000
2018-07-27,8.354999542236328,8.362500190734863,7.722499847412109,7.867499828338623,7.481739521026611,118098400
2018-07-30,7.868750095367432,7.87624979019165,7.414999961853027,7.528749942779541,7.1595988273620605,100805600
2018-07-31,7.608749866485596,7.786250114440918,7.488749980926514,7.678750038146973,7.302244663238525,95712000
2018-08-01,7.75,7.853750228881836,7.65500020980835,7.783750057220459,7.402095794677734,69301600
2018-08-02,7.612500190734863,8.125,7.605000019073486,8.09375,7.696895599365234,92242400
2018-08-03,8.136249542236328,8.173749923706055,8.037500381469727,8.166250228881836,7.765840530395508,72133600
2018-08-06,8.15625,8.321249961853027,8.123749732971191,8.31624984741211,7.908487319946289,68068000
2018-08-07,8.381250381469727,8.449999809265137,8.331250190734863,8.397500038146973,7.985752582550049,71970400
2018-08-08,8.369999885559082,8.481249809265137,8.300000190734863,8.420000076293945,8.007149696350098,63434400
2018-08-09,8.412500381469727,8.512499809265137,8.3774995803833,8.412500381469727,8.000018119812012,54530400
2018-08-10,8.244999885559082,8.318750381469727,8.1274995803833,8.2162504196167,7.813390731811523,85626400
2018-08-13,8.261249542236328,8.421250343322754,8.181249618530273,8.192500114440918,7.790804386138916,92674400
2018-08-14,8.282500267028809,8.373749732971191,8.1537504196167,8.34375,7.934638977050781,60727200
2018-08-15,8.154999732971191,8.225000381469727,7.885000228881836,8.039999961853027,7.64578104019165,115857600
2018-08-16,8.217499732971191,8.268750190734863,8.06624984741211,8.113750457763672,7.715916633605957,65142400
2018-08-17,8.048749923706055,8.177499771118164,7.901249885559082,8.112500190734863,7.714726448059082,70262400
2018-08-20,8.171250343322754,8.178750038146973,8.0,8.0962495803833,7.699272632598877,67461600
2018-08-21,8.167499542236328,8.327500343322754,8.151249885559082,8.180000305175781,7.7789177894592285,67069600
2018-08-22,8.125,8.302499771118164,8.098750114440918,8.274999618530273,7.869257926940918,63313600
2018-08-23,8.233750343322754,8.407500267028809,8.196249961853027,8.233750343322754,7.8300299644470215,71133600
2018-08-24,8.321249961853027,8.483750343322754,8.3125,8.462499618530273,8.047565460205078,63956800
2018-08-27,8.598750114440918,8.71875,8.552499771118164,8.717499732971191,8.290060997009277,72851200
2018-08-28,8.789999961853027,8.821249961853027,8.704999923706055,8.756250381469727,8.326912879943848,65224800
2018-08-29,8.801250457763672,9.074999809265137,8.793749809265137,9.0625,8.618144989013672,65735200
2018-08-30,9.007499694824219,9.170000076293945,8.918749809265137,9.011249542236328,8.569409370422363,87863200
2018-08-31,8.977499961853027,9.118749618530273,8.946249961853027,9.037500381469727,8.594371795654297,63180000
2018-09-04,8.958749771118164,9.00374984741211,8.7787504196167,8.930000305175781,8.492143630981445,80209600
2018-09-05,8.875,8.87874984741211,8.489999771118164,8.574999809265137,8.15455150604248,107729600
2018-09-06,8.59000015258789,8.616250038146973,8.172499656677246,8.3412504196167,7.932259559631348,115504800
2018-09-07,8.170000076293945,8.461250305175781,8.15250015258789,8.258749961853027,7.8538055419921875,77009600
2018-09-10,8.386249542236328,8.40250015258789,8.19124984741211,8.331250190734863,7.922752380371094,55448800
2018-09-11,8.2212495803833,8.5600004196167,8.162500381469727,8.516249656677246,8.098679542541504,70522400
2018-09-12,8.481249809265137,8.498749732971191,8.223750114440918,8.442500114440918,8.028547286987305,88261600
2018-09-13,8.587499618530273,8.7524995803833,8.583749771118164,8.692500114440918,8.266286849975586,74676000
2018-09-14,8.723750114440918,8.767499923706055,8.526249885559082,8.626250267028809,8.203287124633789,76688000
2018-09-17,8.577500343322754,8.603750228881836,8.232500076293945,8.262499809265137,7.857371807098389,72823200
2018-09-18,8.279999732971191,8.581250190734863,8.267499923706055,8.458749771118164,8.043998718261719,72758400
2018-09-19,8.462499618530273,8.522500038146973,8.273750305175781,8.4399995803833,8.026167869567871,58962400
2018-09-20,8.602499961853027,8.7475004196167,8.545000076293945,8.704999923706055,8.27817440032959,62683200
2018-09-21,8.782500267028809,8.822500228881836,8.538749694824219,8.56624984741211,8.14622688293457,60281600
2018-09-24,8.388750076293945,8.648750305175781,8.279999732971191,8.640000343322754,8.216361045837402,52875200
2018-09-25,8.623749732971191,8.69124984741211,8.538749694824219,8.675000190734863,8.249646186828613,43259200
2018-09-26,8.682499885559082,8.93375015258789,8.638750076293945,8.666250228881836,8.241323471069336,70920000
2018-09-27,8.795000076293945,8.9975004196167,8.7787504196167,8.90625,8.469557762145996,58525600
2018-09-28,8.829999923706055,8.96875,8.78499984741211,8.892499923706055,8.45648193359375,61857600
2018-10-01,9.0625,9.146249771118164,8.885000228881836,8.943750381469727,8.505218505859375,68232000
2018-10-02,8.920000076293945,9.095000267028809,8.829999923706055,8.892499923706055,8.45648193359375,64787200
2018-10-03,9.001250267028809,9.0625,8.87874984741211,8.918749809265137,8.48144245147705,66569600
2018-10-04,8.8125,8.822500228881836,8.212499618530273,8.40999984741211,7.99763822555542,150889600
2018-10-05,8.399999618530273,8.478750228881836,7.852499961853027,8.09375,7.696895599365234,132924000
2018-10-08,7.980000019073486,8.15625,7.65500020980835,7.948750019073486,7.559005260467529,119353600
2018-10-09,7.958749771118164,8.199999809265137,7.898749828338623,8.010000228881836,7.617252349853516,104289600
2018-10-10,7.87375020980835,7.882500171661377,6.929999828338623,6.971250057220459,6.629434585571289,242856000
2018-10-11,6.87624979019165,7.15625,6.478750228881836,6.68874979019165,6.360785007476807,222432000
2018-10-12,7.222499847412109,7.315000057220459,6.849999904632568,7.253749847412109,6.898082256317139,168488000
2018-10-15,7.182499885559082,7.213749885559082,6.90625,6.980000019073486,6.637755393981934,159735200
2018-10-16,7.204999923706055,7.646249771118164,7.168749809265137,7.581250190734863,7.209524631500244,124466400
2018-10-17,7.710000038146973,7.722499847412109,7.368750095367432,7.606249809265137,7.233298301696777,130120800
2018-10-18,7.507500171661377,7.516250133514404,6.976250171661377,7.078750133514404,6.731663227081299,156348800
2018-10-19,7.223750114440918,7.423749923706055,6.973750114440918,7.050000190734863,6.704323768615723,134836800
2018-10-22,7.176249980926514,7.322500228881836,6.996250152587891,7.15625,6.805363178253174,114926400
2018-10-23,6.773749828338623,7.184999942779541,6.528749942779541,7.077499866485596,6.730474472045898,176781600
2018-10-24,7.051249980926514,7.087500095367432,6.085000038146973,6.114999771118164,5.81516695022583,204842400
2018-10-25,6.386250019073486,6.846250057220459,6.303750038146973,6.742499828338623,6.411901473999023,152073600
2018-10-26,6.050000190734863,6.603750228881836,5.934999942779541,6.21875,5.913830757141113,244761600
2018-10-29,6.497499942779541,6.574999809265137,5.480000019073486,5.886250019073486,5.5976338386535645,217961600
2018-10-30,5.78000020980835,6.131249904632568,5.696249961853027,6.113749980926514,5.813979625701904,184865600
2018-10-31,6.40625,6.707499980926514,6.40625,6.526249885559082,6.206254005432129,180157600
2018-11-01,6.583749771118164,6.827499866485596,6.429999828338623,6.81125020980835,6.477280616760254,126066400
2018-11-02,6.743750095367432,6.866250038146973,6.349999904632568,6.506249904632568,6.1872334480285645,174357600
2018-11-05,6.510000228881836,6.517499923706055,6.21999979019165,6.442500114440918,6.126608848571777,102600800
2018-11-06,6.426249980926514,6.691249847412109,6.408750057220459,6.578750133514404,6.256180286407471,111461600
2018-11-07,6.81374979019165,7.195000171661377,6.771249771118164,7.183750152587891,6.831514835357666,138552000
2018-11-08,7.098750114440918,7.164999961853027,6.957499980926514,7.06125020980835,6.715022087097168,117524800
2018-11-09,6.864999771118164,6.909999847412109,6.536250114440918,6.702499866485596,6.373862266540527,136739200
2018-11-12,6.5625,6.598750114440918,6.073750019073486,6.113749980926514,5.813979625701904,154367200
2018-11-13,6.183750152587891,6.4375,6.054999828338623,6.111249923706055,5.811601638793945,154454400
2018-11-14,6.284999847412109,6.352499961853027,5.860000133514404,5.956250190734863,5.664201736450195,156124000
2018-11-15,5.923749923706055,6.326250076293945,5.776249885559082,6.275000095367432,5.96732234954834,169816800
2018-11-16,6.09499979019165,6.300000190734863,6.014999866485596,6.206250190734863,5.901943206787109,134324800
2018-11-19,6.114999771118164,6.143750190734863,5.550000190734863,5.611249923706055,5.336117744445801,186492000
2018-11-20,5.215000152587891,5.53000020980835,5.087500095367432,5.300000190734863,5.0401291847229,202991200
2018-11-21,5.503749847412109,5.577499866485596,5.389999866485596,5.418749809265137,5.153057098388672,115115200
2018-11-23,5.284999847412109,5.465000152587891,5.28125,5.298749923706055,5.038940906524658,56880000
2018-11-26,5.522500038146973,5.672500133514404,5.452499866485596,5.662499904632568,5.3848557472229,119964800
2018-11-27,5.577499866485596,5.764999866485596,5.486249923706055,5.721250057220459,5.440724849700928,120163200
2018-11-28,5.849999904632568,6.269999980926514,5.75,6.263750076293945,5.956625461578369,195064800
2018-11-29,6.190000057220459,6.333749771118164,6.059999942779541,6.206250190734863,5.901943206787109,129044800
2018-11-30,6.230000019073486,6.355000019073486,6.141250133514404,6.336249828338623,6.025568962097168,116635200
2018-12-03,6.760000228881836,6.787499904632568,6.53125,6.661250114440918,6.334634304046631,149343200
2018-12-04,6.568749904632568,6.62375020980835,5.883749961853027,5.928750038146973,5.638051509857178,210096000
2018-12-06,5.551249980926514,6.027500152587891,5.478750228881836,6.014999866485596,5.720070838928223,196156000
2018-12-07,5.949999809265137,6.052499771118164,5.375,5.426249980926514,5.160188674926758,222987200
2018-12-10,5.394999980926514,5.670000076293945,5.227499961853027,5.596250057220459,5.321854114532471,176468800
2018-12-11,5.866250038146973,5.875,5.511250019073486,5.65625,5.37891149520874,172163200
2018-12-12,5.902500152587891,6.066249847412109,5.796249866485596,5.798749923706055,5.514424800872803,169451200
2018-12-13,5.912499904632568,5.986249923706055,5.690000057220459,5.800000190734863,5.515613079071045,164724800
2018-12-14,5.611249923706055,5.666250228881836,5.338749885559082,5.362500190734863,5.099564552307129,156177600
2018-12-17,5.308750152587891,5.43625020980835,4.886250019073486,5.016250133514404,4.770292282104492,200592800
2018-12-18,5.135000228881836,5.25124979019165,4.971250057220459,5.099999904632568,4.849936008453369,157893600
2018-12-19,5.088749885559082,5.323750019073486,4.610000133514404,4.731249809265137,4.499267578125,307862400
2018-12-20,4.683750152587891,4.847499847412109,4.341249942779541,4.541250228881836,4.318582534790039,320818400
2018-12-21,4.581250190734863,4.676249980926514,4.026249885559082,4.102499961853027,3.901346206665039,369034400
2018-12-24,4.0,4.161250114440918,3.7899999618530273,3.7987499237060547,3.6124889850616455,175600800
2018-12-26,3.9124999046325684,4.492499828338623,3.8299999237060547,4.482500076293945,4.268472194671631,378235200
2018-12-27,4.324999809265137,4.550000190734863,4.014999866485596,4.546249866485596,4.3291778564453125,341834400
2018-12-28,4.625,4.763750076293945,4.421249866485596,4.527500152587891,4.3113226890563965,304842400
2018-12-31,4.670000076293945,4.710000038146973,4.506249904632568,4.630000114440918,4.408928871154785,216966400
2019-01-02,4.347499847412109,4.778749942779541,4.341249942779541,4.696249961853027,4.472015857696533,271665600
2019-01-03,4.497499942779541,4.551249980926514,4.203750133514404,4.241250038146973,4.038741111755371,330510400
2019-01-04,4.443749904632568,4.84499979019165,4.396249771118164,4.783750057220459,4.555338382720947,272964000
2019-01-07,4.808750152587891,5.018750190734863,4.766250133514404,4.93625020980835,4.700556755065918,213106400
2019-01-08,5.086249828338623,5.138750076293945,4.862500190734863,5.078750133514404,4.836252689361572,211622400
2019-01-09,5.139999866485596,5.271249771118164,5.074999809265137,5.198750019073486,4.950522422790527,178098400
2019-01-10,5.079999923706055,5.253749847412109,4.994999885559082,5.24875020980835,4.998136520385742,175131200
2019-01-11,5.15500020980835,5.203750133514404,5.101250171661377,5.18625020980835,4.938618183135986,120804800
2019-01-14,5.053750038146973,5.117499828338623,4.982500076293945,5.051249980926514,4.810065746307373,111383200
2019-01-15,5.117499828338623,5.364999771118164,5.107500076293945,5.331250190734863,5.076695919036865,145125600
2019-01-16,5.371250152587891,5.482500076293945,5.335000038146973,5.338749885559082,5.083837509155273,135892800
2019-01-17,5.287499904632568,5.533750057220459,5.257500171661377,5.463749885559082,5.202869892120361,142040000
2019-01-18,5.590000152587891,5.701250076293945,5.481249809265137,5.613749980926514,5.345707893371582,166908800
2019-01-22,5.50124979019165,5.510000228881836,5.164999961853027,5.303750038146973,5.050509929656982,181734400
2019-01-23,5.368750095367432,5.4375,5.127500057220459,5.308750152587891,5.055270195007324,166093600
2019-01-24,5.352499961853027,5.427499771118164,5.292500019073486,5.402500152587891,5.14454460144043,128115200
2019-01-25,5.53249979019165,5.646249771118164,5.477499961853027,5.59499979019165,5.327852725982666,139513600
2019-01-28,5.37624979019165,5.388750076293945,5.25124979019165,5.388750076293945,5.13145112991333,140359200
2019-01-29,5.398749828338623,5.401249885559082,5.178750038146973,5.236249923706055,4.986232757568359,122530400
2019-01-30,5.412499904632568,5.690000057220459,5.361249923706055,5.628749847412109,5.359990119934082,175824000
2019-01-31,5.727499961853027,5.965000152587891,5.710000038146973,5.87624979019165,5.595674514770508,160575200
2019-02-01,5.792500019073486,5.927499771118164,5.757500171661377,5.801249980926514,5.524254322052002,141561600
2019-02-04,5.808750152587891,6.019999980926514,5.792500019073486,6.013750076293945,5.726608753204346,110976800
2019-02-05,6.046249866485596,6.199999809265137,6.037499904632568,6.172500133514404,5.877779483795166,128916800
2019-02-06,6.184999942779541,6.216249942779541,6.039999961853027,6.12375020980835,5.831357002258301,145420000
2019-02-07,5.958749771118164,6.003749847412109,5.736249923706055,5.87375020980835,5.5932936668396,209793600
2019-02-08,5.713749885559082,5.90625,5.699999809265137,5.903749942779541,5.621860504150391,144722400
2019-02-11,5.971250057220459,6.013750076293945,5.84499979019165,5.889999866485596,5.608766555786133,121196800
2019-02-12,6.016250133514404,6.173749923706055,5.986249923706055,6.144999980926514,5.851591110229492,128226400
2019-02-13,6.232500076293945,6.284999847412109,6.139999866485596,6.15749979019165,5.863494873046875,127609600
2019-02-14,6.087500095367432,6.243750095367432,6.027500152587891,6.179999828338623,5.884921073913574,153369600
2019-02-15,6.31374979019165,6.315000057220459,6.170000076293945,6.253749847412109,5.955150127410889,142496000
2019-02-19,6.195000171661377,6.348750114440918,6.195000171661377,6.291250228881836,5.990859031677246,103572800
2019-02-20,6.306250095367432,6.378749847412109,6.18625020980835,6.286250114440918,5.986097812652588,171065600
2019-02-21,6.233749866485596,6.286250114440918,6.116250038146973,6.215000152587891,5.918250560760498,128493600
2019-02-22,6.257500171661377,6.364999771118164,6.246250152587891,6.349999904632568,6.046802997589111,119637600
2019-02-25,6.50124979019165,6.547500133514404,6.40749979019165,6.420000076293945,6.113461017608643,124102400
2019-02-26,6.369999885559082,6.5,6.340000152587891,6.440000057220459,6.132505893707275,105356800
2019-02-27,6.353750228881836,6.447500228881836,6.223750114440918,6.420000076293945,6.113461017608643,115844000
2019-02-28,6.363749980926514,6.447500228881836,6.324999809265137,6.380000114440918,6.075370788574219,92063200
2019-03-01,6.514999866485596,6.536250114440918,6.377500057220459,6.507500171661377,6.196783065795898,140156800
2019-03-04,6.621250152587891,6.666250228881836,6.293749809265137,6.508749961853027,6.197973728179932,213088000
2019-03-05,6.522500038146973,6.585000038146973,6.427499771118164,6.525000095367432,6.213447570800781,100348800
2019-03-06,6.541250228881836,6.547500133514404,6.382500171661377,6.412499904632568,6.106318473815918,123468800
2019-03-07,6.360000133514404,6.367499828338623,6.103750228881836,6.178750038146973,5.883730411529541,169306400
2019-03-08,5.96750020980835,6.152500152587891,5.945000171661377,6.143750190734863,5.850401401519775,174936800
2019-03-11,6.216249942779541,6.538750171661377,6.216249942779541,6.527500152587891,6.215829849243164,128468000
2019-03-12,6.578750133514404,6.683750152587891,6.53125,6.633749961853027,6.317004680633545,151606400
2019-03-13,6.733749866485596,6.886250019073486,6.707499980926514,6.777500152587891,6.453892230987549,145129600
2019-03-14,6.789999961853027,6.815000057220459,6.737500190734863,6.747499942779541,6.4253249168396,95443200
2019-03-15,6.826250076293945,6.992499828338623,6.807499885559082,6.914999961853027,6.584826469421387,138845600
2019-03-18,6.921249866485596,7.042500019073486,6.880000114440918,6.977499961853027,6.644342422485352,148994400
2019-03-19,7.067500114440918,7.159999847412109,6.961249828338623,7.047500133514404,6.711000442504883,164380800
2019-03-20,7.043749809265137,7.256249904632568,6.948750019073486,7.12624979019165,6.788397789001465,183522400
2019-03-21,7.059999942779541,7.487500190734863,7.056250095367432,7.456250190734863,7.102751731872559,151957600
2019-03-22,7.358749866485596,7.418749809265137,6.942500114440918,6.96875,6.638364791870117,267601600
2019-03-25,6.882500171661377,6.996250152587891,6.772500038146973,6.925000190734863,6.596689224243164,210369600
2019-03-26,7.086249828338623,7.210000038146973,6.913750171661377,7.019999980926514,6.687184810638428,175872000
2019-03-27,7.048749923706055,7.097499847412109,6.731249809265137,6.882500171661377,6.556203365325928,176810400
2019-03-28,6.933750152587891,7.003749847412109,6.803750038146973,6.926249980926514,6.597879886627197,128437600
2019-03-29,7.078750133514404,7.102499961853027,6.960000038146973,7.082499980926514,6.746721267700195,126980000
2019-04-01,7.287499904632568,7.387499809265137,7.212500095367432,7.361249923706055,7.012256145477295,122364800
2019-04-02,7.386250019073486,7.465000152587891,7.328750133514404,7.442500114440918,7.089653968811035,106728800
2019-04-03,7.567500114440918,7.711249828338623,7.50124979019165,7.571249961853027,7.2123003005981445,151384000
2019-04-04,7.572500228881836,7.659999847412109,7.428750038146973,7.559999942779541,7.201583385467529,143620800
2019-04-05,7.632500171661377,7.6875,7.597499847412109,7.673749923706055,7.309940814971924,104654400
2019-04-08,7.635000228881836,7.74875020980835,7.545000076293945,7.733749866485596,7.367096424102783,103460000
2019-04-09,7.65500020980835,7.728750228881836,7.599999904632568,7.648749828338623,7.286125183105469,104121600
2019-04-10,7.682499885559082,7.777500152587891,7.653749942779541,7.772500038146973,7.404009819030762,99244000
2019-04-11,7.801249980926514,7.803750038146973,7.670000076293945,7.713749885559082,7.348043918609619,111770400
2019-04-12,7.8125,7.824999809265137,7.716249942779541,7.808750152587891,7.438540935516357,95228000
2019-04-15,7.808750152587891,7.840000152587891,7.65749979019165,7.815000057220459,7.444494247436523,83369600
2019-04-16,7.893750190734863,7.943749904632568,7.823750019073486,7.891250133514404,7.517129421234131,94287200
2019-04-17,8.045000076293945,8.069999694824219,7.901249885559082,7.96999979019165,7.592145919799805,114422400
2019-04-18,8.010000228881836,8.013750076293945,7.858749866485596,7.994999885559082,7.6159586906433105,91903200
2019-04-22,7.893750190734863,8.073749542236328,7.875,8.0625,7.68026065826416,75756800
2019-04-23,8.126250267028809,8.399999618530273,8.0912504196167,8.368749618530273,7.971991062164307,104954400
2019-04-24,8.387499809265137,8.422499656677246,8.2837495803833,8.287500381469727,7.894594192504883,95075200
2019-04-25,8.4712495803833,8.481249809265137,8.25374984741211,8.380000114440918,7.982707500457764,119690400
2019-04-26,8.351249694824219,8.412500381469727,8.137499809265137,8.40999984741211,8.011285781860352,110516800
2019-04-29,8.407500267028809,8.49625015258789,8.367500305175781,8.454999923706055,8.054152488708496,83797600
2019-04-30,8.25,8.301250457763672,8.083749771118164,8.261249542236328,7.869586944580078,127595200
2019-05-01,8.414999961853027,8.488750457763672,8.157500267028809,8.166250228881836,7.779091835021973,125916000
2019-05-02,8.168749809265137,8.291250228881836,7.90625,8.06624984741211,7.68383264541626,141288800
2019-05-03,8.267499923706055,8.46875,8.223750114440918,8.446249961853027,8.045816421508789,108889600
2019-05-06,7.913750171661377,8.327500343322754,7.869999885559082,8.295000076293945,7.90173864364624,161715200
2019-05-07,8.026249885559082,8.1274995803833,7.579999923706055,7.8125,7.442112922668457,237529600
2019-05-08,7.733749866485596,7.923749923706055,7.648749828338623,7.743750095367432,7.376622676849365,161237600
2019-05-09,7.494999885559082,7.698750019073486,7.283750057220459,7.621250152587891,7.25993013381958,220417600
2019-05-10,7.53000020980835,7.753749847412109,7.15500020980835,7.642499923706055,7.280173301696777,227858400
2019-05-13,7.059999942779541,7.178750038146973,6.783750057220459,6.852499961853027,6.5276265144348145,234920800
2019-05-14,6.952499866485596,7.197500228881836,6.878749847412109,7.067500114440918,6.732432842254639,140192000
2019-05-15,6.932499885559082,7.423749923706055,6.923749923706055,7.361249923706055,7.012256145477295,176160000
2019-05-16,7.375,7.727499961853027,7.351250171661377,7.591249942779541,7.231353282928467,174026400
2019-05-17,7.361249923706055,7.667500019073486,7.333749771118164,7.355000019073486,7.006302833557129,182510400
2019-05-20,7.047500133514404,7.128749847412109,6.90625,6.986249923706055,6.655035018920898,184368800
2019-05-21,7.158750057220459,7.255000114440918,7.091249942779541,7.196249961853027,6.855077743530273,114487200
2019-05-22,7.072500228881836,7.222499847412109,7.070000171661377,7.102499961853027,6.765773296356201,128912800
2019-05-23,6.857500076293945,6.860000133514404,6.638750076293945,6.767499923706055,6.4466552734375,207680800
2019-05-24,6.883749961853027,6.949999809265137,6.735000133514404,6.757500171661377,6.437129974365234,137225600
2019-05-28,6.817500114440918,6.926249980926514,6.678750038146973,6.684999942779541,6.368066787719727,116903200
2019-05-29,6.56125020980835,6.625,6.40749979019165,6.517499923706055,6.208507537841797,177921600
2019-05-30,6.566249847412109,6.647500038146973,6.480000019073486,6.59499979019165,6.282333850860596,136428000
2019-05-31,6.358749866485596,6.426249980926514,6.267499923706055,6.277500152587891,5.979886531829834,140600800
2019-06-03,6.227499961853027,6.275000095367432,5.766250133514404,5.87624979019165,5.597660064697266,241812800
2019-06-04,6.050000190734863,6.360000133514404,5.988749980926514,6.352499961853027,6.05133056640625,163869600
2019-06-05,6.536250114440918,6.539999961853027,6.296249866485596,6.492499828338623,6.184692859649658,152316800
2019-06-06,6.525000095367432,6.693749904632568,6.43874979019165,6.642499923706055,6.327581405639648,100302400
2019-06-07,6.75,7.114999771118164,6.727499961853027,7.021249771118164,6.688375473022461,151548000
2019-06-10,7.170000076293945,7.477499961853027,7.170000076293945,7.277500152587891,6.932476997375488,183272000
2019-06-11,7.507500171661377,7.546249866485596,7.231249809265137,7.304999828338623,6.958672523498535,137447200
2019-06-12,7.241250038146973,7.287499904632568,7.137499809265137,7.181250095367432,6.840789318084717,110176000
2019-06-13,7.266250133514404,7.353750228881836,7.222499847412109,7.298749923706055,6.952719688415527,98559200
2019-06-14,7.183750152587891,7.262499809265137,7.12375020980835,7.203750133514404,6.8622236251831055,77144800
2019-06-17,7.24875020980835,7.396249771118164,7.230000019073486,7.335000038146973,6.987249851226807,75050400
2019-06-18,7.59375,7.81125020980835,7.538750171661377,7.652500152587891,7.289698600769043,141829600
2019-06-19,7.691249847412109,7.795000076293945,7.550000190734863,7.742499828338623,7.375431060791016,136979200
2019-06-20,8.061249732971191,8.06624984741211,7.778749942779541,7.954999923706055,7.577857494354248,119355200
2019-06-21,7.913750171661377,8.067500114440918,7.868750095367432,7.918749809265137,7.5433244705200195,104646400
2019-06-24,7.961249828338623,7.986249923706055,7.901249885559082,7.916250228881836,7.5409440994262695,68938400
2019-06-25,7.897500038146973,7.909999847412109,7.472499847412109,7.511250019073486,7.155144214630127,139623200
2019-06-26,7.652500152587891,7.797500133514404,7.574999809265137,7.606249809265137,7.245640277862549,94115200
2019-06-27,7.68874979019165,7.74875020980835,7.631249904632568,7.68874979019165,7.3242292404174805,75270400
2019-06-28,7.747499942779541,7.773749828338623,7.638750076293945,7.721250057220459,7.355189323425293,98932800
2019-07-01,8.162500381469727,8.193750381469727,7.923749923706055,8.0287504196167,7.648110866546631,144820800
2019-07-02,8.020000457763672,8.126250267028809,7.954999923706055,8.126250267028809,7.740987777709961,81248800
2019-07-03,8.177499771118164,8.306249618530273,8.157500267028809,8.306249618530273,7.912454605102539,67127200
2019-07-05,8.136249542236328,8.298749923706055,8.038749694824219,8.2524995803833,7.8612518310546875,116844800
2019-07-08,8.098750114440918,8.100000381469727,7.977499961853027,8.078749656677246,7.695738792419434,105787200
2019-07-09,7.958749771118164,8.227499961853027,7.941249847412109,8.199999809265137,7.8112406730651855,88595200
2019-07-10,8.350000381469727,8.511249542236328,8.300000190734863,8.442500114440918,8.042245864868164,154109600
2019-07-11,8.483750343322754,8.537500381469727,8.338749885559082,8.420000076293945,8.0208101272583,127849600
2019-07-12,8.443750381469727,8.563750267028809,8.422499656677246,8.561249732971191,8.155364036560059,89192800
2019-07-15,8.619999885559082,8.648750305175781,8.551250457763672,8.633749961853027,8.224428176879883,73394400
2019-07-16,8.606249809265137,8.635000228881836,8.430000305175781,8.511249542236328,8.107734680175781,111992000
2019-07-17,8.515000343322754,8.553750038146973,8.380000114440918,8.385000228881836,7.987471103668213,92508000
2019-07-18,8.261249542236328,8.457500457763672,8.178750038146973,8.421250343322754,8.022002220153809,135568000
2019-07-19,8.587499618530273,8.587499618530273,8.196249961853027,8.217499732971191,7.827910900115967,140779200
2019-07-22,8.279999732971191,8.4662504196167,8.27750015258789,8.411250114440918,8.01247501373291,95506400
2019-07-23,8.551250457763672,8.577500343322754,8.380000114440918,8.573749542236328,8.16727066040039,116049600
2019-07-24,8.479999542236328,8.756250381469727,8.475000381469727,8.756250381469727,8.341119766235352,109244800
2019-07-25,8.667499542236328,8.668749809265137,8.454999923706055,8.506250381469727,8.102972984313965,150075200
2019-07-26,8.662500381469727,8.798749923706055,8.65250015258789,8.758749961853027,8.343501091003418,111478400
2019-07-29,8.744999885559082,8.744999885559082,8.508749961853027,8.677499771118164,8.26610279083252,113275200
2019-07-30,8.477499961853027,8.65999984741211,8.457500457763672,8.561249732971191,8.155364036560059,111504000
2019-07-31,8.62874984741211,8.643750190734863,7.962500095367432,8.199999809265137,7.8112406730651855,196340800
2019-08-01,8.244999885559082,8.699999809265137,7.954999923706055,8.085000038146973,7.701694011688232,298384800
2019-08-02,7.900000095367432,7.928750038146973,7.574999809265137,7.715000152587891,7.349236488342285,246920000
2019-08-05,7.242499828338623,7.242499828338623,6.710000038146973,6.90500020980835,6.577638149261475,302484800
2019-08-06,7.090000152587891,7.247499942779541,6.9375,7.18874979019165,6.847933769226074,213540800
2019-08-07,6.951250076293945,7.328750133514404,6.787499904632568,7.293749809265137,6.947956085205078,307908800
2019-08-08,7.40500020980835,7.778749942779541,7.336249828338623,7.776249885559082,7.407580852508545,219056000
2019-08-09,7.65749979019165,7.739999771118164,7.371250152587891,7.546249866485596,7.188486576080322,221366400
2019-08-12,7.409999847412109,7.478750228881836,7.190000057220459,7.293749809265137,6.947956085205078,213311200
2019-08-13,7.28000020980835,7.923749923706055,7.25,7.772500038146973,7.404009819030762,239259200
2019-08-14,7.393750190734863,7.46750020980835,7.03249979019165,7.076250076293945,6.740767955780029,304930400
2019-08-15,7.112500190734863,7.164999961853027,6.883749961853027,7.046249866485596,6.7121901512146,208939200
2019-08-16,7.222499847412109,7.43625020980835,7.222499847412109,7.371250152587891,7.0217814445495605,164405600
2019-08-19,7.683750152587891,7.78000020980835,7.621250152587891,7.716249942779541,7.35042667388916,120044000
2019-08-20,7.676249980926514,7.756249904632568,7.551249980926514,7.557499885559082,7.199202060699463,125264000
2019-08-21,7.753749847412109,7.823750019073486,7.671249866485596,7.75,7.382575988769531,101481600
2019-08-22,7.795000076293945,7.848750114440918,7.491250038146973,7.675000190734863,7.311131954193115,152629600
2019-08-23,7.516250133514404,7.724999904632568,6.885000228881836,6.972499847412109,6.641936779022217,302350400
2019-08-26,7.18625020980835,7.257500171661377,7.057499885559082,7.255000114440918,6.911043643951416,146585600
2019-08-27,7.40625,7.445000171661377,7.125,7.211249828338623,6.8693671226501465,154579200
2019-08-28,7.138750076293945,7.321249961853027,7.03125,7.283750057220459,6.938429832458496,127824800
2019-08-29,7.552499771118164,7.678750038146973,7.46750020980835,7.614999771118164,7.2539753913879395,141523200
2019-08-30,7.739999771118164,7.741250038146973,7.432499885559082,7.56125020980835,7.202774524688721,136103200
2019-09-03,7.411250114440918,7.522500038146973,7.263750076293945,7.341249942779541,6.993203639984131,128785600
2019-09-04,7.547500133514404,7.671249866485596,7.489999771118164,7.650000095367432,7.287317752838135,100464800
2019-09-05,7.902500152587891,8.138750076293945,7.889999866485596,8.072500228881836,7.689786434173584,126744000
2019-09-06,8.106249809265137,8.119999885559082,7.994999885559082,8.050000190734863,7.6683526039123535,115038400
2019-09-09,8.12125015258789,8.133749961853027,7.871250152587891,7.99875020980835,7.619532585144043,112312800
2019-09-10,7.867499828338623,7.934999942779541,7.710000038146973,7.932499885559082,7.556423187255859,136765600
2019-09-11,7.96875,8.161250114440918,7.916250228881836,8.146249771118164,7.760038375854492,111400800
2019-09-12,8.297499656677246,8.4350004196167,8.211250305175781,8.2475004196167,7.856490612030029,139931200
2019-09-13,8.212499618530273,8.267499923706055,8.125,8.15999984741211,7.773139476776123,107610400
2019-09-16,7.99875020980835,8.09749984741211,7.974999904632568,8.047499656677246,7.665970325469971,97124000
2019-09-17,8.045000076293945,8.161250114440918,7.997499942779541,8.1537504196167,7.767183780670166,90796000
2019-09-18,8.107500076293945,8.1587495803833,7.84375,8.148750305175781,7.762421131134033,142063200
2019-09-19,8.19124984741211,8.336250305175781,8.137499809265137,8.1850004196167,7.7969512939453125,132770400
2019-09-20,8.220000267028809,8.243749618530273,7.84250020980835,7.927499771118164,7.551660060882568,123512800
2019-09-23,7.909999847412109,8.005000114440918,7.837500095367432,7.934999942779541,7.558804512023926,89409600
2019-09-24,8.043749809265137,8.092499732971191,7.517499923706055,7.621250152587891,7.25993013381958,203765600
2019-09-25,7.59499979019165,7.929999828338623,7.403749942779541,7.864999771118164,7.492123126983643,152304000
2019-09-26,7.841249942779541,7.857500076293945,7.607500076293945,7.786250114440918,7.4171061515808105,136214400
2019-09-27,7.818749904632568,7.831250190734863,7.332499980926514,7.503749847412109,7.148000240325928,188492000
2019-09-30,7.574999809265137,7.739999771118164,7.534999847412109,7.703750133514404,7.3385186195373535,117103200
2019-10-01,7.789999961853027,7.918749809265137,7.477499961853027,7.517499923706055,7.161098480224609,158454400
2019-10-02,7.366250038146973,7.366250038146973,7.002500057220459,7.132500171661377,6.794351577758789,270824000
2019-10-03,7.127500057220459,7.371250152587891,6.863749980926514,7.367499828338623,7.018209934234619,240521600
2019-10-04,7.463749885559082,7.710000038146973,7.448750019073486,7.677499771118164,7.313512325286865,168977600
2019-10-07,7.607500076293945,7.791250228881836,7.567500114440918,7.606249809265137,7.245640277862549,162530400
2019-10-08,7.454999923706055,7.559999942779541,7.25,7.260000228881836,6.915806293487549,235405600
2019-10-09,7.449999809265137,7.576250076293945,7.382500171661377,7.480000019073486,7.1253767013549805,152269600
2019-10-10,7.481249809265137,7.733749866485596,7.460000038146973,7.643750190734863,7.281363487243652,176239200
2019-10-11,7.902500152587891,8.125,7.892499923706055,7.929999828338623,7.554041385650635,222509600
2019-10-14,7.90625,8.013750076293945,7.882500171661377,7.93874979019165,7.562376976013184,91493600
2019-10-15,8.010000228881836,8.293749809265137,7.996250152587891,8.239999771118164,7.849344730377197,140721600
2019-10-16,8.15250015258789,8.238750457763672,8.098750114440918,8.178750038146973,7.790999889373779,117193600
2019-10-17,8.319999694824219,8.357500076293945,8.142499923706055,8.234999656677246,7.8445820808410645,121839200
2019-10-18,8.202500343322754,8.25374984741211,7.87375020980835,7.99875020980835,7.619532585144043,154444000
2019-10-21,8.12874984741211,8.227499961853027,8.053750038146973,8.210000038146973,7.820766448974609,94176000
2019-10-22,8.295000076293945,8.3412504196167,8.010000228881836,8.020000457763672,7.639776229858398,125023200
2019-10-23,7.963749885559082,8.063750267028809,7.925000190734863,8.057499885559082,7.675497055053711,96905600
2019-10-24,8.233750343322754,8.305000305175781,8.12125015258789,8.288749694824219,7.895784378051758,122484800
2019-10-25,8.161250114440918,8.498749732971191,8.15625,8.477499961853027,8.07558536529541,129177600
2019-10-28,8.607500076293945,8.771249771118164,8.607500076293945,8.736249923706055,8.32206916809082,111596000
2019-10-29,8.693750381469727,8.731249809265137,8.5287504196167,8.53499984741211,8.13035774230957,107028000
2019-10-30,8.579999923706055,8.697500228881836,8.43375015258789,8.654999732971191,8.244669914245605,118984800
2019-10-31,8.7212495803833,8.739999771118164,8.513750076293945,8.661250114440918,8.250622749328613,123296000
2019-11-01,8.776249885559082,8.898750305175781,8.736249923706055,8.896249771118164,8.474481582641602,115052800
2019-11-04,9.076250076293945,9.12125015258789,9.015000343322754,9.055000305175781,8.625704765319824,99926400
2019-11-05,9.0962495803833,9.1225004196167,8.986249923706055,9.06624984741211,8.636422157287598,103229600
2019-11-06,9.043749809265137,9.047499656677246,8.881250381469727,9.008749961853027,8.581647872924805,115329600
2019-11-07,9.151249885559082,9.274999618530273,9.021249771118164,9.100000381469727,8.668573379516602,125719200
2019-11-08,9.046250343322754,9.211250305175781,8.978750228881836,9.207500457763672,8.770977020263672,81607200
2019-11-11,9.071249961853027,9.182499885559082,9.03125,9.168749809265137,8.734064102172852,76092800
2019-11-12,9.1899995803833,9.34000015258789,9.149999618530273,9.243749618530273,8.80550765991211,128692000
2019-11-13,9.1537504196167,9.2787504196167,9.132499694824219,9.229999542236328,8.792409896850586,111758400
2019-11-14,9.148750305175781,9.24625015258789,9.063750267028809,9.227499961853027,8.790027618408203,106651200
2019-11-15,9.388750076293945,9.417499542236328,9.307499885559082,9.401249885559082,8.955541610717773,90586400
2019-11-18,9.388750076293945,9.4975004196167,9.272500038146973,9.449999809265137,9.001978874206543,96696000
2019-11-19,9.55875015258789,9.55875015258789,9.386249542236328,9.488750457763672,9.038895606994629,112120000
2019-11-20,9.418749809265137,9.50374984741211,9.102499961853027,9.322500228881836,8.880525588989258,150380000
2019-11-21,9.289999961853027,9.306249618530273,9.168749809265137,9.25,8.81146240234375,90659200
2019-11-22,9.319999694824219,9.338749885559082,9.12125015258789,9.274999618530273,8.835275650024414,83668000
2019-11-25,9.390000343322754,9.602499961853027,9.387499809265137,9.5962495803833,9.141294479370117,80078400
2019-11-26,9.613750457763672,9.688750267028809,9.574999809265137,9.6537504196167,9.196069717407227,83690400
2019-11-27,9.72249984741211,9.852499961853027,9.6899995803833,9.848750114440918,9.381824493408203,81556800
2019-11-29,9.776249885559082,9.821249961853027,9.699999809265137,9.717499732971191,9.256796836853027,53796000
2019-12-02,9.717499732971191,9.723750114440918,9.25374984741211,9.404999732971191,8.959114074707031,151815200
2019-12-03,9.037500381469727,9.203749656677246,8.888750076293945,9.193750381469727,8.757879257202148,156052000
2019-12-04,9.336250305175781,9.396249771118164,9.292499542236328,9.329999923706055,8.887669563293457,87659200
2019-12-05,9.427499771118164,9.428750038146973,9.24625015258789,9.37874984741211,8.934106826782227,89080800
2019-12-06,9.585000038146973,9.702500343322754,9.567500114440918,9.668749809265137,9.210355758666992,92941600
2019-12-09,9.636249542236328,9.766249656677246,9.539999961853027,9.550000190734863,9.097238540649414,77928800
2019-12-10,9.556249618530273,9.65999984741211,9.460000038146973,9.5287504196167,9.076996803283691,112048000
2019-12-11,9.585000038146973,9.703749656677246,9.545000076293945,9.672499656677246,9.2139310836792,90596000
2019-12-12,9.641249656677246,10.0,9.602499961853027,9.893750190734863,9.424690246582031,183164000
2019-12-13,9.869999885559082,10.09000015258789,9.807499885559082,9.982500076293945,9.509234428405762,160996000
2019-12-16,10.177499771118164,10.321249961853027,10.170000076293945,10.268750190734863,9.781912803649902,99388000
2019-12-17,10.321249961853027,10.348750114440918,10.25,10.282500267028809,9.795011520385742,84548800
2019-12-18,10.331250190734863,10.40999984741211,10.292499542236328,10.306249618530273,9.817634582519531,71408000
2019-12-19,10.332500457763672,10.522500038146973,10.332500457763672,10.516249656677246,10.017680168151855,83384800
2019-12-20,10.6537504196167,10.6899995803833,10.574999809265137,10.641249656677246,10.136752128601074,99548000
2019-12-23,10.7524995803833,10.772500038146973,10.696249961853027,10.720000267028809,10.211770057678223,72427200
2019-12-24,10.743749618530273,10.758749961853027,10.65625,10.729999542236328,10.224991798400879,39898400
2019-12-26,10.7787504196167,11.013750076293945,10.7787504196167,11.008749961853027,10.490620613098145,64258400
2019-12-27,11.126250267028809,11.132499694824219,10.893750190734863,10.976249694824219,10.459650039672852,99750400
2019-12-30,10.9662504196167,10.982500076293945,10.600000381469727,10.757499694824219,10.25119686126709,112905600
2019-12-31,10.662500381469727,10.845000267028809,10.607500076293945,10.818750381469727,10.309564590454102,84380000
2020-01-02,11.088749885559082,11.354999542236328,11.02750015258789,11.354999542236328,10.820578575134277,131072000
2020-01-03,10.911250114440918,11.25,10.904999732971191,11.046250343322754,10.526357650756836,145180000
2020-01-06,10.7837495803833,11.260000228881836,10.743749618530273,11.256250381469727,10.726472854614258,128095200
2020-01-07,11.267499923706055,11.34749984741211,11.145000457763672,11.242500305175781,10.713371276855469,107699200
2020-01-08,11.244999885559082,11.65999984741211,11.19124984741211,11.501250267028809,10.959941864013672,159164800
2020-01-09,11.7787504196167,11.857500076293945,11.59000015258789,11.791250228881836,11.236294746398926,145423200
2020-01-10,11.923749923706055,11.93375015258789,11.641249656677246,11.694999694824219,11.144572257995605,137604000
2020-01-13,11.8412504196167,12.109999656677246,11.788749694824219,12.103750228881836,11.534087181091309,116558400
2020-01-14,12.072500228881836,12.143750190734863,11.90250015258789,11.962499618530273,11.399483680725098,145737600
2020-01-15,11.97249984741211,12.141249656677246,11.852499961853027,11.970000267028809,11.406630516052246,133003200
2020-01-16,12.138750076293945,12.311249732971191,12.06624984741211,12.303750038146973,11.724672317504883,121100800
2020-01-17,12.463749885559082,12.517499923706055,12.282500267028809,12.487500190734863,11.899775505065918,144402400
2020-01-21,12.37874984741211,12.563750267028809,12.369999885559082,12.481249809265137,11.893817901611328,138882400
2020-01-22,12.6537504196167,12.786250114440918,12.522500038146973,12.56624984741211,11.974818229675293,136148800
2020-01-23,12.541250228881836,12.698749542236328,12.37125015258789,12.682499885559082,12.085597038269043,143588800
2020-01-24,12.862500190734863,12.901249885559082,12.188750267028809,12.353750228881836,11.772321701049805,239374400
2020-01-27,11.53125,11.793749809265137,11.272500038146973,11.59000015258789,11.044515609741211,198626400
2020-01-28,11.831250190734863,12.208749771118164,11.7475004196167,12.12874984741211,11.557908058166504,171862400
2020-01-29,12.328749656677246,12.369999885559082,12.022500038146973,12.172499656677246,11.599599838256836,137877600
2020-01-30,11.949999809265137,12.324999809265137,11.831250190734863,12.3100004196167,11.730628967285156,200249600
2020-01-31,12.460000038146973,12.46875,11.59375,11.704999923706055,11.154102325439453,220384000
2020-02-03,11.888750076293945,12.332500457763672,11.866250038146973,12.242500305175781,11.666309356689453,173688000
2020-02-04,12.75,13.15625,12.6274995803833,13.078749656677246,12.463196754455566,140248800
2020-02-05,13.569999694824219,13.572500228881836,12.986249923706055,13.229999542236328,12.607328414916992,174612000
2020-02-06,13.313750267028809,13.567500114440918,13.176250457763672,13.552499771118164,12.91464900970459,113132800
2020-02-07,13.3725004196167,13.601249694824219,13.265000343322754,13.3774995803833,12.747885704040527,154052000
2020-02-10,13.2475004196167,13.863750457763672,13.237500190734863,13.859999656677246,13.207676887512207,123248800
2020-02-11,14.087499618530273,14.233750343322754,13.760000228881836,13.869999885559082,13.217207908630371,193770400
2020-02-12,14.111249923706055,14.293749809265137,14.012499809265137,14.276249885559082,13.604336738586426,121608000
2020-02-13,13.973750114440918,14.387499809265137,13.922499656677246,14.2212495803833,13.551925659179688,155282400
2020-02-14,14.27750015258789,14.373749732971191,14.135000228881836,14.317500114440918,13.643645286560059,113969600
2020-02-18,14.114999771118164,14.428750038146973,14.073749542236328,14.342499732971191,13.66746997833252,130167200
2020-02-19,14.601249694824219,14.850000381469727,14.550000190734863,14.757499694824219,14.06293773651123,105627200
2020-02-20,14.662500381469727,14.7475004196167,13.798749923706055,14.337499618530273,13.662703514099121,227657600
2020-02-21,14.132499694824219,14.197500228881836,13.3412504196167,13.517499923706055,12.881298065185547,207107200
2020-02-24,12.03499984741211,12.447500228881836,11.703749656677246,11.960000038146973,11.397099494934082,269674400
2020-02-25,12.241250038146973,12.363750457763672,10.867500305175781,10.992500305175781,10.475135803222656,300793600
2020-02-26,11.15999984741211,11.7162504196167,10.893750190734863,11.143750190734863,10.61926555633545,335736000
2020-02-27,10.287500381469727,10.801250457763672,9.447500228881836,9.477499961853027,9.031440734863281,425116000
2020-02-28,8.551250457763672,9.678750038146973,8.4375,9.625,9.172000885009766,494222400
2020-03-02,9.9087495803833,10.967499732971191,9.49625015258789,10.938750267028809,10.423916816711426,363518400
2020-03-03,11.046250343322754,11.4375,9.609999656677246,9.9087495803833,9.44239330291748,548126400
2020-03-04,10.442500114440918,11.143750190734863,10.162500381469727,11.111249923706055,10.588299751281738,315827200
2020-03-05,10.279999732971191,10.845000267028809,9.886249542236328,10.136249542236328,9.659184455871582,386972000
2020-03-06,9.0912504196167,9.760000228881836,8.875,9.604999542236328,9.152938842773438,393519200
2020-03-09,7.691249847412109,8.643750190734863,7.625,7.653749942779541,7.293525695800781,406964800
2020-03-10,8.4975004196167,8.866250038146973,7.625,8.845000267028809,8.428709983825684,456252800
2020-03-11,8.22249984741211,8.4037504196167,7.375,7.707499980926514,7.344746112823486,430928000
2020-03-12,6.1875,7.1875,5.550000190734863,5.59499979019165,5.331670761108398,618225600
2020-03-13,6.53000020980835,7.163750171661377,5.632500171661377,7.105000019073486,6.770603179931641,556290400
2020-03-16,5.057499885559082,6.074999809265137,4.62375020980835,4.65625,4.437102794647217,658290400
2020-03-17,4.922500133514404,5.642499923706055,4.46875,5.414999961853027,5.160141944885254,762020800
2020-03-18,4.537499904632568,5.1875,4.091249942779541,4.913750171661377,4.682482719421387,848999200
2020-03-19,4.856249809265137,5.510000228881836,4.5,5.027500152587891,4.7908806800842285,804808800
2020-03-20,5.37375020980835,5.474999904632568,4.387499809265137,4.43874979019165,4.22983980178833,782255200
2020-03-23,4.491250038146973,4.75,4.033750057220459,4.452499866485596,4.2429423332214355,820073600
2020-03-24,5.153749942779541,5.46750020980835,5.016250133514404,5.445000171661377,5.188730716705322,829824000
2020-03-25,5.525000095367432,5.980000019073486,5.135000228881836,5.318749904632568,5.068422317504883,834874400
2020-03-26,5.478750228881836,6.25,5.458749771118164,6.184999942779541,5.89390230178833,649240000
2020-03-27,5.703750133514404,6.041250228881836,5.473750114440918,5.542500019073486,5.281641960144043,557143200
2020-03-30,5.697500228881836,6.172500133514404,5.625,6.125,5.836727142333984,416621600
2020-03-31,6.076250076293945,6.441249847412109,5.857500076293945,5.954999923706055,5.674727916717529,731904000
2020-04-01,5.449999809265137,5.715000152587891,5.077499866485596,5.216249942779541,4.9707465171813965,535589600
2020-04-02,5.150000095367432,5.542500019073486,5.096250057220459,5.525000095367432,5.264965057373047,467531200
2020-04-03,5.482500076293945,5.622499942779541,5.107500076293945,5.302499771118164,5.052936553955078,554484000
2020-04-06,5.888750076293945,6.523749828338623,5.795000076293945,6.412499904632568,6.110694885253906,518616800
2020-04-07,6.987500190734863,7.036250114440918,6.375,6.400000095367432,6.098783493041992,658009600
2020-04-08,6.586249828338623,6.875,6.409999847412109,6.808750152587891,6.488295555114746,518180000
2020-04-09,6.991250038146973,7.090000152587891,6.658750057220459,6.833749771118164,6.512119293212891,553297600
2020-04-13,6.75,7.110000133514404,6.633749961853027,7.071249961853027,6.73844051361084,426961600
2020-04-14,7.506249904632568,8.050000190734863,7.423749923706055,7.988749980926514,7.612758636474609,490049600
2020-04-15,7.613749980926514,7.923749923706055,7.457499980926514,7.723750114440918,7.360230922698975,431688000
2020-04-16,7.976250171661377,8.258749961853027,7.743750095367432,8.137499809265137,7.7545084953308105,562920000
2020-04-17,8.458749771118164,8.512499809265137,8.00374984741211,8.3412504196167,7.948668003082275,463564800
2020-04-20,8.148750305175781,8.438750267028809,8.057499885559082,8.071249961853027,7.691375255584717,386998400
2020-04-21,7.832499980926514,7.891250133514404,7.038750171661377,7.178750038146973,6.84088134765625,519489600
2020-04-22,7.628749847412109,7.957499980926514,7.538750171661377,7.81374979019165,7.445995330810547,274185600
2020-04-23,7.903749942779541,8.198749542236328,7.715000152587891,7.762499809265137,7.397156715393066,424868000
2020-04-24,7.817500114440918,8.175000190734863,7.651249885559082,8.137499809265137,7.7545084953308105,317981600
2020-04-27,8.397500038146973,8.448749542236328,8.204999923706055,8.296250343322754,7.905786037445068,304741600
2020-04-28,8.52750015258789,8.5287504196167,7.826250076293945,7.847499847412109,7.478156566619873,386247200
2020-04-29,8.381250381469727,8.796250343322754,8.261249542236328,8.663749694824219,8.255990028381348,346104000
2020-04-30,8.801250457763672,8.80875015258789,8.493749618530273,8.7212495803833,8.310783386230469,380544800
2020-05-01,8.164999961853027,8.413749694824219,7.8125,7.93874979019165,7.5651116371154785,346245600
2020-05-04,7.817500114440918,8.241250038146973,7.758749961853027,8.21875,7.831934928894043,200756000
2020-05-05,8.4662504196167,8.77750015258789,8.401249885559082,8.481249809265137,8.082080841064453,288714400
2020-05-06,8.692500114440918,8.891249656677246,8.548749923706055,8.648750305175781,8.241695404052734,311880800
2020-05-07,8.978750228881836,9.09375,8.821249961853027,8.986249923706055,8.563311576843262,289489600
2020-05-08,9.193750381469727,9.368749618530273,9.0649995803833,9.348750114440918,8.9087495803833,262202400
2020-05-11,9.18375015258789,9.737500190734863,9.15625,9.581250190734863,9.130308151245117,269384000
2020-05-12,9.68375015258789,9.766249656677246,9.00374984741211,9.011249542236328,8.587135314941406,339363200
2020-05-13,9.073749542236328,9.306249618530273,8.345000267028809,8.670000076293945,8.261945724487305,491119200
2020-05-14,8.505000114440918,8.961250305175781,8.263750076293945,8.957500457763672,8.53591537475586,402999200
2020-05-15,8.588749885559082,9.137499809265137,8.536250114440918,9.111249923706055,8.682427406311035,357806400
2020-05-18,9.5,9.774999618530273,9.40250015258789,9.638750076293945,9.185100555419922,296474400
2020-05-19,9.672499656677246,9.946249961853027,9.550000190734863,9.5649995803833,9.114823341369629,261430400
2020-05-20,9.901249885559082,10.188750267028809,9.901249885559082,10.125,9.648467063903809,285416000
2020-05-21,10.154999732971191,10.239999771118164,9.741250038146973,9.813750267028809,9.351865768432617,322693600
2020-05-22,9.761249542236328,9.936249732971191,9.631250381469727,9.90250015258789,9.43643856048584,209664800
2020-05-26,10.381250381469727,10.414999961853027,9.797499656677246,9.861249923706055,9.39712905883789,245202400
2020-05-27,9.763750076293945,10.005000114440918,9.172499656677246,10.0,9.529349327087402,347291200
2020-05-28,9.824999809265137,10.401249885559082,9.818750381469727,9.936249732971191,9.468599319458008,303992800
2020-05-29,10.005000114440918,10.414999961853027,9.789999961853027,10.3462495803833,9.859302520751953,358492800
2020-06-01,10.257499694824219,10.529999732971191,10.203749656677246,10.473750114440918,9.980801582336426,209881600
2020-06-02,10.529999732971191,10.693750381469727,10.204999923706055,10.682499885559082,10.179728507995605,250714400
2020-06-03,10.768750190734863,10.936249732971191,10.651249885559082,10.827500343322754,10.317902565002441,215033600
2020-06-04,10.7787504196167,10.984999656677246,10.420000076293945,10.607500076293945,10.108257293701172,266408800
2020-06-05,10.737500190734863,11.31624984741211,10.6875,11.236249923706055,10.707415580749512,281394400
2020-06-08,11.198749542236328,11.510000228881836,10.987500190734863,11.486249923706055,10.945646286010742,218544800
2020-06-09,11.361249923706055,11.8725004196167,11.342499732971191,11.742500305175781,11.189838409423828,213179200
2020-06-10,11.994999885559082,12.40250015258789,11.922499656677246,12.166250228881836,11.593645095825195,302911200
2020-06-11,11.572500228881836,11.776249885559082,10.352499961853027,10.375,9.886700630187988,383332000
2020-06-12,11.036250114440918,11.206250190734863,10.053750038146973,10.600000381469727,10.101110458374023,411876800
2020-06-15,10.135000228881836,11.085000038146973,10.007499694824219,10.973750114440918,10.457268714904785,398184800
2020-06-16,11.673749923706055,11.765000343322754,11.038749694824219,11.553750038146973,11.009971618652344,383217600
2020-06-17,11.771249771118164,11.932499885559082,11.550000190734863,11.666250228881836,11.117177963256836,258858400
2020-06-18,11.617500305175781,11.795000076293945,11.505000114440918,11.756250381469727,11.202940940856934,212785600
2020-06-19,12.12125015258789,12.1537504196167,11.494999885559082,11.739999771118164,11.187454223632812,289950400
2020-06-22,11.738750457763672,12.193750381469727,11.688750267028809,12.157500267028809,11.585306167602539,220133600
2020-06-23,12.421250343322754,12.827500343322754,12.332500457763672,12.475000381469727,11.887863159179688,234898400
2020-06-24,12.362500190734863,12.55875015258789,11.481249809265137,11.739999771118164,11.187454223632812,392821600
2020-06-25,11.738750457763672,12.09000015258789,11.342499732971191,12.051250457763672,11.484058380126953,301703200
2020-06-26,12.0024995803833,12.037500381469727,11.112500190734863,11.1850004196167,10.658576011657715,375940800
2020-06-29,11.151249885559082,11.553750038146973,10.78499984741211,11.542499542236328,10.999250411987305,259609600
2020-06-30,11.539999961853027,12.3100004196167,11.516249656677246,12.206250190734863,11.63176155090332,251388800
2020-07-01,12.232500076293945,12.80875015258789,12.154999732971191,12.642499923706055,12.047479629516602,252137600
2020-07-02,13.036250114440918,13.233750343322754,12.842499732971191,12.911250114440918,12.303579330444336,228152000
2020-07-06,13.412500381469727,13.947500228881836,13.411250114440918,13.859999656677246,13.207676887512207,211984000
2020-07-07,13.818750381469727,14.270000457763672,13.529999732971191,13.587499618530273,12.948002815246582,246099200
2020-07-08,13.803750038146973,14.117500305175781,13.561249732971191,14.109999656677246,13.445910453796387,239931200
2020-07-09,14.426250457763672,14.583749771118164,13.732500076293945,14.462499618530273,13.781822204589844,317596000
2020-07-10,14.427499771118164,14.806249618530273,13.986249923706055,14.768750190734863,14.073657989501953,242789600
2020-07-13,15.256250381469727,15.743749618530273,13.711250305175781,13.856249809265137,13.204105377197266,374584800
2020-07-14,13.448749542236328,14.21500015258789,12.923749923706055,14.149999618530273,13.484028816223145,459751200
2020-07-15,14.357500076293945,14.52750015258789,13.673749923706055,14.220000267028809,13.55073356628418,367544000
2020-07-16,13.755000114440918,14.045000076293945,13.373749732971191,13.914999961853027,13.260089874267578,299972000
2020-07-17,14.020000457763672,14.130000114440918,13.625,13.979999542236328,13.322030067443848,231003200
2020-07-20,14.100000381469727,15.2787504196167,13.886249542236328,15.170000076293945,14.456023216247559,251621600
2020-07-21,15.448749542236328,15.458749771118164,14.550000190734863,14.6850004196167,13.993849754333496,294313600
2020-07-22,14.771249771118164,15.016249656677246,14.456250190734863,14.854999542236328,14.155847549438477,227788800
2020-07-23,14.788749694824219,14.904999732971191,13.446249961853027,13.69124984741211,13.04687213897705,336648800
2020-07-24,13.063750267028809,13.520000457763672,12.626250267028809,13.286250114440918,12.660932540893555,357218400
2020-07-27,13.573749542236328,14.068750381469727,13.4350004196167,14.0,13.34108829498291,267624000
2020-07-28,13.885000228881836,13.963749885559082,13.421250343322754,13.473750114440918,12.839607238769531,238702400
2020-07-29,13.711250305175781,14.076250076293945,13.643750190734863,13.932499885559082,13.276763916015625,194280800
2020-07-30,13.612500190734863,14.24625015258789,13.420000076293945,14.1587495803833,13.492366790771484,302200000
2020-07-31,14.914999961853027,14.9375,14.109999656677246,14.922499656677246,14.220172882080078,359815200
2020-08-03,15.28125,15.641249656677246,15.257499694824219,15.478750228881836,14.750239372253418,217868000
2020-08-04,15.414999961853027,15.702500343322754,15.292499542236328,15.680000305175781,14.942018508911133,211008000
2020-08-05,15.768750190734863,15.883749961853027,15.613750457763672,15.805000305175781,15.061137199401855,162381600
2020-08-06,15.763750076293945,16.491249084472656,15.65250015258789,16.40999984741211,15.637663841247559,192064000
2020-08-07,16.327499389648438,16.477500915527344,15.461250305175781,15.873749732971191,15.126649856567383,296708000
2020-08-10,15.9087495803833,15.951250076293945,15.021249771118164,15.65999984741211,14.922961235046387,254311200
2020-08-11,15.444999694824219,15.681249618530273,14.673749923706055,14.771249771118164,14.07603931427002,310273600
2020-08-12,15.137499809265137,16.045000076293945,15.137499809265137,15.876250267028809,15.129033088684082,221247200
2020-08-13,16.010000228881836,16.397499084472656,15.81624984741211,15.987500190734863,15.235047340393066,234281600
2020-08-14,16.082500457763672,16.14875030517578,15.676250457763672,15.94124984741211,15.190974235534668,199737600
2020-08-17,16.233749389648438,16.545000076293945,16.207500457763672,16.467500686645508,15.69245719909668,126664800
2020-08-18,16.678749084472656,17.049999237060547,16.4112491607666,16.951250076293945,16.1534366607666,149313600
2020-08-19,16.948749542236328,17.1512508392334,16.5362491607666,16.6200008392334,15.837779998779297,205847200
2020-08-20,16.46875,17.39875030517578,16.396249771118164,17.303749084472656,16.48934555053711,152774400
2020-08-21,17.332500457763672,17.751249313354492,17.2237491607666,17.665000915527344,16.833595275878906,164280000
2020-08-24,18.2762508392334,18.44499969482422,17.55500030517578,17.99250030517578,17.14567756652832,251384000
2020-08-25,17.853750228881836,18.431249618530273,17.758750915527344,18.412500381469727,17.54591178894043,172556800
2020-08-26,18.658750534057617,19.631250381469727,18.635000228881836,19.591249465942383,18.6691837310791,219663200
2020-08-27,19.822500228881836,19.983749389648438,18.947500228881836,19.41374969482422,18.500038146972656,302602400
2020-08-28,19.6612491607666,19.841249465942383,19.393749237060547,19.7137508392334,18.785919189453125,198145600
2020-08-31,19.8174991607666,20.5674991607666,19.727500915527344,20.170000076293945,19.2206974029541,180398400
2020-09-01,20.739999771118164,21.24625015258789,20.368749618530273,21.217500686645508,20.218896865844727,193147200
2020-09-02,21.934999465942383,21.958749771118164,20.583749771118164,21.81624984741211,20.78946304321289,289369600
2020-09-03,20.841249465942383,20.924999237060547,17.852500915527344,18.466249465942383,17.597135543823242,443024800
2020-09-04,18.172500610351562,18.787500381469727,15.482500076293945,17.704999923706055,16.871713638305664,561480800
2020-09-08,15.618749618530273,16.74625015258789,15.132499694824219,15.202500343322754,14.486992835998535,426824800
2020-09-09,16.12874984741211,16.899999618530273,15.708749771118164,16.508750915527344,15.731767654418945,290352000
2020-09-10,17.065000534057617,17.298749923706055,15.217499732971191,15.553750038146973,14.821710586547852,465936800
2020-09-11,15.875,16.02375030517578,14.601249694824219,15.213749885559082,14.497712135314941,385797600
2020-09-14,15.875,16.35124969482422,15.635000228881836,15.9975004196167,15.244576454162598,269032800
2020-09-15,16.666250228881836,16.927499771118164,16.3700008392334,16.677499771118164,15.892569541931152,300889600
2020-09-16,16.81624984741211,16.915000915527344,15.823749542236328,15.876250267028809,15.129033088684082,306141600
2020-09-17,14.651249885559082,15.494999885559082,14.506250381469727,15.145000457763672,14.432197570800781,446844800
2020-09-18,15.357500076293945,15.431249618530273,13.845000267028809,14.5600004196167,13.874731063842773,463042400
2020-09-21,13.9037504196167,14.743749618530273,13.512499809265137,14.732500076293945,14.03911304473877,375314400
2020-09-22,15.149999618530273,15.641249656677246,14.557499885559082,15.537500381469727,14.806227684020996,315066400
2020-09-23,15.481249809265137,15.518750190734863,13.963749885559082,14.098750114440918,13.435192108154297,405507200
2020-09-24,13.711250305175781,14.838749885559082,13.646249771118164,14.305000305175781,13.631734848022461,375036000
2020-09-25,14.383749961853027,15.444999694824219,14.131250381469727,15.307499885559082,14.587051391601562,324478400
2020-09-28,16.1612491607666,16.25,15.696249961853027,16.21500015258789,15.451839447021484,273331200
2020-09-29,16.184999465942383,16.354999542236328,15.94124984741211,16.045000076293945,15.28984260559082,221805600
2020-09-30,16.073749542236328,16.940000534057617,16.03125,16.362499237060547,15.592399597167969,338768000
2020-10-01,17.071250915527344,17.258750915527344,16.72249984741211,17.12874984741211,16.322589874267578,278676000
2020-10-02,16.014999389648438,16.703750610351562,15.541250228881836,15.7162504196167,14.976563453674316,399553600
2020-10-05,16.05875015258789,16.762500762939453,16.03125,16.707500457763672,15.921158790588379,210790400
2020-10-06,16.548749923706055,16.889999389648438,15.643750190734863,15.8100004196167,15.065901756286621,345648800
2020-10-07,16.271249771118164,16.763750076293945,16.172500610351562,16.641250610351562,15.858033180236816,225088800
2020-10-08,17.056249618530273,17.076250076293945,16.6924991607666,16.886249542236328,16.09149932861328,197893600
2020-10-09,17.1924991607666,17.673749923706055,17.1200008392334,17.637500762939453,16.807392120361328,195271200
2020-10-12,18.549999237060547,19.841249465942383,18.357500076293945,19.282499313354492,18.374971389770508,294116800
2020-10-13,19.649999618530273,19.791250228881836,19.018749237060547,19.28499984741211,18.377347946166992,283861600
2020-10-14,19.457500457763672,19.649999618530273,18.456249237060547,18.80875015258789,17.92351722717285,296589600
2020-10-15,17.877500534057617,18.548749923706055,17.74250030517578,18.420000076293945,17.55306053161621,249076800
2020-10-16,18.758750915527344,19.033750534057617,18.0625,18.137500762939453,17.28386116027832,228096800
2020-10-19,18.5049991607666,18.688749313354492,17.045000076293945,17.236249923706055,16.425024032592773,277555200
2020-10-20,17.372499465942383,17.924999237060547,17.073749542236328,17.34749984741211,16.531038284301758,274710400
2020-10-21,17.386249542236328,17.876249313354492,17.21500015258789,17.302499771118164,16.4881534576416,242572800
2020-10-22,17.462499618530273,17.625,16.68375015258789,17.311250686645508,16.49649429321289,239163200
2020-10-23,17.426250457763672,17.428749084472656,16.861249923706055,17.412500381469727,16.59297752380371,191088000
2020-10-26,16.971250534057617,17.497499465942383,15.936249732971191,16.618749618530273,15.836586952209473,317113600
2020-10-27,16.783750534057617,17.149999618530273,16.565000534057617,17.011249542236328,16.210607528686523,223860000
2020-10-28,16.177499771118164,16.280000686645508,14.975000381469727,15.015000343322754,14.308317184448242,369440000
2020-10-29,15.242500305175781,16.3075008392334,15.154999732971191,15.7787504196167,15.03612232208252,276374400
2020-10-30,15.443750381469727,15.5912504196167,14.193750381469727,14.681249618530273,13.990275382995605,461622400
2020-11-02,14.973750114440918,15.261249542236328,14.201250076293945,14.686249732971191,13.995039939880371,302272000
2020-11-03,14.9975004196167,15.801250457763672,14.824999809265137,15.425000190734863,14.699021339416504,269938400
2020-11-04,16.948749542236328,17.829999923706055,16.665000915527344,17.510000228881836,16.685890197753906,338375200
2020-11-05,18.707500457763672,19.068750381469727,18.448749542236328,18.861249923706055,17.973543167114258,300264800
2020-11-06,18.733749389648438,19.071250915527344,18.00749969482422,18.924999237060547,18.03429412841797,270302400
2020-11-09,19.459999084472656,19.797500610351562,17.684999465942383,17.770000457763672,16.933650970458984,331731200
2020-11-10,17.142499923706055,17.40625,16.293750762939453,16.811250686645508,16.020029067993164,337333600
2020-11-11,17.258750915527344,18.02375030517578,17.184999465942383,17.94124984741211,17.096845626831055,253661600
2020-11-12,18.106250762939453,18.364999771118164,17.46500015258789,17.678749084472656,16.846698760986328,286687200
2020-11-13,17.97249984741211,18.260000228881836,17.582500457763672,18.142499923706055,17.288623809814453,209495200
2020-11-16,18.09375,18.626249313354492,17.967500686645508,18.559999465942383,17.686473846435547,213748800
2020-11-17,18.600000381469727,18.670000076293945,18.266250610351562,18.388750076293945,17.52328109741211,182704000
2020-11-18,18.282499313354492,18.59375,17.962499618530273,17.962499618530273,17.11709213256836,154341600
2020-11-19,17.863750457763672,18.46125030517578,17.7450008392334,18.407499313354492,17.541147232055664,159341600
2020-11-20,18.381250381469727,18.533750534057617,18.014999389648438,18.033750534057617,17.18498992919922,129993600
2020-11-23,18.227500915527344,18.467500686645508,17.594999313354492,18.037500381469727,17.18855857849121,179060800
2020-11-24,18.227500915527344,18.87874984741211,17.883750915527344,18.774999618530273,17.891353607177734,156015200
2020-11-25,18.96500015258789,19.251249313354492,18.806249618530273,19.12874984741211,18.22845458984375,128677600
2020-11-27,19.5049991607666,19.883750915527344,19.44124984741211,19.6512508392334,18.726364135742188,92927200
2020-11-30,19.71500015258789,19.84749984741211,18.822500228881836,19.752500534057617,18.822847366333008,184622400
2020-12-01,20.2237491607666,20.868749618530273,20.012500762939453,20.528749465942383,19.562559127807617,169989600
2020-12-02,20.2762508392334,20.68000030517578,19.897499084472656,20.611249923706055,19.641178131103516,146129600
2020-12-03,20.6612491607666,21.02375030517578,20.543750762939453,20.69499969482422,19.720985412597656,157461600
2020-12-04,20.700000762939453,20.979999542236328,20.563749313354492,20.948749542236328,19.96279525756836,127088000
2020-12-07,20.987499237060547,21.377500534057617,20.950000762939453,21.303749084472656,20.30108642578125,124028000
2020-12-08,21.206249237060547,21.584999084472656,20.826250076293945,21.498750686645508,20.486913681030273,133925600
2020-12-09,21.479999542236328,21.532499313354492,19.827499389648438,20.05875015258789,19.114683151245117,244878400
2020-12-10,19.6299991607666,20.533750534057617,19.407499313354492,20.30500030517578,19.349340438842773,173346400
2020-12-11,19.956249237060547,20.19124984741211,19.487499237060547,20.162500381469727,19.213550567626953,169819200
2020-12-14,20.403749465942383,21.006250381469727,20.396249771118164,20.592500686645508,19.623315811157227,146684800
2020-12-15,21.072500228881836,21.251249313354492,20.614999771118164,21.232500076293945,20.233186721801758,157417600
2020-12-16,21.346250534057617,21.78125,21.122499465942383,21.5887508392334,20.572675704956055,137590400
2020-12-17,21.956249237060547,22.084999084472656,21.698749542236328,22.03125,20.994348526000977,139275200
2020-12-18,22.19499969482422,22.238750457763672,21.31624984741211,21.791250228881836,20.765647888183594,168756000
2020-12-21,21.196250915527344,21.827499389648438,20.584999084472656,21.709999084472656,20.688215255737305,203596800
2020-12-22,21.912500381469727,22.0887508392334,21.272499084472656,21.881250381469727,20.851408004760742,160330400
2020-12-23,21.8799991607666,21.969999313354492,21.522499084472656,21.551250457763672,20.53693962097168,119434400
2020-12-24,21.613750457763672,21.93000030517578,21.59000015258789,21.831249237060547,20.80375862121582,77065600
2020-12-28,22.395000457763672,22.594999313354492,22.00374984741211,22.486249923706055,21.427932739257812,117052800
2020-12-29,22.793750762939453,22.924999237060547,22.35124969482422,22.552499771118164,21.491065979003906,121142400
2020-12-30,22.806249618530273,22.875,22.408750534057617,22.548749923706055,21.487491607666016,104807200
2020-12-31,22.533750534057617,22.809999465942383,22.291250228881836,22.725000381469727,21.65544891357422,106708000
2021-01-04,23.010000228881836,23.048749923706055,20.853750228881836,21.731250762939453,20.70846939086914,197472000
2021-01-05,21.53499984741211,22.31999969482422,21.53499984741211,22.2762508392334,21.22781753540039,118712800
2021-01-06,21.237499237060547,22.292499542236328,21.02750015258789,21.354999542236328,20.34992027282715,210730400
2021-01-07,21.921249389648438,23.081249237060547,21.918750762939453,22.897499084472656,21.819826126098633,123695200
2021-01-08,23.41374969482422,23.860000610351562,22.924999237060547,23.78499984741211,22.665557861328125,152815200
2021-01-11,23.10124969482422,23.36750030517578,22.60124969482422,22.733749389648438,21.663782119750977,140325600
2021-01-12,22.764999389648438,23.001249313354492,22.049999237060547,22.635000228881836,21.569683074951172,146031200
2021-01-13,22.696250915527344,23.27375030517578,22.5625,23.075000762939453,21.98897361755371,108750400
2021-01-14,23.1875,23.417499542236328,22.6200008392334,22.7237491607666,21.654254913330078,118236000
2021-01-15,22.676250457763672,22.891250610351562,21.885000228881836,22.171249389648438,21.12775421142578,141692000
2021-01-19,22.681249618530273,23.258750915527344,22.450000762939453,23.13249969482422,22.04376983642578,120967200
2021-01-20,23.9637508392334,24.971250534057617,23.88249969482422,24.7450008392334,23.58037757873535,121736000
2021-01-21,25.0625,25.53499984741211,24.75,25.360000610351562,24.16642951965332,92168400
2021-01-22,25.102500915527344,25.3799991607666,24.969999313354492,25.1299991607666,23.947250366210938,81878800
2021-01-25,25.940000534057617,26.267499923706055,24.200000762939453,25.827499389648438,24.61192512512207,153170400
2021-01-26,25.93000030517578,26.145000457763672,25.545000076293945,25.854999542236328,24.63813018798828,90968800
2021-01-27,25.315000534057617,25.325000762939453,23.25,23.770000457763672,22.651262283325195,188900800
2021-01-28,23.97249984741211,25.25,23.837499618530273,24.1200008392334,22.984790802001953,90021600
2021-01-29,23.725000381469727,23.979999542236328,22.1875,22.61750030517578,21.553003311157227,184278400
2021-02-01,23.387500762939453,24.50749969482422,22.934999465942383,24.280000686645508,23.13726043701172,105659600
2021-02-02,24.97249984741211,25.739999771118164,24.940000534057617,25.454999923706055,24.256959915161133,92746400
2021-02-03,25.982500076293945,26.0575008392334,25.162500381469727,25.162500381469727,23.978225708007812,95172000
2021-02-04,25.510000228881836,26.075000762939453,25.1875,26.052499771118164,24.82633399963379,72808800
2021-02-05,26.299999237060547,26.572500228881836,25.892499923706055,26.325000762939453,25.086009979248047,86615200
2021-02-08,26.739999771118164,26.887500762939453,26.337499618530273,26.84000015258789,25.576770782470703,76994800
2021-02-09,26.6200008392334,27.142499923706055,26.6200008392334,26.827499389648438,25.564861297607422,65768800
2021-02-10,27.19499969482422,27.299999237060547,25.864999771118164,26.637500762939453,25.38380241394043,123548000
2021-02-11,27.040000915527344,27.184999465942383,26.489999771118164,27.0674991607666,25.793567657470703,98860000
2021-02-12,26.895000457763672,27.575000762939453,26.610000610351562,27.52750015258789,26.231918334960938,77471600
2021-02-16,27.739999771118164,27.96500015258789,27.020000457763672,27.297500610351562,26.01274299621582,88663600
2021-02-17,26.5575008392334,26.985000610351562,26.002500534057617,26.917499542236328,25.65062713623047,105986800
2021-02-18,26.014999389648438,26.739999771118164,25.56999969482422,26.55500030517578,25.305185317993164,110202000
2021-02-19,26.90999984741211,26.920000076293945,25.96500015258789,26.204999923706055,24.971660614013672,93377200
2021-02-22,25.135000228881836,25.450000762939453,24.125,24.174999237060547,23.03719711303711,132734800
2021-02-23,22.94499969482422,24.34000015258789,21.604999542236328,23.959999084472656,22.832319259643555,199274800
2021-02-24,23.309999465942383,24.61750030517578,22.725000381469727,24.537500381469727,23.382644653320312,123042000
2021-02-25,23.905000686645508,24.517499923706055,21.612499237060547,21.975000381469727,20.94074249267578,237792000
2021-02-26,22.59749984741211,23.290000915527344,21.5625,22.30500030517578,21.255216598510742,209318400
2021-03-01,23.34000015258789,24.327499389648438,23.047500610351562,24.25,23.108671188354492,133707200
2021-03-02,24.385000228881836,24.422500610351562,23.024999618530273,23.087499618530273,22.00088119506836,151693200
2021-03-03,22.842500686645508,23.049999237060547,21.0625,21.084999084472656,20.092636108398438,231542400
2021-03-04,20.99250030517578,21.65999984741211,19.219999313354492,20.042499542236328,19.099197387695312,432037200
2021-03-05,20.572500228881836,21.11750030517578,18.75749969482422,20.940000534057617,19.954456329345703,336656400
2021-03-08,20.81999969482422,21.212499618530273,19.0674991607666,19.149999618530273,18.24870491027832,235731600
2021-03-09,20.61750030517578,21.787500381469727,20.482500076293945,21.405000686645508,20.397573471069336,173429200
2021-03-10,22.315000534057617,22.375,21.077499389648438,21.22249984741211,20.22365951538086,203371200
2021-03-11,22.2549991607666,23.065000534057617,22.03499984741211,22.69499969482422,21.626861572265625,158935600
2021-03-12,21.792499542236328,22.167499542236328,21.267499923706055,22.1299991607666,21.08844757080078,166590000
2021-03-15,22.202499389648438,22.877500534057617,21.844999313354492,22.837499618530273,21.762651443481445,126701600
2021-03-16,23.334999084472656,23.997499465942383,22.899999618530273,23.212499618530273,22.1200008392334,168770400
2021-03-17,22.530000686645508,23.9325008392334,22.15250015258789,23.5049991607666,22.398731231689453,196370800
2021-03-18,22.40250015258789,22.625,21.237499237060547,21.34749984741211,20.342777252197266,228253600
2021-03-19,21.3125,21.887500762939453,20.850000381469727,21.6200008392334,20.602453231811523,193286400
2021-03-22,22.072500228881836,23.217500686645508,22.072500228881836,22.772499084472656,21.70071029663086,141101200
2021-03-23,23.012500762939453,23.3075008392334,22.292499542236328,22.475000381469727,21.417213439941406,187780800
2021-03-24,22.772499084472656,22.780000686645508,21.3125,21.34000015258789,20.335630416870117,190483600
2021-03-25,20.954999923706055,21.545000076293945,20.412500381469727,21.225000381469727,20.22604751586914,239874400
2021-03-26,21.18000030517578,22.24250030517578,20.88249969482422,22.162500381469727,21.11941909790039,215060400
2021-03-29,22.059999465942383,22.385000228881836,21.43000030517578,22.149999618530273,21.107507705688477,190589200
2021-03-30,21.737499237060547,21.947500228881836,21.239999771118164,21.834999084472656,20.80733299255371,148349600
2021-03-31,22.197500228881836,23.149999618530273,22.127500534057617,22.815000534057617,21.741212844848633,161968800
2021-04-01,23.65999984741211,24.00749969482422,23.604999542236328,23.975000381469727,22.84661865234375,145087200
2021-04-05,24.552499771118164,25.594999313354492,24.49250030517578,25.415000915527344,24.218839645385742,130539600
2021-04-06,25.34000015258789,25.81999969482422,25.177499771118164,25.354999542236328,24.16166114807129,120606800
2021-04-07,25.25749969482422,25.7450008392334,25.024999618530273,25.542499542236328,24.340335845947266,98987200
2021-04-08,26.229999542236328,26.385000228881836,26.024999618530273,26.34000015258789,25.100305557250977,113619200
2021-04-09,26.0049991607666,26.864999771118164,25.829999923706055,26.8174991607666,25.555330276489258,129438400
2021-04-12,26.575000762939453,26.809999465942383,26.2450008392334,26.712499618530273,25.455272674560547,109632000
2021-04-13,27.094999313354492,27.75,27.030000686645508,27.627500534057617,26.32720947265625,115022000
2021-04-14,27.697500228881836,27.732500076293945,26.440000534057617,26.657499313354492,25.402856826782227,161227600
2021-04-15,27.342500686645508,27.9424991607666,27.309999465942383,27.834999084472656,26.524940490722656,120798000
2021-04-16,27.977500915527344,27.997499465942383,27.475000381469727,27.952499389648438,26.636913299560547,117488000
2021-04-19,27.537500381469727,27.842500686645508,26.6875,27.190000534057617,25.91029930114746,159168000
2021-04-20,27.012500762939453,27.329999923706055,26.09749984741211,26.594999313354492,25.343305587768555,158283600
2021-04-21,26.25,27.3075008392334,26.0049991607666,27.267499923706055,25.98415756225586,111057200
2021-04-22,27.167499542236328,27.407499313354492,25.985000610351562,26.274999618530273,25.038366317749023,174848400
2021-04-23,26.43000030517578,27.579999923706055,26.43000030517578,27.264999389648438,25.98177146911621,107686000
2021-04-26,27.327499389648438,27.86750030517578,27.137500762939453,27.80500030517578,26.496355056762695,99976800
2021-04-27,27.86750030517578,27.917499542236328,27.1924991607666,27.440000534057617,26.148530960083008,119312800
2021-04-28,27.34749984741211,27.600000381469727,26.99250030517578,27.157499313354492,25.879329681396484,118950000
2021-04-29,27.96500015258789,28.0575008392334,26.645000457763672,27.43000030517578,26.13900375366211,148124400
2021-04-30,26.822500228881836,27.450000762939453,26.672500610351562,26.915000915527344,25.648244857788086,118440400
2021-05-03,27.190000534057617,27.372499465942383,26.357500076293945,26.475000381469727,25.22895050048828,134222000
2021-05-04,25.862499237060547,25.922500610351562,24.112499237060547,25.079999923706055,23.899606704711914,211234000
2021-05-05,25.510000228881836,25.712499618530273,24.600000381469727,24.787500381469727,23.620874404907227,136429200
2021-05-06,24.717500686645508,25.3700008392334,24.197500228881836,25.329999923706055,24.137842178344727,169663200
2021-05-07,25.99250030517578,26.520000457763672,25.6924991607666,25.950000762939453,24.72865867614746,158706800
2021-05-10,25.622499465942383,25.665000915527344,23.940000534057617,24.0,22.87043571472168,184214800
2021-05-11,22.647499084472656,24.059999465942383,22.5,23.8799991607666,22.756084442138672,228806800
2021-05-12,22.7549991607666,23.287500381469727,21.829999923706055,22.0625,21.024126052856445,236158000
2021-05-13,22.649999618530273,23.167499542236328,22.017499923706055,22.52750015258789,21.467241287231445,208602000
2021-05-14,23.219999313354492,24.22249984741211,23.104999542236328,23.99250030517578,22.863290786743164,144263200
2021-05-17,23.627500534057617,23.790000915527344,22.9325008392334,23.587499618530273,22.477352142333984,138542400
2021-05-18,23.802499771118164,24.06999969482422,23.047500610351562,23.092500686645508,22.00564956665039,131684000
2021-05-19,21.912500381469727,23.247499465942383,21.832500457763672,23.177499771118164,22.086645126342773,191889600
2021-05-20,23.517499923706055,24.71500015258789,23.457500457763672,24.517499923706055,23.36357879638672,139226400
2021-05-21,24.885000228881836,24.982500076293945,24.02750015258789,24.112499237060547,22.977643966674805,128133200
2021-05-24,24.637500762939453,25.584999084472656,24.55500030517578,25.31999969482422,24.128314971923828,92181600
2021-05-25,25.6875,25.860000610351562,25.157499313354492,25.4424991607666,24.245046615600586,106728800
2021-05-26,25.59000015258789,25.809999465942383,25.43000030517578,25.700000762939453,24.49042510986328,78034800
2021-05-27,25.592500686645508,25.790000915527344,25.360000610351562,25.399999618530273,24.204545974731445,83216800
2021-05-28,25.69499969482422,26.024999618530273,25.575000762939453,25.647499084472656,24.440391540527344,81857200
2021-06-01,25.962499618530273,26.075000762939453,25.072500228881836,25.397499084472656,24.202163696289062,103863600
2021-06-02,25.487499237060547,25.74250030517578,25.13249969482422,25.530000686645508,24.328428268432617,83178800
2021-06-03,24.872499465942383,25.167499542236328,24.344999313354492,24.727500915527344,23.563697814941406,121032000
2021-06-04,25.157499313354492,26.09749984741211,25.13249969482422,25.9950008392334,24.77154541015625,91175200
2021-06-07,25.857500076293945,26.24250030517578,25.702499389648438,26.225000381469727,24.9907169342041,62193200
2021-06-08,26.645000457763672,26.854999542236328,25.857500076293945,26.2549991607666,25.019306182861328,92944400
2021-06-09,26.59000015258789,26.780000686645508,26.232500076293945,26.28499984741211,25.047897338867188,77803600
2021-06-10,26.357500076293945,27.125,26.25,27.09000015258789,25.815006256103516,117206800
2021-06-11,27.104999542236328,27.309999465942383,26.940000534057617,27.30500030517578,26.01988983154297,68338800
2021-06-14,27.40999984741211,28.092500686645508,27.125,28.06999969482422,26.748882293701172,90823200
2021-06-15,28.0049991607666,28.084999084472656,27.364999771118164,27.549999237060547,26.253355026245117,90108000
2021-06-16,27.655000686645508,27.917499542236328,26.3799991607666,27.2549991607666,25.972244262695312,157778000
2021-06-17,26.989999771118164,28.520000457763672,26.982500076293945,28.272499084472656,26.941850662231445,144323600
2021-06-18,27.852500915527344,28.145000457763672,27.420000076293945,27.59749984741211,26.298622131347656,142894400
2021-06-21,27.657499313354492,28.200000762939453,27.09749984741211,28.102500915527344,26.77985382080078,107708400
2021-06-22,28.077499389648438,29.012500762939453,27.99250030517578,28.887500762939453,27.527912139892578,103578800
2021-06-23,28.892499923706055,29.239999771118164,28.732500076293945,28.9375,27.575551986694336,93996800
2021-06-24,29.434999465942383,29.872499465942383,29.297500610351562,29.469999313354492,28.082990646362305,93672400
2021-06-25,29.622499465942383,29.6875,29.212499618530273,29.377500534057617,27.99484634399414,86993200
2021-06-28,29.6924991607666,30.469999313354492,29.684999465942383,30.417499542236328,28.985898971557617,88787600
2021-06-29,30.389999389648438,30.770000457763672,30.167499542236328,30.760000228881836,29.312274932861328,74560000
2021-06-30,30.72249984741211,30.825000762939453,30.462499618530273,30.625,29.183629989624023,80546800
2021-07-01,30.520000457763672,30.78499984741211,30.162500381469727,30.639999389648438,29.197925567626953,83834800
2021-07-02,31.15999984741211,31.787500381469727,31.094999313354492,31.68000030517578,30.18897819519043,93502000
2021-07-06,31.862499237060547,32.189998626708984,31.125,32.10499954223633,30.593975067138672,109599600
2021-07-07,32.724998474121094,32.80500030517578,31.774999618530273,32.310001373291016,30.789329528808594,115275600
2021-07-08,30.922500610351562,31.96500015258789,30.559999465942383,31.75,30.25568389892578,152524400
2021-07-09,31.56999969482422,32.45000076293945,31.407499313354492,32.287498474121094,30.76788330078125,92875600
2021-07-12,32.70000076293945,32.8224983215332,32.26499938964844,32.692501068115234,31.153823852539062,87126000
2021-07-13,32.595001220703125,33.51750183105469,32.45249938964844,32.67499923706055,31.137142181396484,119450000
2021-07-14,33.34000015258789,33.52000045776367,32.63750076293945,32.852500915527344,31.306297302246094,136042800
2021-07-15,32.852500915527344,32.89500045776367,31.614999771118164,32.17250061035156,30.658300399780273,137192800
2021-07-16,32.415000915527344,32.6775016784668,31.292499542236328,31.38249969482422,29.90547752380371,127402800
2021-07-19,30.452499389648438,30.75,29.917499542236328,30.6299991607666,29.188400268554688,202286400
2021-07-20,30.860000610351562,32.07500076293945,30.387500762939453,31.639999389648438,30.150861740112305,121544800
2021-07-21,31.577499389648438,32.397499084472656,31.5,32.36249923706055,30.83935546875,81763200
2021-07-22,32.462501525878906,33.04999923706055,32.459999084472656,33.04249954223633,31.487354278564453,94957600
2021-07-23,33.42499923706055,34.27750015258789,33.0724983215332,34.13999938964844,32.53319549560547,103898400
2021-07-26,34.005001068115234,34.39250183105469,33.7599983215332,34.282501220703125,32.66899490356445,85977600
2021-07-27,34.20750045776367,34.20750045776367,31.957500457763672,33.162498474121094,31.601701736450195,178782000
2021-07-28,33.46500015258789,33.96500015258789,32.817501068115234,33.525001525878906,31.947147369384766,143940400
2021-07-29,33.369998931884766,34.029998779296875,33.36750030517578,33.689998626708984,32.1043701171875,88638400
2021-07-30,32.587501525878906,33.337501525878906,32.567501068115234,33.185001373291016,31.623144149780273,113118800
2021-08-02,33.6349983215332,33.79750061035156,33.005001068115234,33.17499923706055,31.613618850708008,109120000
2021-08-03,33.36000061035156,33.79999923706055,32.462501525878906,33.752498626708984,32.16393280029297,126835600
2021-08-04,33.772499084472656,34.189998626708984,33.45000076293945,33.91999816894531,32.32355499267578,96856800
2021-08-05,34.13999938964844,34.619998931884766,33.95000076293945,34.557498931884766,32.93104553222656,77340400
2021-08-06,34.1974983215332,34.48249816894531,33.790000915527344,34.10749816894531,32.50222396850586,86306000
2021-08-09,34.227500915527344,34.44499969482422,33.91999816894531,34.290000915527344,32.676143646240234,68421600
2021-08-10,34.442501068115234,34.52750015258789,33.43000030517578,33.77750015258789,32.18775939941406,106162400
2021-08-11,34.125,34.26250076293945,33.209999084472656,33.595001220703125,32.01384735107422,93188000
2021-08-12,33.45249938964844,34.04999923706055,33.060001373291016,33.94499969482422,32.34737777709961,79490800
2021-08-13,34.04499816894531,34.40250015258789,33.907501220703125,34.28499984741211,32.6713752746582,73289600
2021-08-16,33.98500061035156,34.35749816894531,32.875,34.345001220703125,32.728553771972656,122458400
2021-08-17,33.5525016784668,33.837501525878906,32.74250030517578,33.442501068115234,31.868532180786133,166395200
2021-08-18,33.275001525878906,33.68000030517578,32.377498626708984,32.470001220703125,30.941795349121094,130084800
2021-08-19,31.934999465942383,33.400001525878906,31.862499237060547,32.932498931884766,31.382530212402344,163247600
2021-08-20,33.23749923706055,34.067501068115234,33.14500045776367,33.95000076293945,32.352142333984375,125082400
2021-08-23,34.25749969482422,35.67499923706055,34.25,35.462501525878906,33.79344940185547,96532400
2021-08-24,35.65250015258789,35.98500061035156,35.51750183105469,35.8125,34.12697982788086,72686800
2021-08-25,35.872501373291016,36.099998474121094,35.657501220703125,35.852500915527344,34.165096282958984,76127200
2021-08-26,35.66749954223633,35.877498626708984,35.11000061035156,35.244998931884766,33.586185455322266,107004800
2021-08-27,35.42250061035156,36.400001525878906,35.28499984741211,36.275001525878906,34.56772232055664,92320000
2021-08-30,36.5,37.630001068115234,36.48749923706055,37.477500915527344,35.7136116027832,91270400
2021-08-31,37.55500030517578,37.57500076293945,36.92250061035156,37.372501373291016,35.61355972290039,91796000
2021-09-01,37.70750045776367,38.20500183105469,37.51750183105469,37.57749938964844,35.80891418457031,95568000
2021-09-02,37.98749923706055,38.084999084472656,37.150001525878906,37.525001525878906,35.758888244628906,95038400
2021-09-03,37.17499923706055,37.98500061035156,37.165000915527344,37.86249923706055,36.08049774169922,93201200
2021-09-07,37.88750076293945,38.220001220703125,37.540000915527344,38.01750183105469,36.22819900512695,90370800
2021-09-08,37.95249938964844,37.962501525878906,36.9275016784668,37.627498626708984,35.8565559387207,126846000
2021-09-09,37.682498931884766,38.025001525878906,37.147499084472656,37.224998474121094,35.47300338745117,110573600
2021-09-10,37.75,37.962501525878906,36.27750015258789,36.38750076293945,34.674922943115234,138435600
2021-09-13,37.0724983215332,37.19499969482422,35.689998626708984,36.30500030517578,34.596309661865234,155549200
2021-09-14,36.73749923706055,36.96500015258789,35.70500183105469,35.99250030517578,34.29851150512695,119258400
2021-09-15,36.122501373291016,36.88999938964844,35.439998626708984,36.790000915527344,35.0584716796875,111785200
2021-09-16,36.38750076293945,37.032501220703125,35.810001373291016,36.86249923706055,35.1275634765625,105230800
2021-09-17,36.724998474121094,36.73249816894531,35.2400016784668,35.560001373291016,33.8863639831543,154650400
2021-09-20,33.85499954223633,34.3650016784668,32.0,33.372501373291016,31.801822662353516,243827200
2021-09-21,33.845001220703125,34.1875,33.147499084472656,33.415000915527344,31.842317581176758,143401200
2021-09-22,33.71500015258789,34.807498931884766,33.40250015258789,34.39250183105469,32.77381134033203,175338800
2021-09-23,34.727500915527344,35.64250183105469,34.54249954223633,35.34749984741211,33.68386459350586,138739200
2021-09-24,34.68000030517578,35.5625,34.57500076293945,35.4474983215332,33.77915954589844,109550400
2021-09-27,34.5525016784668,34.849998474121094,33.849998474121094,34.592498779296875,32.96439743041992,156710800
2021-09-28,33.28499984741211,33.47249984741211,31.517499923706055,31.707500457763672,30.215185165405273,297646000
2021-09-29,31.989999771118164,32.5724983215332,31.325000762939453,31.497499465942383,30.01506805419922,195061200
2021-09-30,31.94499969482422,32.3849983215332,31.020000457763672,31.142499923706055,29.676774978637695,234624000
2021-10-01,31.3125,32.002498626708984,30.209999084472656,31.709999084472656,30.21756362915039,208708000
2021-10-04,31.274999618530273,31.372499465942383,29.11750030517578,29.760000228881836,28.359344482421875,257236000
2021-10-05,29.99250030517578,31.5,29.93000030517578,30.905000686645508,29.450454711914062,162612800
2021-10-06,30.065000534057617,31.579999923706055,29.815000534057617,31.514999389648438,30.031742095947266,234990800
2021-10-07,32.33000183105469,33.084999084472656,32.182498931884766,32.36750030517578,30.8441219329834,150815200
2021-10-08,32.66749954223633,32.72999954223633,31.74250030517578,31.8700008392334,30.37003517150879,157132000
2021-10-11,31.46500015258789,32.42250061035156,31.135000228881836,31.162500381469727,29.69583511352539,136215200
2021-10-12,31.542499542236328,31.655000686645508,30.65250015258789,30.844999313354492,29.393278121948242,174403600
2021-10-13,31.44499969482422,31.737499237060547,30.899999618530273,31.5674991607666,30.081771850585938,140921200
2021-10-14,32.52750015258789,33.36249923706055,32.349998474121094,33.310001373291016,31.742265701293945,121750000
2021-10-15,33.650001525878906,33.962501525878906,33.35499954223633,33.9275016784668,32.33069610595703,102858000
2021-10-18,33.5625,35.005001068115234,33.39500045776367,34.94499969482422,33.30031204223633,100876400
2021-10-19,35.2599983215332,35.75749969482422,35.06999969482422,35.712501525878906,34.03168869018555,106450800
2021-10-20,35.872501373291016,36.05500030517578,35.16999816894531,35.599998474121094,33.92448425292969,118709600
2021-10-21,35.36000061035156,36.3025016784668,35.282501220703125,36.23749923706055,34.531982421875,92100400
2021-10-22,35.86750030517578,36.165000915527344,34.84000015258789,35.31999969482422,33.65766143798828,140248400
2021-10-25,35.747501373291016,36.682498931884766,35.18000030517578,36.380001068115234,34.66777801513672,118951600
2021-10-26,37.08000183105469,37.79999923706055,36.412498474121094,36.720001220703125,34.99176788330078,167975600
2021-10-27,36.88999938964844,37.93000030517578,36.814998626708984,37.0099983215332,35.26811599731445,145068000
2021-10-28,37.57749938964844,38.3125,37.349998474121094,38.224998474121094,36.42593765258789,130737600
2021-10-29,37.29750061035156,38.849998474121094,37.19499969482422,38.790000915527344,36.96434020996094,134514400
2021-11-01,38.95000076293945,39.23249816894531,38.29499816894531,39.17250061035156,37.32883834838867,130045600
2021-11-02,39.00749969482422,39.842498779296875,38.9900016784668,39.69499969482422,37.826751708984375,120171200
2021-11-03,39.834999084472656,41.08000183105469,39.51750183105469,40.95500183105469,39.02745819091797,145210400
2021-11-04,41.35749816894531,42.837501525878906,41.182498931884766,42.48249816894531,40.48305892944336,160879600
2021-11-05,43.1150016784668,43.415000915527344,42.182498931884766,42.63999938964844,40.63315200805664,170505600
2021-11-08,42.625,42.974998474121094,42.26499938964844,42.46500015258789,40.466373443603516,112919600
2021-11-09,42.8125,42.9474983215332,41.14250183105469,41.59000015258789,39.632568359375,176237600
2021-11-10,40.68000030517578,41.599998474121094,39.125,39.76750183105469,37.89583969116211,193953600
2021-11-11,40.6875,40.747501373291016,39.974998474121094,40.09000015258789,38.203163146972656,115438000
2021-11-12,40.45249938964844,41.51750183105469,39.9375,41.36249923706055,39.415767669677734,127640800
2021-11-15,41.727500915527344,41.82749938964844,40.522499084472656,41.349998474121094,39.40385437011719,139458400
2021-11-16,41.0724983215332,42.352500915527344,41.01499938964844,42.20500183105469,40.218624114990234,103181600
2021-11-17,42.3025016784668,42.92250061035156,41.9474983215332,42.255001068115234,40.26626968383789,115936000
2021-11-18,42.91999816894531,43.724998474121094,42.192501068115234,43.54750061035156,41.4979362487793,173683200
2021-11-19,44.10749816894531,44.717498779296875,43.83000183105469,44.28499984741211,42.200721740722656,129214400
2021-11-22,44.8224983215332,45.84000015258789,42.71500015258789,42.75,40.73796844482422,179044800
2021-11-23,42.36249923706055,43.04249954223633,40.6974983215332,42.16749954223633,40.18288040161133,226025600
2021-11-24,41.32749938964844,42.63999938964844,40.58250045776367,42.557498931884766,40.55452346801758,198241600
2021-11-26,41.69499969482422,42.15999984741211,39.68000030517578,40.209999084472656,38.3175048828125,177682400
2021-11-29,41.54999923706055,43.040000915527344,41.33250045776367,42.70750045776367,40.697471618652344,158932000
2021-11-30,42.41999816894531,43.1974983215332,40.1775016784668,40.872501373291016,38.9488410949707,302586000
2021-12-01,42.21500015258789,42.904998779296875,38.61750030517578,38.775001525878906,36.950050354003906,302551200
2021-12-02,38.35499954223633,40.130001068115234,37.912498474121094,39.505001068115234,37.645694732666016,396432800
2021-12-03,40.0,40.31999969482422,36.23249816894531,37.52000045776367,35.75411605834961,480573600
2021-12-06,37.647499084472656,38.81999969482422,36.38249969482422,38.397499084472656,36.590309143066406,304828000
2021-12-07,40.442501068115234,42.06999969482422,40.435001373291016,41.86000061035156,39.88985824584961,270578400
2021-12-08,41.97249984741211,42.5,41.36750030517578,42.442501068115234,40.444942474365234,205243600
2021-12-09,42.037498474121094,42.627498626708984,40.5,40.61000061035156,38.69868087768555,212802000
2021-12-10,41.442501068115234,41.95750045776367,40.44499969482422,41.86750030517578,39.897003173828125,203075200
2021-12-13,41.86750030517578,41.97249984741211,39.94499969482422,40.067501068115234,38.18171310424805,179145200
2021-12-14,38.529998779296875,39.38999938964844,37.45750045776367,38.875,37.04534912109375,230933600
2021-12-15,38.7400016784668,41.567501068115234,37.50749969482422,41.4474983215332,39.496768951416016,269061200
2021-12-16,41.752498626708984,41.904998779296875,37.73749923706055,38.28499984741211,36.48311996459961,296220000
2021-12-17,37.20750045776367,38.9474983215332,36.75,37.70000076293945,35.92564392089844,300020800
2021-12-20,36.255001068115234,36.8125,35.625,36.5724983215332,34.85121154785156,241866000
2021-12-21,37.540000915527344,39.11249923706055,36.4275016784668,39.01750183105469,37.1811408996582,219124800
2021-12-22,38.89500045776367,40.5,38.70500183105469,40.40999984741211,38.50809860229492,177222800
2021-12-23,40.54249954223633,41.8224983215332,40.49250030517578,41.369998931884766,39.422908782958984,131308400
2021-12-27,41.772499084472656,43.38249969482422,41.75,43.34749984741211,41.307334899902344,125963200
2021-12-28,43.689998626708984,43.744998931884766,42.50749969482422,42.837501525878906,40.82134246826172,144825200
2021-12-29,42.82749938964844,43.247501373291016,41.98749923706055,42.77000045776367,40.75703048706055,115494800
2021-12-30,42.692501068115234,43.415000915527344,42.192501068115234,42.369998931884766,40.37584686279297,113271600
2021-12-31,42.157501220703125,42.599998474121094,41.4275016784668,41.58250045776367,39.62541580200195,120497200
2022-01-03,41.95750045776367,42.86000061035156,41.279998779296875,42.782501220703125,40.76893615722656,153010400
2022-01-04,42.95750045776367,42.97249984741211,40.09749984741211,41.119998931884766,39.1846809387207,213296400
2022-01-05,40.595001220703125,40.93000030517578,37.25,37.337501525878906,35.58020782470703,266490400
2022-01-06,36.75749969482422,38.20249938964844,36.10499954223633,37.23500061035156,35.4825325012207,308453200
2022-01-07,37.224998474121094,37.73500061035156,35.5,36.01750183105469,34.322330474853516,285426800
2022-01-10,34.587501525878906,36.23500061035156,33.025001525878906,36.150001525878906,34.4485969543457,358434800
2022-01-11,35.85749816894531,37.75749969482422,35.2599983215332,37.7400016784668,35.96376419067383,308653600
2022-01-12,38.49250030517578,38.98249816894531,37.470001220703125,38.16999816894531,36.37352752685547,276742400
2022-01-13,38.564998626708984,38.775001525878906,35.0099983215332,35.400001525878906,33.7338981628418,173531800
2022-01-14,34.54499816894531,36.03499984741211,34.5,35.935001373291016,34.24371337890625,178451600
2022-01-18,34.244998931884766,34.86000061035156,33.029998779296875,33.345001220703125,31.77562141418457,155320000
2022-01-19,33.68000030517578,34.35499954223633,32.08000183105469,32.185001373291016,30.670207977294922,183284400
2022-01-20,33.0099983215332,34.09000015258789,30.75,30.940000534057617,29.483806610107422,172197000
2022-01-21,30.309999465942383,31.014999389648438,28.25,28.334999084472656,27.00141143798828,342054600
2022-01-24,26.924999237060547,28.875,24.084999084472656,28.7450008392334,27.39211654663086,510169200
2022-01-25,27.075000762939453,28.155000686645508,25.875,26.625,25.37189292907715,347498000
2022-01-26,28.4950008392334,29.424999237060547,25.684999465942383,26.575000762939453,25.324243545532227,415676200
2022-01-27,27.700000762939453,28.1200008392334,25.520000457763672,25.780000686645508,24.566659927368164,323528200
2022-01-28,26.200000762939453,28.229999542236328,25.049999237060547,28.184999465942383,26.858470916748047,334032400
2022-01-31,28.524999618530273,31.030000686645508,28.110000610351562,30.915000915527344,29.459983825683594,227502200
2022-02-01,31.209999084472656,31.674999237060547,29.864999771118164,31.5049991607666,30.022212982177734,203691600
2022-02-02,32.61000061035156,32.685001373291016,31.174999237060547,32.25,30.73215103149414,201630400
2022-02-03,29.65999984741211,30.53499984741211,28.059999465942383,28.3700008392334,27.03476333618164,211150000
2022-02-04,28.434999465942383,30.204999923706055,27.94499969482422,29.350000381469727,27.968639373779297,193068800
2022-02-07,29.53499984741211,30.135000228881836,28.360000610351562,28.684999465942383,27.33493995666504,153912200
2022-02-08,28.399999618530273,29.915000915527344,28.114999771118164,29.65999984741211,28.264047622680664,158593200
2022-02-09,30.780000686645508,31.540000915527344,30.3799991607666,31.5,30.017454147338867,151075400
2022-02-10,29.655000686645508,31.454999923706055,28.899999618530273,29.40999984741211,28.025815963745117,254286600
2022-02-11,29.389999389648438,29.774999618530273,26.280000686645508,26.639999389648438,25.38619041442871,268511200
2022-02-14,26.450000762939453,27.485000610351562,25.850000381469727,26.71500015258789,25.45766258239746,190125000
2022-02-15,27.915000915527344,28.719999313354492,27.674999237060547,28.649999618530273,27.301584243774414,163444600
2022-02-16,28.135000228881836,28.899999618530273,27.350000381469727,28.645000457763672,27.29682159423828,186181000
2022-02-17,27.81999969482422,28.024999618530273,25.985000610351562,26.104999542236328,24.876365661621094,157671200
2022-02-18,26.295000076293945,26.395000457763672,24.655000686645508,25.219999313354492,24.033018112182617,226165400
2022-02-22,24.520000457763672,25.75,23.604999542236328,24.440000534057617,23.28972816467285,262876200
2022-02-23,25.1200008392334,25.315000534057617,22.485000610351562,22.56999969482422,21.50774574279785,260920400
2022-02-24,20.3799991607666,24.924999237060547,20.30500030517578,24.780000686645508,23.613727569580078,389734800
2022-02-25,25.0,26.0049991607666,24.125,25.954999923706055,24.733421325683594,238372200
2022-02-28,25.229999542236328,26.594999313354492,24.959999084472656,26.229999542236328,24.995481491088867,243401000
2022-03-01,25.959999084472656,26.485000610351562,24.424999237060547,25.020000457763672,23.84243392944336,248145000
2022-03-02,25.334999084472656,26.524999618530273,24.709999084472656,26.21500015258789,24.98118782043457,219495800
2022-03-03,26.875,26.889999389648438,24.684999465942383,25.1200008392334,23.937725067138672,223888600
2022-03-04,24.584999084472656,24.899999618530273,23.5,24.045000076293945,22.91332244873047,231391000
2022-03-07,24.024999618530273,24.270000457763672,21.315000534057617,21.360000610351562,20.35468864440918,249752600
2022-03-08,21.19499969482422,23.0,20.385000228881836,21.065000534057617,20.073572158813477,355936000
2022-03-09,22.700000762939453,23.600000381469727,22.174999237060547,23.31999969482422,22.222442626953125,219074200
2022-03-10,22.450000762939453,22.809999465942383,21.594999313354492,22.56999969482422,21.50774574279785,225574800
2022-03-11,23.170000076293945,23.235000610351562,21.045000076293945,21.170000076293945,20.17363166809082,197814800
2022-03-14,20.905000686645508,21.565000534057617,19.780000686645508,19.93000030517578,18.99199104309082,246265200
2022-03-15,20.434999465942383,21.94499969482422,20.1200008392334,21.774999618530273,20.75015640258789,211407200
2022-03-16,22.579999923706055,24.239999771118164,21.844999313354492,24.219999313354492,23.080081939697266,326175000
2022-03-17,23.795000076293945,25.094999313354492,23.520000457763672,25.030000686645508,23.851961135864258,192061600
2022-03-18,24.729999542236328,26.704999923706055,24.46500015258789,26.584999084472656,25.33377456665039,201569600
2022-03-21,26.43000030517578,26.96500015258789,25.385000228881836,26.395000457763672,25.15271759033203,221094600
2022-03-22,26.53499984741211,28.170000076293945,26.434999465942383,27.954999923706055,26.639297485351562,186689200
2022-03-23,27.280000686645508,28.135000228881836,26.75,26.774999618530273,25.51483154296875,205499400
2022-03-24,27.21500015258789,28.545000076293945,26.704999923706055,28.510000228881836,27.168176651000977,171150600
2022-03-25,28.520000457763672,28.780000686645508,27.424999237060547,28.46500015258789,27.12529182434082,198789400
2022-03-28,28.459999084472656,29.80500030517578,28.165000915527344,29.760000228881836,28.359344482421875,183407400
2022-03-29,30.760000228881836,31.479999542236328,30.06999969482422,31.28499984741211,29.81256866455078,204013400
2022-03-30,30.84000015258789,31.270000457763672,29.899999618530273,30.344999313354492,28.91680908203125,167818800
2022-03-31,30.31999969482422,30.415000915527344,28.950000762939453,29.09000015258789,27.72088050842285,168098800
2022-04-01,29.21500015258789,29.40999984741211,28.200000762939453,28.96500015258789,27.601760864257812,176162600
2022-04-04,29.190000534057617,30.774999618530273,29.114999771118164,30.774999618530273,29.326570510864258,137515000
2022-04-05,30.40999984741211,30.579999923706055,28.43000030517578,28.739999771118164,27.38735008239746,172097600
2022-04-06,27.40999984741211,27.684999465942383,26.200000762939453,26.850000381469727,25.586305618286133,296859800
2022-04-07,26.614999771118164,27.545000076293945,25.790000915527344,27.024999618530273,25.753063201904297,229654000
2022-04-08,26.610000610351562,26.795000076293945,25.75,25.920000076293945,24.700071334838867,204182400
2022-04-11,24.915000915527344,25.135000228881836,23.975000381469727,24.079999923706055,22.946672439575195,185914600
2022-04-12,25.079999923706055,25.489999771118164,23.44499969482422,23.770000457763672,22.651262283325195,247928200
2022-04-13,23.829999923706055,25.420000076293945,23.665000915527344,25.19499969482422,24.009193420410156,190084600
2022-04-14,25.209999084472656,25.325000762939453,23.415000915527344,23.5,22.393970489501953,167843600
2022-04-18,23.235000610351562,24.0049991607666,22.90999984741211,23.565000534057617,22.45591163635254,175525400
2022-04-19,23.364999771118164,25.209999084472656,23.155000686645508,25.079999923706055,23.899606704711914,172372600
2022-04-20,25.28499984741211,25.3700008392334,23.719999313354492,23.950000762939453,22.82278823852539,215629400
2022-04-21,24.81999969482422,25.385000228881836,22.295000076293945,22.545000076293945,21.48391342163086,268626400
2022-04-22,22.524999618530273,22.78499984741211,20.639999389648438,20.7549991607666,19.778162002563477,248824800
2022-04-25,20.405000686645508,21.579999923706055,20.155000686645508,21.524999618530273,20.511920928955078,332878800
2022-04-26,21.110000610351562,21.145000457763672,19.049999237060547,19.104999542236328,18.20582389831543,332263200
2022-04-27,19.084999084472656,20.110000610351562,18.684999465942383,19.020000457763672,18.124828338623047,316698600
2022-04-28,19.915000915527344,21.364999771118164,19.139999389648438,21.030000686645508,20.04022216796875,344698400
2022-04-29,20.19499969482422,20.885000228881836,18.100000381469727,18.264999389648438,17.405353546142578,320116800
2022-05-02,18.125,19.139999389648438,17.565000534057617,19.125,18.224882125854492,311905600
2022-05-03,19.094999313354492,19.584999084472656,18.649999618530273,19.170000076293945,18.26776123046875,285565600
2022-05-04,19.2450008392334,21.225000381469727,18.264999389648438,21.06999969482422,20.078336715698242,438806800
2022-05-05,20.25,20.2549991607666,17.260000228881836,17.93000030517578,17.08612632751465,455552600
2022-05-06,17.545000076293945,18.264999389648438,16.549999237060547,17.30500030517578,16.490537643432617,466794400
2022-05-09,16.280000686645508,16.709999084472656,15.005000114440918,15.260000228881836,14.54178524017334,420419800
2022-05-10,16.360000610351562,16.540000915527344,15.140000343322754,15.78499984741211,15.042075157165527,463579600
2022-05-11,15.425000190734863,16.299999237060547,14.234999656677246,14.380000114440918,13.703202247619629,529531800
2022-05-12,13.71500015258789,14.944999694824219,13.345000267028809,14.265000343322754,13.59361457824707,590993000
2022-05-13,14.925000190734863,16.0,14.6899995803833,15.8149995803833,15.070664405822754,395948000
2022-05-16,15.5649995803833,15.890000343322754,15.09000015258789,15.324999809265137,14.603726387023926,318388000
2022-05-17,16.21500015258789,16.540000915527344,15.619999885559082,16.479999542236328,15.704366683959961,307981400
2022-05-18,15.729999542236328,15.845000267028809,13.845000267028809,14.074999809265137,13.41256046295166,328105200
2022-05-19,13.770000457763672,14.510000228881836,13.520000457763672,13.789999961853027,13.140971183776855,392015600
2022-05-20,14.324999809265137,14.420000076293945,12.46500015258789,13.670000076293945,13.026620864868164,458111200
2022-05-23,13.824999809265137,14.414999961853027,13.479999542236328,14.345000267028809,13.669852256774902,341040600
2022-05-24,13.574999809265137,13.680000305175781,12.71500015258789,13.449999809265137,12.816975593566895,366488600
2022-05-25,13.220000267028809,14.300000190734863,13.194999694824219,13.989999771118164,13.331558227539062,361283800
2022-05-26,13.880000114440918,15.390000343322754,13.84000015258789,15.15999984741211,14.446491241455078,337131600
2022-05-27,15.649999618530273,16.670000076293945,15.635000228881836,16.645000457763672,15.861598014831543,315035800
2022-05-31,16.649999618530273,17.0,15.864999771118164,16.524999618530273,15.747251510620117,369158600
2022-06-01,16.854999542236328,17.21500015258789,15.774999618530273,16.139999389648438,15.380367279052734,398894200
2022-06-02,15.960000038146973,17.489999771118164,15.725000381469727,17.450000762939453,16.62871742248535,336861400
2022-06-03,16.56999969482422,16.815000534057617,15.880000114440918,16.06999969482422,15.313665390014648,324723800
2022-06-06,16.809999465942383,17.065000534057617,16.0,16.270000457763672,15.504253387451172,300958600
2022-06-07,15.710000038146973,16.799999237060547,15.524999618530273,16.665000915527344,15.880661964416504,274886600
2022-06-08,16.540000915527344,16.969999313354492,16.165000915527344,16.325000762939453,15.556662559509277,225706000
2022-06-09,16.03499984741211,16.530000686645508,14.96500015258789,14.994999885559082,14.289258003234863,275959400
2022-06-10,14.130000114440918,14.3100004196167,13.335000038146973,13.395000457763672,12.764562606811523,343352200
2022-06-13,12.135000228881836,12.489999771118164,11.40999984741211,11.539999961853027,10.996870040893555,426731400
2022-06-14,11.819999694824219,11.9350004196167,11.260000228881836,11.614999771118164,11.068339347839355,393201000
2022-06-15,12.029999732971191,12.960000038146973,11.670000076293945,12.449999809265137,11.86403751373291,549823000
2022-06-16,11.494999885559082,11.5600004196167,10.65999984741211,10.930000305175781,10.415578842163086,424284400
2022-06-17,11.03499984741211,11.640000343322754,10.824999809265137,11.335000038146973,10.801515579223633,441181000
2022-06-21,11.90999984741211,12.489999771118164,11.890000343322754,12.1899995803833,11.616275787353516,318408200
2022-06-22,11.854999542236328,12.725000381469727,11.774999618530273,12.145000457763672,11.573394775390625,388973600
2022-06-23,12.470000267028809,12.78499984741211,12.085000038146973,12.664999961853027,12.068921089172363,365372800
2022-06-24,13.055000305175781,14.020000457763672,13.024999618530273,13.989999771118164,13.331558227539062,303635000
2022-06-27,14.175000190734863,14.25,13.5,13.65999984741211,13.017091751098633,338262000
2022-06-28,13.729999542236328,14.104999542236328,12.380000114440918,12.414999961853027,11.830686569213867,373741600
2022-06-29,12.390000343322754,12.645000457763672,12.050000190734863,12.4399995803833,11.854509353637695,380182200
2022-06-30,12.029999732971191,12.444999694824219,11.375,12.0,11.43521785736084,512407800
2022-07-01,11.800000190734863,12.25,11.550000190734863,12.194999694824219,11.621041297912598,417200800
2022-07-05,11.704999923706055,12.84000015258789,11.5,12.824999809265137,12.221389770507812,441108000
2022-07-06,12.885000228881836,13.359999656677246,12.640000343322754,13.069999694824219,12.454858779907227,412245800
2022-07-07,13.1899995803833,14.0,13.1850004196167,13.880000114440918,13.22673511505127,275732600
2022-07-08,13.494999885559082,14.154999732971191,13.354999542236328,13.944999694824219,13.288678169250488,319458400
2022-07-11,13.600000381469727,13.635000228881836,12.930000305175781,13.055000305175781,12.440567970275879,258448200
2022-07-12,13.220000267028809,13.489999771118164,12.454999923706055,12.675000190734863,12.078452110290527,319233000
2022-07-13,11.920000076293945,12.914999961853027,11.845000267028809,12.595000267028809,12.002214431762695,361151000
2022-07-14,12.234999656677246,12.84000015258789,11.8100004196167,12.725000381469727,12.126097679138184,351647000
2022-07-15,13.135000228881836,13.425000190734863,12.904999732971191,13.395000457763672,12.764562606811523,308760400
2022-07-18,13.805000305175781,14.0,12.90999984741211,13.085000038146973,12.46915340423584,319900400
2022-07-19,13.574999809265137,14.3100004196167,13.345000267028809,14.229999542236328,13.560261726379395,298643400
2022-07-20,14.329999923706055,15.125,14.220000267028809,14.944999694824219,14.241612434387207,377126200
2022-07-21,15.005000114440918,15.59000015258789,14.609999656677246,15.579999923706055,14.846726417541504,319381800
2022-07-22,15.4399995803833,15.765000343322754,14.475000381469727,14.765000343322754,14.070085525512695,298800800
2022-07-25,14.765000343322754,14.835000038146973,14.204999923706055,14.545000076293945,13.860440254211426,220897600
2022-07-26,14.244999885559082,14.28499984741211,13.524999618530273,13.664999961853027,13.021856307983398,231755600
2022-07-27,14.300000190734863,15.625,14.21500015258789,15.369999885559082,14.646608352661133,341919000
2022-07-28,15.34000015258789,15.90999984741211,14.760000228881836,15.8100004196167,15.065901756286621,324071800
2022-07-29,16.065000534057617,16.825000762939453,15.835000038146973,16.68000030517578,15.894954681396484,292146400
2022-08-01,16.389999389648438,17.209999084472656,16.219999313354492,16.655000686645508,15.871132850646973,285283000
2022-08-02,16.270000457763672,17.174999237060547,16.104999542236328,16.5,15.723427772521973,325375000
2022-08-03,16.774999618530273,17.975000381469727,16.655000686645508,17.81999969482422,16.981298446655273,294213800
2022-08-04,17.844999313354492,18.135000228881836,17.479999542236328,18.075000762939453,17.22429847717285,253567200
2022-08-05,17.21500015258789,17.989999771118164,17.075000762939453,17.645000457763672,16.814537048339844,283898600
2022-08-08,17.799999237060547,18.415000915527344,17.219999313354492,17.46500015258789,16.64301109313965,267787800
2022-08-09,17.139999389648438,17.184999465942383,16.594999313354492,16.864999771118164,16.071247100830078,218406000
2022-08-10,18.06999969482422,18.31999969482422,17.655000686645508,18.25,17.39105987548828,271554400
2022-08-11,18.665000915527344,19.010000228881836,17.834999084472656,17.975000381469727,17.129003524780273,273361000
2022-08-12,18.299999237060547,19.024999618530273,18.1200008392334,18.989999771118164,18.096233367919922,211187000
2022-08-15,18.825000762939453,19.540000915527344,18.81999969482422,19.44499969482422,18.52981948852539,196308400
2022-08-16,19.280000686645508,19.690000534057617,18.764999389648438,19.31999969482422,18.41069984436035,220755800
2022-08-17,18.7549991607666,19.165000915527344,18.274999618530273,18.649999618530273,17.772235870361328,262838400
2022-08-18,18.6299991607666,18.979999542236328,18.344999313354492,18.774999618530273,17.891353607177734,192140800
2022-08-19,18.239999771118164,18.350000381469727,17.53499984741211,17.674999237060547,16.84312629699707,224256600
2022-08-22,16.94499969482422,16.985000610351562,16.1299991607666,16.28499984741211,15.51854419708252,224975400
2022-08-23,16.21500015258789,16.674999237060547,16.100000381469727,16.229999542236328,15.466133117675781,219509800
2022-08-24,16.149999618530273,16.649999618530273,16.049999237060547,16.354999542236328,15.585250854492188,187005600
2022-08-25,16.639999389648438,17.219999313354492,16.469999313354492,17.21500015258789,16.404775619506836,222052600
2022-08-26,17.174999237060547,17.3700008392334,15.100000381469727,15.119999885559082,14.408374786376953,366276600
2022-08-29,14.675000190734863,15.0600004196167,14.479999542236328,14.654999732971191,13.965262413024902,248441000
2022-08-30,14.895000457763672,14.975000381469727,13.779999732971191,14.164999961853027,13.498323440551758,327014800
2022-08-31,14.579999923706055,14.699999809265137,13.885000228881836,13.904999732971191,13.25055980682373,341030600
2022-09-01,13.539999961853027,13.96500015258789,13.010000228881836,13.920000076293945,13.264854431152344,397320400
2022-09-02,14.319999694824219,14.520000457763672,13.085000038146973,13.34000015258789,12.712149620056152,454463000
2022-09-06,13.380000114440918,13.510000228881836,12.729999542236328,13.03499984741211,12.42150592803955,361083400
2022-09-07,13.09000015258789,13.949999809265137,13.055000305175781,13.805000305175781,13.155267715454102,331569600
2022-09-08,13.515000343322754,14.210000038146973,13.319999694824219,14.029999732971191,13.36967658996582,410799800
2022-09-09,14.34000015258789,15.010000228881836,14.329999923706055,14.920000076293945,14.217789649963379,298735800
2022-09-12,15.149999618530273,15.515000343322754,15.095000267028809,15.46500015258789,14.737140655517578,273141200
2022-09-13,14.119999885559082,14.305000305175781,12.779999732971191,12.920000076293945,12.311920166015625,391296600
2022-09-14,13.0649995803833,13.335000038146973,12.819999694824219,13.210000038146973,12.588269233703613,309291800
2022-09-15,12.9399995803833,13.274999618530273,12.324999809265137,12.545000076293945,11.954568862915039,393730600
2022-09-16,12.104999542236328,12.364999771118164,11.835000038146973,12.300000190734863,11.721099853515625,392143600
2022-09-19,11.970000267028809,12.614999771118164,11.960000038146973,12.595000267028809,12.002214431762695,302692600
2022-09-20,12.265000343322754,12.595000267028809,11.989999771118164,12.295000076293945,11.71633529663086,322118600
2022-09-21,12.404999732971191,12.960000038146973,11.614999771118164,11.619999885559082,11.073104858398438,591115200
2022-09-22,11.425000190734863,11.555000305175781,11.03499984741211,11.1899995803833,10.663341522216797,431084000
2022-09-23,10.899999618530273,10.930000305175781,10.225000381469727,10.654999732971191,10.153520584106445,561304000
2022-09-26,10.579999923706055,11.104999542236328,10.414999961853027,10.510000228881836,10.01534652709961,490607800
2022-09-27,10.90999984741211,11.175000190734863,10.25,10.520000457763672,10.024877548217773,543921200
2022-09-28,10.515000343322754,11.295000076293945,10.34000015258789,11.135000228881836,10.610931396484375,512039000
2022-09-29,10.654999732971191,10.694999694824219,9.8100004196167,10.194999694824219,9.715170860290527,540195600
2022-09-30,10.079999923706055,10.545000076293945,9.640000343322754,9.65999984741211,9.205349922180176,513197600
2022-10-03,9.850000381469727,10.505000114440918,9.680000305175781,10.329999923706055,9.843817710876465,447222600
2022-10-04,10.949999809265137,11.385000228881836,10.944999694824219,11.289999961853027,10.758633613586426,463323600
2022-10-05,10.835000038146973,11.5,10.505000114440918,11.289999961853027,10.758633613586426,458399000
2022-10-06,11.149999618530273,11.529999732971191,10.960000038146973,11.005000114440918,10.48704719543457,475087200
2022-10-07,10.4399995803833,10.454999923706055,9.579999923706055,9.75,9.291114807128906,501945200
2022-10-10,9.760000228881836,9.805000305175781,9.149999618530273,9.444999694824219,9.000470161437988,412999600
2022-10-11,9.260000228881836,9.569999694824219,8.869999885559082,9.069999694824219,8.643120765686035,529747000
2022-10-12,9.114999771118164,9.319999694824219,8.96500015258789,9.050000190734863,8.624061584472656,401483800
2022-10-13,8.260000228881836,9.8100004196167,8.15999984741211,9.654999732971191,9.200586318969727,829507200
2022-10-14,9.925000190734863,9.989999771118164,8.729999542236328,8.78499984741211,8.371533393859863,670132600
2022-10-17,9.404999732971191,9.75,9.399999618530273,9.649999618530273,9.195820808410645,460050800
2022-10-18,10.4350004196167,10.5,9.585000038146973,9.890000343322754,9.424525260925293,692553800
2022-10-19,9.704999923706055,10.119999885559082,9.505000114440918,9.770000457763672,9.310173988342285,519702200
2022-10-20,9.664999961853027,10.234999656677246,9.479999542236328,9.604999542236328,9.152938842773438,529703000
2022-10-21,9.489999771118164,10.345000267028809,9.364999771118164,10.28499984741211,9.800935745239258,627458000
2022-10-24,10.3149995803833,10.734999656677246,9.899999618530273,10.635000228881836,10.1344633102417,549244000
2022-10-25,10.739999771118164,11.319999694824219,10.734999656677246,11.274999618530273,10.744338035583496,476799600
2022-10-26,10.59000015258789,11.25,10.46500015258789,10.529999732971191,10.034402847290039,558931800
2022-10-27,10.395000457763672,10.5600004196167,9.885000228881836,9.949999809265137,9.48170280456543,513258800
2022-10-28,9.875,10.904999732971191,9.854999542236328,10.850000381469727,10.33934497833252,510777200
2022-10-31,10.59000015258789,10.6850004196167,10.244999885559082,10.475000381469727,9.98199462890625,419122200
2022-11-01,10.869999885559082,10.9350004196167,10.104999542236328,10.149999618530273,9.67228889465332,430464800
2022-11-02,10.140000343322754,10.489999771118164,9.09000015258789,9.100000381469727,8.671709060668945,662952600
2022-11-03,8.824999809265137,8.975000381469727,8.520000457763672,8.574999809265137,8.171418190002441,424463600
2022-11-04,9.0649995803833,9.175000190734863,8.425000190734863,8.975000381469727,8.552591323852539,764740400
2022-11-07,9.079999923706055,9.319999694824219,8.854999542236328,9.260000228881836,8.824177742004395,401886800
2022-11-08,9.425000190734863,9.8100004196167,9.045000076293945,9.460000038146973,9.014763832092285,592112600
2022-11-09,9.265000343322754,9.350000381469727,8.765000343322754,8.800000190734863,8.38582706451416,431138200
2022-11-10,10.074999809265137,10.770000457763672,9.850000381469727,10.725000381469727,10.22022819519043,656884800
2022-11-11,10.71500015258789,11.414999961853027,10.5600004196167,11.335000038146973,10.801515579223633,614268400
2022-11-14,11.085000038146973,11.479999542236328,10.90999984741211,11.03499984741211,10.515634536743164,428451800
2022-11-15,11.824999809265137,11.975000381469727,11.09000015258789,11.479999542236328,10.939691543579102,636531400
2022-11-16,11.25,11.289999961853027,10.90999984741211,11.015000343322754,10.49657917022705,383358800
2022-11-17,10.475000381469727,11.104999542236328,10.454999923706055,10.930000305175781,10.415578842163086,426924400
2022-11-18,11.279999732971191,11.289999961853027,10.640000343322754,10.920000076293945,10.406048774719238,389577000
2022-11-21,10.760000228881836,10.899999618530273,10.484999656677246,10.59000015258789,10.09157943725586,288222600
2022-11-22,10.664999961853027,11.050000190734863,10.414999961853027,11.03499984741211,10.515634536743164,292477200
2022-11-23,11.024999618530273,11.4350004196167,11.005000114440918,11.364999771118164,10.830103874206543,357567000
2022-11-25,11.170000076293945,11.25,11.074999809265137,11.130000114440918,10.606165885925293,134753000
2022-11-28,10.899999618530273,11.135000228881836,10.529999732971191,10.640000343322754,10.139226913452148,262765200
2022-11-29,10.65999984741211,10.710000038146973,10.234999656677246,10.385000228881836,9.896230697631836,275805400
2022-11-30,10.425000190734863,11.824999809265137,10.324999809265137,11.779999732971191,11.22557258605957,545469800
2022-12-01,11.850000381469727,12.085000038146973,11.505000114440918,11.845000267028809,11.287514686584473,411007200
2022-12-02,11.225000381469727,11.8149995803833,11.194999694824219,11.704999923706055,11.154102325439453,363310000
2022-12-05,11.4399995803833,11.600000381469727,10.930000305175781,11.114999771118164,10.591870307922363,301980000
2022-12-06,11.09000015258789,11.104999542236328,10.25,10.40999984741211,9.920051574707031,339801000
2022-12-07,10.279999732971191,10.515000343322754,10.09000015258789,10.28499984741211,9.800935745239258,347335800
2022-12-08,10.4350004196167,10.75,10.194999694824219,10.649999618530273,10.14875602722168,377840200
2022-12-09,10.524999618530273,10.845000267028809,10.385000228881836,10.444999694824219,9.953404426574707,354007800
2022-12-12,10.454999923706055,10.829999923706055,10.335000038146973,10.824999809265137,10.315519332885742,225655000
2022-12-13,12.09000015258789,12.114999771118164,10.859999656677246,11.164999961853027,10.63951587677002,695385600
2022-12-14,11.104999542236328,11.494999885559082,10.539999961853027,10.899999618530273,10.38698959350586,578911000
2022-12-15,10.430000305175781,10.515000343322754,9.675000190734863,9.819999694824219,9.357819557189941,428053200
2022-12-16,9.739999771118164,9.904999732971191,9.354999542236328,9.529999732971191,9.08146858215332,351284200
2022-12-19,9.550000190734863,9.5649995803833,8.989999771118164,9.135000228881836,8.705059051513672,310533000
2022-12-20,9.0,9.279999732971191,8.835000038146973,9.095000267028809,8.66694450378418,345762400
2022-12-21,9.204999923706055,9.625,9.114999771118164,9.489999771118164,9.043353080749512,326374600
2022-12-22,9.114999771118164,9.125,8.289999961853027,8.770000457763672,8.400614738464355,460900400
2022-12-23,8.604999542236328,8.859999656677246,8.414999961853027,8.795000076293945,8.42456340789795,330134600
2022-12-27,8.729999542236328,8.739999771118164,8.359999656677246,8.420000076293945,8.065356254577637,263200600
2022-12-28,8.375,8.600000381469727,8.050000190734863,8.079999923706055,7.739675998687744,364869200
2022-12-29,8.335000038146973,8.75,8.265000343322754,8.649999618530273,8.28566837310791,306109800
2022-12-30,8.380000114440918,8.649999618530273,8.25,8.649999618530273,8.28566837310791,301941200
2023-01-03,8.869999885559082,9.020000457763672,8.234999656677246,8.454999923706055,8.098881721496582,359851800
2023-01-04,8.664999961853027,8.744999885559082,8.270000457763672,8.585000038146973,8.223405838012695,435272800
2023-01-05,8.404999732971191,8.425000190734863,8.140000343322754,8.180000305175781,7.835464954376221,362504000
2023-01-06,8.324999809265137,8.949999809265137,8.050000190734863,8.819999694824219,8.448507308959961,466895200
2023-01-09,9.039999961853027,9.479999542236328,8.944999694824219,9.005000114440918,8.625716209411621,372042800
2023-01-10,8.90999984741211,9.244999885559082,8.850000381469727,9.244999885559082,8.855609893798828,328723000
2023-01-11,9.34000015258789,9.71500015258789,9.260000228881836,9.704999923706055,9.296232223510742,302550000
2023-01-12,9.760000228881836,9.960000038146973,9.295000076293945,9.854999542236328,9.43991470336914,561852600
2023-01-13,9.585000038146973,10.085000038146973,9.550000190734863,10.050000190734863,9.626700401306152,319566000
2023-01-17,10.029999732971191,10.255000114440918,9.904999732971191,10.104999542236328,9.67938232421875,279515800
2023-01-18,10.289999961853027,10.454999923706055,9.694999694824219,9.729999542236328,9.320178985595703,373300200
2023-01-19,9.53499984741211,9.654999732971191,9.289999961853027,9.425000190734863,9.02802562713623,332741400
2023-01-20,9.59000015258789,10.225000381469727,9.479999542236328,10.194999694824219,9.765592575073242,322650400
2023-01-23,10.274999618530273,11.0,10.1899995803833,10.864999771118164,10.407374382019043,388084200
2023-01-24,10.680000305175781,10.9350004196167,10.619999885559082,10.800000190734863,10.345110893249512,290013000
2023-01-25,10.279999732971191,10.795000076293945,9.989999771118164,10.720000267028809,10.26848316192627,436167200
2023-01-26,11.109999656677246,11.359999656677246,10.800000190734863,11.34000015258789,10.8623685836792,406837800
2023-01-27,11.180000305175781,11.90999984741211,11.164999961853027,11.664999961853027,11.17367935180664,376822200
2023-01-30,11.274999618530273,11.449999809265137,10.925000190734863,10.96500015258789,10.50316333770752,347816000
2023-01-31,10.970000267028809,11.460000038146973,10.949999809265137,11.454999923706055,10.97252368927002,316513800
2023-02-01,11.430000305175781,12.475000381469727,11.180000305175781,12.194999694824219,11.681354522705078,543277600
2023-02-02,12.979999542236328,13.725000381469727,12.875,13.454999923706055,12.888285636901855,535770200
2023-02-03,12.604999542236328,13.569999694824219,12.555000305175781,12.760000228881836,12.22255802154541,534808400
2023-02-06,12.425000190734863,12.725000381469727,12.260000228881836,12.4350004196167,11.911245346069336,323632400
2023-02-07,12.414999961853027,13.345000267028809,12.270000457763672,13.204999923706055,12.64881706237793,519789200
2023-02-08,13.024999618530273,13.149999618530273,12.404999732971191,12.494999885559082,11.968718528747559,362514400
2023-02-09,13.024999618530273,13.045000076293945,11.96500015258789,12.15999984741211,11.647829055786133,395196800
2023-02-10,11.880000114440918,12.130000114440918,11.609999656677246,11.90999984741211,11.408360481262207,367863400
2023-02-13,12.069999694824219,12.550000190734863,11.925000190734863,12.475000381469727,11.949563026428223,279739800
2023-02-14,12.270000457763672,12.869999885559082,12.024999618530273,12.744999885559082,12.208191871643066,511474400
2023-02-15,12.510000228881836,13.050000190734863,12.425000190734863,13.029999732971191,12.481185913085938,275527400
2023-02-16,12.414999961853027,12.9350004196167,12.265000343322754,12.28499984741211,11.76756477355957,388993000
2023-02-17,12.015000343322754,12.114999771118164,11.649999618530273,12.020000457763672,11.513727188110352,389804800
2023-02-21,11.550000190734863,11.725000381469727,11.145000457763672,11.175000190734863,10.704317092895508,300937600
2023-02-22,11.225000381469727,11.425000190734863,10.989999771118164,11.1850004196167,10.713896751403809,334677400
2023-02-23,11.595000267028809,11.614999771118164,10.975000381469727,11.46500015258789,10.982100486755371,359540000
2023-02-24,10.875,11.015000343322754,10.675000190734863,10.885000228881836,10.426532745361328,345563600
2023-02-27,11.239999771118164,11.399999618530273,11.050000190734863,11.119999885559082,10.651632308959961,277508800
2023-02-28,11.039999961853027,11.359999656677246,11.0,11.0649995803833,10.59895133972168,254631600
2023-03-01,11.029999732971191,11.104999542236328,10.6850004196167,10.795000076293945,10.340323448181152,308773800
2023-03-02,10.505000114440918,11.149999618530273,10.475000381469727,11.055000305175781,10.589371681213379,315874600
2023-03-03,11.25,11.765000343322754,11.1899995803833,11.729999542236328,11.235939979553223,303353200
2023-03-06,11.880000114440918,12.239999771118164,11.75,11.779999732971191,11.283834457397461,303699800
2023-03-07,11.779999732971191,11.890000343322754,11.260000228881836,11.34000015258789,10.8623685836792,352663000
2023-03-08,11.375,11.569999694824219,11.164999961853027,11.494999885559082,11.01083755493164,290985600
2023-03-09,11.555000305175781,11.854999542236328,10.795000076293945,10.890000343322754,10.43132209777832,393667400
2023-03-10,10.90999984741211,11.079999923706055,10.3100004196167,10.4399995803833,10.000275611877441,629715200
2023-03-13,10.234999656677246,11.074999809265137,10.0649995803833,10.664999961853027,10.215798377990723,659081400
2023-03-14,11.0600004196167,11.454999923706055,10.960000038146973,11.390000343322754,10.910263061523438,434325800
2023-03-15,11.085000038146973,11.609999656677246,10.914999961853027,11.555000305175781,11.068310737609863,549118800
2023-03-16,11.4399995803833,12.515000343322754,11.359999656677246,12.470000267028809,11.944771766662598,456714200
2023-03-17,12.46500015258789,12.755000114440918,12.050000190734863,12.28499984741211,11.76756477355957,403540600
2023-03-20,12.21500015258789,12.460000038146973,11.944999694824219,12.414999961853027,11.89208984375,328356000
2023-03-21,12.654999732971191,13.0,12.46500015258789,12.9399995803833,12.394975662231445,270290200
2023-03-22,12.854999542236328,13.479999542236328,12.324999809265137,12.34000015258789,11.88915729522705,475836200
2023-03-23,12.800000190734863,13.305000305175781,12.4399995803833,12.779999732971191,12.313082695007324,392994400
2023-03-24,12.720000267028809,12.920000076293945,12.420000076293945,12.90999984741211,12.438333511352539,338830200
2023-03-27,12.994999885559082,13.130000114440918,12.529999732971191,12.645000457763672,12.183015823364258,273591200
2023-03-28,12.569999694824219,12.569999694824219,12.145000457763672,12.4350004196167,11.980685234069824,236041400
2023-03-29,12.880000114440918,13.1850004196167,12.78499984741211,13.114999771118164,12.635841369628906,238730600
2023-03-30,13.40999984741211,13.545000076293945,13.244999885559082,13.470000267028809,12.977873802185059,260300000
2023-03-31,13.5,14.15999984741211,13.454999923706055,14.130000114440918,13.613761901855469,254044200
2023-04-03,13.84000015258789,14.0600004196167,13.664999961853027,14.029999732971191,13.517414093017578,250232600
2023-04-04,14.079999923706055,14.21500015258789,13.710000038146973,13.890000343322754,13.382529258728027,232180800
2023-04-05,13.734999656677246,13.760000228881836,13.204999923706055,13.444999694824219,12.953784942626953,258274000
2023-04-06,13.229999542236328,13.779999732971191,13.055000305175781,13.71500015258789,13.213923454284668,241920600
2023-04-10,13.319999694824219,13.6899995803833,13.085000038146973,13.6850004196167,13.185016632080078,237057600
2023-04-11,13.680000305175781,13.6850004196167,13.350000381469727,13.420000076293945,12.92969799041748,208521600
2023-04-12,13.670000076293945,13.744999885559082,13.0,13.0649995803833,12.587668418884277,348038600
2023-04-13,13.265000343322754,13.869999885559082,13.244999885559082,13.8149995803833,13.310269355773926,247523000
2023-04-14,13.604999542236328,13.96500015258789,13.350000381469727,13.734999656677246,13.233189582824707,285332200
2023-04-17,13.675000190734863,13.8100004196167,13.404999732971191,13.75,13.247642517089844,228617800
2023-04-18,14.03499984741211,14.09000015258789,13.600000381469727,13.760000228881836,13.257277488708496,212829800
2023-04-19,13.4350004196167,13.869999885559082,13.420000076293945,13.729999542236328,13.228372573852539,191850600
2023-04-20,13.335000038146973,13.789999961853027,13.234999656677246,13.40999984741211,12.920064926147461,273695200
2023-04-21,13.350000381469727,13.545000076293945,13.125,13.4350004196167,12.94415283203125,228888000
2023-04-24,13.404999732971191,13.585000038146973,13.069999694824219,13.354999542236328,12.867072105407715,215290800
2023-04-25,13.140000343322754,13.225000381469727,12.585000038146973,12.600000381469727,12.139657974243164,276576000
2023-04-26,13.010000228881836,13.194999694824219,12.755000114440918,12.8100004196167,12.341985702514648,249724600
2023-04-27,13.279999732971191,13.914999961853027,13.194999694824219,13.845000267028809,13.339173316955566,255631200
2023-04-28,13.819999694824219,14.140000343322754,13.664999961853027,14.125,13.608942985534668,261072200
2023-05-01,14.069999694824219,14.265000343322754,13.9350004196167,14.085000038146973,13.570403099060059,178002600
2023-05-02,14.069999694824219,14.109999656677246,13.479999542236328,13.710000038146973,13.209104537963867,249312000
2023-05-03,13.75,14.100000381469727,13.414999961853027,13.4399995803833,12.948967933654785,340267600
2023-05-04,13.390000343322754,13.539999961853027,13.140000343322754,13.289999961853027,12.804449081420898,242621600
2023-05-05,13.5600004196167,14.229999542236328,13.515000343322754,14.104999542236328,13.58967399597168,195603200
2023-05-08,14.050000190734863,14.270000457763672,13.90999984741211,14.220000267028809,13.700471878051758,151477000
2023-05-09,13.994999885559082,14.109999656677246,13.904999732971191,13.944999694824219,13.435518264770508,129681400
2023-05-10,14.260000228881836,14.510000228881836,13.9350004196167,14.395000457763672,13.86907958984375,303102000
2023-05-11,14.454999923706055,14.595000267028809,14.244999885559082,14.515000343322754,13.984695434570312,194683000
2023-05-12,14.59000015258789,14.649999618530273,14.085000038146973,14.364999771118164,13.84017562866211,210763400
2023-05-15,14.425000190734863,14.625,14.21500015258789,14.585000038146973,14.05213737487793,172935200
2023-05-16,14.489999771118164,14.869999885559082,14.479999542236328,14.640000343322754,14.105127334594727,159327000
2023-05-17,14.774999618530273,15.239999771118164,14.614999771118164,15.164999961853027,14.610945701599121,202209200
2023-05-18,15.199999809265137,16.020000457763672,15.199999809265137,15.979999542236328,15.396170616149902,271867600
2023-05-19,16.014999389648438,16.1200008392334,15.725000381469727,15.869999885559082,15.290188789367676,198058400
2023-05-22,15.84000015258789,16.18000030517578,15.835000038146973,16.03499984741211,15.449159622192383,166624800
2023-05-23,15.779999732971191,15.949999809265137,15.364999771118164,15.414999961853027,14.851814270019531,212630000
2023-05-24,15.135000228881836,15.350000381469727,14.885000228881836,15.164999961853027,14.610945701599121,235945000
2023-05-25,16.18000030517578,16.434999465942383,15.84000015258789,16.260000228881836,15.665940284729004,261747000
2023-05-26,16.405000686645508,17.625,16.395000457763672,17.489999771118164,16.851001739501953,252784400
2023-05-30,18.155000686645508,18.334999084472656,17.520000457763672,17.735000610351562,17.087053298950195,270612800
2023-05-31,17.485000610351562,17.795000076293945,17.200000762939453,17.375,16.740205764770508,210289000
2023-06-01,17.3700008392334,18.21500015258789,17.204999923706055,18.0049991607666,17.347185134887695,216759200
2023-06-02,18.280000686645508,18.594999313354492,18.0049991607666,18.40999984741211,17.737388610839844,216505600
2023-06-05,18.3799991607666,18.850000381469727,18.280000686645508,18.450000762939453,17.775930404663086,206261800
2023-06-06,18.344999313354492,18.579999923706055,18.1299991607666,18.43000030517578,17.756656646728516,159509000
2023-06-07,18.469999313354492,18.780000686645508,17.385000228881836,17.489999771118164,16.851001739501953,228485400
2023-06-08,17.510000228881836,18.190000534057617,17.475000381469727,18.09000015258789,17.429079055786133,188153800
2023-06-09,18.34000015258789,18.809999465942383,18.100000381469727,18.309999465942383,17.64104461669922,207944000
2023-06-12,18.575000762939453,19.2549991607666,18.420000076293945,19.2450008392334,18.54188346862793,154857400
2023-06-13,19.684999465942383,19.815000534057617,19.15999984741211,19.674999237060547,18.9561710357666,266534200
2023-06-14,19.674999237060547,20.149999618530273,19.209999084472656,20.094999313354492,19.360828399658203,305313000
2023-06-15,19.8700008392334,21.045000076293945,19.7549991607666,20.799999237060547,20.04007339477539,255874000
2023-06-16,21.204999923706055,21.219999313354492,20.325000762939453,20.399999618530273,19.654687881469727,224810400
2023-06-20,20.145000457763672,20.540000915527344,19.799999237060547,20.299999237060547,19.558338165283203,168249800
2023-06-21,20.040000915527344,20.110000610351562,19.25,19.424999237060547,18.774497985839844,199266600
2023-06-22,19.184999465942383,20.094999313354492,19.1200008392334,20.06999969482422,19.39789390563965,210199200
2023-06-23,19.415000915527344,19.854999542236328,19.190000534057617,19.475000381469727,18.82282257080078,225152400
2023-06-26,19.3799991607666,19.834999084472656,18.670000076293945,18.704999923706055,18.0786075592041,216900000
2023-06-27,18.924999237060547,19.75,18.799999237060547,19.6299991607666,18.972627639770508,195354000
2023-06-28,19.334999084472656,20.06999969482422,19.315000534057617,19.75,19.088611602783203,217352600
2023-06-29,19.68000030517578,19.780000686645508,19.334999084472656,19.614999771118164,18.958131790161133,198266400
2023-06-30,20.200000762939453,20.674999237060547,20.145000457763672,20.5,19.813495635986328,184308800
2023-07-03,20.600000381469727,20.7450008392334,20.420000076293945,20.639999389648438,19.948808670043945,79868000
2023-07-05,20.360000610351562,20.920000076293945,20.354999542236328,20.625,19.934310913085938,139007400
2023-07-06,19.985000610351562,20.209999084472656,19.645000457763672,20.139999389648438,19.465553283691406,170473400
2023-07-07,20.094999313354492,20.6299991607666,19.889999389648438,19.934999465942383,19.26742172241211,168624800
2023-07-10,19.8799991607666,20.05500030517578,19.46500015258789,19.950000762939453,19.281919479370117,172013600
2023-07-11,20.010000228881836,20.309999465942383,19.649999618530273,20.235000610351562,19.557373046875,162478600
2023-07-12,20.915000915527344,21.219999313354492,20.575000762939453,20.985000610351562,20.282257080078125,230335400
2023-07-13,21.510000228881836,22.18000030517578,21.415000915527344,22.030000686645508,21.29226303100586,164773200
2023-07-14,22.110000610351562,22.68000030517578,21.860000610351562,22.010000228881836,21.272930145263672,186056400
2023-07-17,22.139999389648438,22.78499984741211,22.05500030517578,22.6200008392334,21.862510681152344,145525200
2023-07-18,22.510000228881836,23.420000076293945,22.155000686645508,23.15999984741211,22.38442039489746,196113200
2023-07-19,23.364999771118164,23.56999969482422,22.90999984741211,23.15999984741211,22.38442039489746,200573800
2023-07-20,22.579999923706055,22.850000381469727,21.344999313354492,21.53499984741211,20.813838958740234,233862800
2023-07-21,21.940000534057617,22.09000015258789,21.2549991607666,21.344999313354492,20.630199432373047,205108600
2023-07-24,21.489999771118164,21.655000686645508,21.100000381469727,21.43000030517578,20.71235466003418,126429200
2023-07-25,21.540000915527344,22.139999389648438,21.540000915527344,21.860000610351562,21.12795639038086,138199200
2023-07-26,21.65999984741211,21.924999237060547,21.219999313354492,21.635000228881836,20.910491943359375,205764600
2023-07-27,22.55500030517578,22.844999313354492,21.225000381469727,21.450000762939453,20.7316837310791,261103200
2023-07-28,22.149999618530273,22.795000076293945,22.065000534057617,22.610000610351562,21.85283851623535,204487600
2023-07-31,22.665000915527344,22.854999542236328,22.40999984741211,22.655000686645508,21.896329879760742,159009200
2023-08-01,22.395000457763672,22.614999771118164,22.104999542236328,22.479999542236328,21.72719383239746,153056600
2023-08-02,21.844999313354492,21.850000381469727,20.764999389648438,21.010000228881836,20.306419372558594,258044000
2023-08-03,20.55500030517578,21.229999542236328,20.524999618530273,20.860000610351562,20.16144371032715,201340200
2023-08-04,21.19499969482422,21.584999084472656,20.485000610351562,20.56999969482422,19.881155014038086,247452800
2023-08-07,20.864999771118164,21.100000381469727,20.469999313354492,21.079999923706055,20.374074935913086,149792200
2023-08-08,20.645000457763672,20.645000457763672,20.0,20.540000915527344,19.852157592773438,188780000
2023-08-09,20.579999923706055,20.604999542236328,19.725000381469727,19.854999542236328,19.190095901489258,199430600
2023-08-10,20.329999923706055,20.875,19.684999465942383,19.94499969482422,19.277082443237305,260554200
2023-08-11,19.514999389648438,19.834999084472656,19.299999237060547,19.545000076293945,18.890478134155273,201573800
2023-08-14,19.415000915527344,20.219999313354492,19.299999237060547,20.19499969482422,19.518712997436523,142553600
2023-08-15,20.03499984741211,20.170000076293945,19.440000534057617,19.575000762939453,18.91947364807129,162553600
2023-08-16,19.459999084472656,19.709999084472656,18.90999984741211,18.924999237060547,18.291242599487305,190222000
2023-08-17,19.125,19.18000030517578,18.21500015258789,18.28499984741211,17.672670364379883,210232800
2023-08-18,17.764999389648438,18.405000686645508,17.684999465942383,18.200000762939453,17.59052085876465,247002000
2023-08-21,18.434999465942383,19.190000534057617,18.354999542236328,19.079999923706055,18.441051483154297,191487200
2023-08-22,19.485000610351562,19.489999771118164,18.885000228881836,18.9950008392334,18.358898162841797,180368000
2023-08-23,19.174999237060547,20.059999465942383,19.139999389648438,19.889999389648438,19.223926544189453,175454000
2023-08-24,20.440000534057617,20.454999923706055,18.549999237060547,18.579999923706055,17.95779800415039,232397200
2023-08-25,18.71500015258789,19.280000686645508,18.174999237060547,19.020000457763672,18.3830623626709,278289400
2023-08-28,19.475000381469727,19.584999084472656,19.040000915527344,19.44499969482422,18.7938289642334,182641000
2023-08-29,19.399999618530273,20.760000228881836,19.344999313354492,20.684999465942383,19.99230194091797,187495600
2023-08-30,20.71500015258789,21.139999389648438,20.540000915527344,21.030000686645508,20.325754165649414,185958200
2023-08-31,21.020000457763672,21.489999771118164,21.010000228881836,21.219999313354492,20.509384155273438,162242800
2023-09-01,21.604999542236328,21.68000030517578,20.875,21.145000457763672,20.436901092529297,165058400
2023-09-05,20.985000610351562,21.40999984741211,20.829999923706055,21.200000762939453,20.49005699157715,123778600
2023-09-06,21.06999969482422,21.1200008392334,20.290000915527344,20.639999389648438,19.948808670043945,148058200
2023-09-07,19.8700008392334,20.299999237060547,19.690000534057617,20.190000534057617,19.513879776000977,168623000
2023-09-08,20.155000686645508,20.6200008392334,20.084999084472656,20.25,19.571868896484375,149541600
2023-09-11,20.7450008392334,21.045000076293945,20.420000076293945,20.940000534057617,20.23876190185547,141712800
2023-09-12,20.670000076293945,20.905000686645508,20.200000762939453,20.270000457763672,19.59119987487793,155524200
2023-09-13,20.290000915527344,20.7450008392334,20.094999313354492,20.469999313354492,19.78449821472168,170849400
2023-09-14,20.75,21.1200008392334,20.399999618530273,20.950000762939453,20.248428344726562,152379800
2023-09-15,20.725000381469727,20.795000076293945,19.71500015258789,19.875,19.209426879882812,179839600
2023-09-18,19.71500015258789,20.110000610351562,19.665000915527344,19.920000076293945,19.25292205810547,124798200
2023-09-19,19.704999923706055,19.915000915527344,19.299999237060547,19.799999237060547,19.136938095092773,148741400
2023-09-20,19.885000228881836,19.950000762939453,18.850000381469727,18.875,18.307174682617188,196038400
2023-09-21,18.274999618530273,18.389999389648438,17.78499984741211,17.799999237060547,17.26451301574707,216821200
2023-09-22,18.065000534057617,18.389999389648438,17.760000228881836,17.815000534057617,17.27906608581543,188181200
2023-09-25,17.655000686645508,18.06999969482422,17.5049991607666,18.049999237060547,17.50699234008789,162538400
2023-09-26,17.655000686645508,17.739999771118164,17.084999084472656,17.2450008392334,16.726211547851562,210679400
2023-09-27,17.405000686645508,17.635000228881836,16.815000534057617,17.350000381469727,16.828054428100586,256871600
2023-09-28,17.19499969482422,18.084999084472656,17.065000534057617,17.770000457763672,17.23541831970215,268145800
2023-09-29,18.290000915527344,18.5,17.614999771118164,17.809999465942383,17.274213790893555,286858200
2023-10-02,17.834999084472656,18.450000762939453,17.739999771118164,18.235000610351562,17.686431884765625,236463200
2023-10-03,17.854999542236328,18.19499969482422,17.020000457763672,17.270000457763672,16.750459671020508,266539000
2023-10-04,17.389999389648438,18.094999313354492,17.31999969482422,17.969999313354492,17.429401397705078,252759200
2023-10-05,17.94499969482422,18.0,17.25,17.780000686645508,17.245119094848633,218006200
2023-10-06,17.325000762939453,18.844999313354492,17.204999923706055,18.674999237060547,18.11319351196289,294897400
2023-10-09,18.30500030517578,19.045000076293945,18.06999969482422,18.950000762939453,18.379920959472656,210966000
2023-10-10,19.0049991607666,19.684999465942383,18.924999237060547,19.260000228881836,18.68059539794922,216109600
2023-10-11,19.469999313354492,19.704999923706055,19.200000762939453,19.670000076293945,19.07826042175293,191710800
2023-10-12,19.735000610351562,20.024999618530273,19.059999465942383,19.440000534057617,18.855180740356445,236509200
2023-10-13,19.545000076293945,19.639999389648438,18.485000610351562,18.704999923706055,18.142288208007812,259511000
2023-10-16,18.90999984741211,19.5,18.885000228881836,19.334999084472656,18.753337860107422,173152200
2023-10-17,18.760000228881836,19.40999984741211,18.424999237060547,19.149999618530273,18.573902130126953,210387000
2023-10-18,18.735000610351562,19.09000015258789,18.165000915527344,18.34000015258789,17.78826904296875,263165200
2023-10-19,18.575000762939453,18.7549991607666,17.719999313354492,17.850000381469727,17.313011169433594,370050400
2023-10-20,17.760000228881836,17.850000381469727,17.010000228881836,17.045000076293945,16.532230377197266,277722800
2023-10-23,16.834999084472656,17.704999923706055,16.530000686645508,17.19499969482422,16.677717208862305,263599000
2023-10-24,17.450000762939453,17.795000076293945,17.200000762939453,17.68000030517578,17.14812660217285,245074600
2023-10-25,17.315000534057617,17.34000015258789,16.290000915527344,16.385000228881836,15.892081260681152,328363200
2023-10-26,16.190000534057617,16.31999969482422,15.234999656677246,15.430000305175781,14.965813636779785,374047400
2023-10-27,15.789999961853027,16.114999771118164,15.475000381469727,15.649999618530273,15.179194450378418,294702200
2023-10-30,15.975000381469727,16.344999313354492,15.789999961853027,16.155000686645508,15.6690034866333,264305600
2023-10-31,16.15999984741211,16.44499969482422,15.800000190734863,16.389999389648438,15.896933555603027,222923600
2023-11-01,16.5,17.315000534057617,16.485000610351562,17.235000610351562,16.716516494750977,332635600
2023-11-02,17.8799991607666,18.190000534057617,17.700000762939453,18.149999618530273,17.603986740112305,234134000
2023-11-03,18.350000381469727,18.989999771118164,18.315000534057617,18.790000915527344,18.224733352661133,228661200
2023-11-06,18.905000686645508,19.104999542236328,18.65999984741211,19.0049991607666,18.433265686035156,183599600
2023-11-07,19.174999237060547,19.684999465942383,18.985000610351562,19.540000915527344,18.95216941833496,204502200
2023-11-08,19.600000381469727,19.71500015258789,19.21500015258789,19.575000762939453,18.98611831665039,187960200
2023-11-09,19.670000076293945,19.854999542236328,19.030000686645508,19.110000610351562,18.53510856628418,258365200
2023-11-10,19.375,20.415000915527344,19.290000915527344,20.385000228881836,19.771751403808594,248927600
2023-11-13,20.125,20.364999771118164,19.875,20.200000762939453,19.592317581176758,180430400
2023-11-14,21.235000610351562,21.639999389648438,21.145000457763672,21.469999313354492,20.824111938476562,233552400
2023-11-15,21.809999465942383,21.889999389648438,21.299999237060547,21.530000686645508,20.882307052612305,218432600
2023-11-16,21.3799991607666,21.604999542236328,21.165000915527344,21.565000534057617,20.9162540435791,178045000
2023-11-17,21.440000534057617,21.75,21.28499984741211,21.579999923706055,20.930801391601562,157517000
2023-11-20,21.575000762939453,22.475000381469727,21.56999969482422,22.350000381469727,21.677635192871094,165655600
2023-11-21,22.045000076293945,22.079999923706055,21.645000457763672,21.94499969482422,21.284818649291992,148275200
2023-11-22,22.28499984741211,22.709999084472656,22.024999618530273,22.200000762939453,21.532150268554688,171446400
2023-11-24,22.125,22.225000381469727,21.924999237060547,22.09000015258789,21.425457000732422,63975400
2023-11-27,22.0049991607666,22.3700008392334,21.885000228881836,22.024999618530273,21.362407684326172,121856400
2023-11-28,21.899999618530273,22.299999237060547,21.834999084472656,22.200000762939453,21.532150268554688,158349000
2023-11-29,22.6200008392334,22.864999771118164,22.065000534057617,22.1200008392334,21.454557418823242,177523200
2023-11-30,22.149999618530273,22.229999542236328,21.420000076293945,21.934999465942383,21.27511978149414,186394600
2023-12-01,21.7450008392334,22.219999313354492,21.459999084472656,22.1200008392334,21.454557418823242,172937600
2023-12-04,21.454999923706055,21.53499984741211,20.864999771118164,21.489999771118164,20.843507766723633,181143600
2023-12-05,21.155000686645508,21.850000381469727,21.1299991607666,21.645000457763672,20.99384880065918,167540400
2023-12-06,22.139999389648438,22.15999984741211,21.204999923706055,21.260000228881836,20.620424270629883,163000600
2023-12-07,21.739999771118164,22.270000457763672,21.55500030517578,22.149999618530273,21.483654022216797,162755400
2023-12-08,21.825000762939453,22.5,21.795000076293945,22.415000915527344,21.740680694580078,181789000
2023-12-11,22.334999084472656,23.040000915527344,22.299999237060547,22.985000610351562,22.293535232543945,151540000
2023-12-12,22.989999771118164,23.549999237060547,22.78499984741211,23.540000915527344,22.831836700439453,142899400
2023-12-13,23.690000534057617,24.53499984741211,23.549999237060547,24.3700008392334,23.63686752319336,230081400
2023-12-14,24.625,24.864999771118164,23.774999618530273,24.329999923706055,23.59807014465332,202697800
2023-12-15,24.469999313354492,24.895000457763672,24.350000381469727,24.6200008392334,23.879348754882812,156731000
2023-12-18,24.7450008392334,25.299999237060547,24.684999465942383,25.135000228881836,24.378854751586914,116436000
2023-12-19,25.209999084472656,25.530000686645508,25.18000030517578,25.510000228881836,24.742570877075195,120349600
2023-12-20,25.239999771118164,25.635000228881836,24.229999542236328,24.270000457763672,23.643217086791992,176165000
2023-12-21,24.94499969482422,25.135000228881836,24.469999313354492,25.075000762939453,24.427427291870117,149089400
2023-12-22,25.299999237060547,25.469999313354492,24.81999969482422,25.174999237060547,24.524843215942383,132420000
2023-12-26,25.31999969482422,25.7549991607666,25.309999465942383,25.635000228881836,24.972965240478516,87371200
2023-12-27,25.674999237060547,25.829999923706055,25.510000228881836,25.770000457763672,25.104476928710938,111495600
2023-12-28,25.959999084472656,26.0049991607666,25.635000228881836,25.704999923706055,25.04115867614746,85768200
2023-12-29,25.690000534057617,25.760000228881836,25.0,25.350000381469727,24.69532585144043,134245400
2024-01-02,24.674999237060547,24.71500015258789,23.635000228881836,24.065000534057617,23.443511962890625,176270600
2024-01-03,23.584999084472656,23.770000457763672,23.21500015258789,23.295000076293945,22.693397521972656,167812200
2024-01-04,22.934999465942383,23.485000610351562,22.864999771118164,22.905000686645508,22.313467025756836,143735400
2024-01-05,22.93000030517578,23.459999084472656,22.735000610351562,22.989999771118164,22.396270751953125,170481600
2024-01-08,23.19499969482422,24.450000762939453,23.165000915527344,24.375,23.745502471923828,135374200
2024-01-09,23.829999923706055,24.704999923706055,23.80500030517578,24.53499984741211,23.9013729095459,148431600
2024-01-10,24.584999084472656,25.204999923706055,24.420000076293945,25.020000457763672,24.373849868774414,147621000
2024-01-11,25.225000381469727,25.485000610351562,24.200000762939453,25.139999389648438,24.49074935913086,190228400
2024-01-12,25.334999084472656,25.489999771118164,24.920000076293945,25.170000076293945,24.51997184753418,128214000
2024-01-16,24.940000534057617,25.454999923706055,24.665000915527344,25.155000686645508,24.50536346435547,145874000
2024-01-17,24.53499984741211,24.795000076293945,23.934999465942383,24.719999313354492,24.081592559814453,166554600
2024-01-18,25.295000076293945,25.860000610351562,25.05500030517578,25.780000686645508,25.114221572875977,182140800
2024-01-19,26.15999984741211,27.309999465942383,26.049999237060547,27.270000457763672,26.56574249267578,186359400
2024-01-22,27.704999923706055,27.959999084472656,27.2549991607666,27.3799991607666,26.67289924621582,149656600
2024-01-23,27.5049991607666,27.739999771118164,27.139999389648438,27.704999923706055,26.989503860473633,112172000
2024-01-24,28.475000381469727,28.950000762939453,28.059999465942383,28.15999984741211,27.432754516601562,179718600
2024-01-25,28.6299991607666,28.764999389648438,27.760000228881836,28.239999771118164,27.51068878173828,151395200
2024-01-26,27.84000015258789,28.19499969482422,27.59000015258789,27.719999313354492,27.004119873046875,128382600
2024-01-29,27.80500030517578,28.600000381469727,27.670000076293945,28.53499984741211,27.798072814941406,115977200
2024-01-30,28.344999313354492,28.459999084472656,27.799999237060547,27.96500015258789,27.242794036865234,119554400
2024-01-31,27.094999313354492,27.489999771118164,26.290000915527344,26.31999969482422,25.640274047851562,203451600
2024-02-01,26.645000457763672,27.31999969482422,26.454999923706055,27.25,26.54625701904297,162261400
2024-02-02,27.59000015258789,28.84000015258789,27.395000457763672,28.6200008392334,27.880876541137695,198505000
2024-02-05,28.594999313354492,28.709999084472656,27.78499984741211,28.475000381469727,27.7396240234375,139947800
2024-02-06,28.690000534057617,28.81999969482422,27.81999969482422,28.309999465942383,27.57887840270996,140124200
2024-02-07,28.844999313354492,29.329999923706055,28.584999084472656,29.155000686645508,28.402057647705078,131823400
2024-02-08,29.155000686645508,29.44499969482422,29.010000228881836,29.274999618530273,28.518957138061523,98922200
2024-02-09,29.514999389648438,30.30500030517578,29.354999542236328,30.135000228881836,29.35675048828125,110222000
2024-02-12,30.104999542236328,30.56999969482422,29.639999389648438,29.780000686645508,29.010915756225586,116255000
2024-02-13,28.1200008392334,28.934999465942383,27.719999313354492,28.3700008392334,27.6373348236084,188933000
2024-02-14,28.899999618530273,29.375,28.43000030517578,29.270000457763672,28.514087677001953,156151400
2024-02-15,29.405000686645508,29.604999542236328,28.864999771118164,29.514999389648438,28.752761840820312,130057200
2024-02-16,29.579999923706055,29.604999542236328,28.55500030517578,28.704999923706055,27.963682174682617,151933000
2024-02-20,28.290000915527344,28.59000015258789,27.274999618530273,28.040000915527344,27.315855026245117,163321000
2024-02-21,27.485000610351562,27.709999084472656,26.90999984741211,27.690000534057617,26.97489356994629,152898600
2024-02-22,29.389999389648438,30.299999237060547,29.2450008392334,30.084999084472656,29.308042526245117,179279200
2024-02-23,30.415000915527344,30.610000610351562,29.610000610351562,29.809999465942383,29.040142059326172,140390800
2024-02-26,29.969999313354492,30.184999465942383,29.71500015258789,29.770000457763672,29.001176834106445,109875400
2024-02-27,29.979999542236328,30.045000076293945,29.434999465942383,29.954999923706055,29.181400299072266,109399800
2024-02-28,29.514999389648438,29.764999389648438,29.274999618530273,29.469999313354492,28.708921432495117,123503400
2024-02-29,30.040000915527344,30.424999237060547,29.389999389648438,30.18000030517578,29.40058708190918,136959800
2024-03-01,30.375,31.7549991607666,30.364999771118164,31.565000534057617,30.74981689453125,140959600
2024-03-04,31.545000076293945,31.639999389648438,31.155000686645508,31.190000534057617,30.384502410888672,120418600
2024-03-05,30.549999237060547,30.549999237060547,29.010000228881836,29.520000457763672,28.75763511657715,193207000
2024-03-06,30.3700008392334,30.71500015258789,29.674999237060547,30.065000534057617,29.28856086730957,181677400
2024-03-07,30.774999618530273,31.65999984741211,30.454999923706055,31.405000686645508,30.593952178955078,142370800
2024-03-08,31.459999084472656,32.064998626708984,29.885000228881836,30.030000686645508,29.25446319580078,296451200
2024-03-11,29.704999923706055,29.940000534057617,29.280000686645508,29.68000030517578,28.913503646850586,146770000
2024-03-12,30.145000457763672,31.020000457763672,29.479999542236328,30.940000534057617,30.140962600708008,170560000
2024-03-13,30.719999313354492,30.729999542236328,29.985000610351562,30.219999313354492,29.439556121826172,143779800
2024-03-14,30.434999465942383,30.549999237060547,29.395000457763672,29.975000381469727,29.200883865356445,162480400
2024-03-15,29.344999313354492,29.459999084472656,28.645000457763672,28.8799991607666,28.13416290283203,140883800
2024-03-18,29.940000534057617,30.399999618530273,29.645000457763672,29.69499969482422,28.92811393737793,129193800
2024-03-19,29.270000457763672,29.989999771118164,28.84000015258789,29.899999618530273,29.127817153930664,118810000
2024-03-20,30.03499984741211,30.915000915527344,29.68000030517578,30.850000381469727,30.161724090576172,156556000
2024-03-21,31.875,31.975000381469727,31.209999084472656,31.25,30.55280113220215,126541800
2024-03-22,31.135000228881836,31.584999084472656,30.950000762939453,31.315000534057617,30.616350173950195,91574800
2024-03-25,30.739999771118164,31.315000534057617,30.530000686645508,30.9950008392334,30.30349349975586,86669400
2024-03-26,31.30500030517578,31.5049991607666,30.639999389648438,30.704999923706055,30.019962310791016,93986000
2024-03-27,31.28499984741211,31.315000534057617,30.354999542236328,30.975000381469727,30.283935546875,111388600
2024-03-28,30.94499969482422,31.114999771118164,30.700000762939453,30.780000686645508,30.093286514282227,87023400
2024-04-01,30.959999084472656,31.4950008392334,30.559999465942383,30.969999313354492,30.27904510498047,112290600
2024-04-02,29.934999465942383,30.209999084472656,29.5,30.139999389648438,29.46756362915039,109672800
2024-04-03,29.700000762939453,30.729999542236328,29.690000534057617,30.34000015258789,29.66310691833496,111683800
2024-04-04,31.174999237060547,31.30500030517578,28.8700008392334,28.90999984741211,28.26500701904297,167520400
2024-04-05,29.200000762939453,30.46500015258789,29.030000686645508,29.93000030517578,29.262248992919922,154897200
2024-04-08,30.104999542236328,30.329999923706055,29.655000686645508,29.950000762939453,29.28180694580078,89725400
2024-04-09,30.405000686645508,30.469999313354492,29.290000915527344,30.260000228881836,29.58488655090332,119965000
2024-04-10,29.18000030517578,29.639999389648438,29.030000686645508,29.46500015258789,28.807626724243164,202080600
2024-04-11,29.80500030517578,31.030000686645508,29.34000015258789,30.850000381469727,30.161724090576172,146931200
2024-04-12,29.940000534057617,30.174999237060547,29.059999465942383,29.360000610351562,28.70496940612793,172589800
2024-04-15,30.100000381469727,30.114999771118164,27.719999313354492,27.885000228881836,27.262876510620117,203656200
2024-04-16,27.844999313354492,28.405000686645508,27.6200008392334,27.889999389648438,27.267765045166016,163766200
2024-04-17,28.270000457763672,28.274999618530273,26.674999237060547,26.854999542236328,26.255855560302734,171026400
2024-04-18,26.94499969482422,27.280000686645508,26.2549991607666,26.375,25.786561965942383,172781600
2024-04-19,26.139999389648438,26.235000610351562,24.424999237060547,24.739999771118164,24.188039779663086,250807600
2024-04-22,25.190000534057617,25.885000228881836,24.584999084472656,25.459999084472656,24.891977310180664,142604800
2024-04-23,25.809999465942383,26.809999465942383,25.7450008392334,26.594999313354492,26.00165557861328,151835000
2024-04-24,27.15999984741211,27.454999923706055,26.415000915527344,26.854999542236328,26.255855560302734,144316800
2024-04-25,25.450000762939453,26.594999313354492,25.239999771118164,26.424999237060547,25.83544921875,172827200
2024-04-26,27.014999389648438,27.934999465942383,26.885000228881836,27.639999389648438,27.023340225219727,135994600
2024-04-29,28.040000915527344,28.165000915527344,27.440000534057617,27.969999313354492,27.345977783203125,102355000
2024-04-30,27.649999618530273,27.924999237060547,26.364999771118164,26.3700008392334,25.78167724609375,125248600
2024-05-01,26.075000762939453,27.399999618530273,25.635000228881836,25.799999237060547,25.22439193725586,208076800
2024-05-02,26.459999084472656,26.924999237060547,25.600000381469727,26.7549991607666,26.158082962036133,124829800
2024-05-03,28.165000915527344,28.55500030517578,27.864999771118164,28.350000381469727,27.717500686645508,150878000
2024-05-06,28.709999084472656,29.299999237060547,28.559999465942383,29.280000686645508,28.626754760742188,82530800
2024-05-07,29.360000610351562,29.614999771118164,29.139999389648438,29.280000686645508,28.626754760742188,93320400
2024-05-08,28.75,29.510000228881836,28.725000381469727,29.225000381469727,28.572982788085938,78027200
2024-05-09,29.25,29.5,28.875,29.385000228881836,28.72941017150879,81439200
2024-05-10,29.68000030517578,30.03499984741211,29.270000457763672,29.584999084472656,28.924949645996094,92669600
2024-05-13,29.959999084472656,29.985000610351562,29.489999771118164,29.780000686645508,29.115596771240234,67722000
2024-05-14,29.68000030517578,30.450000762939453,29.639999389648438,30.334999084472656,29.658214569091797,92952800
2024-05-15,30.844999313354492,31.809999465942383,30.530000686645508,31.735000610351562,31.0269775390625,130481400
2024-05-16,31.68000030517578,32.099998474121094,31.4950008392334,31.540000915527344,30.836334228515625,87715200
2024-05-17,31.545000076293945,31.68000030517578,31.010000228881836,31.469999313354492,30.76789093017578,70099600
2024-05-20,31.510000228881836,32.26499938964844,31.475000381469727,32.119998931884766,31.403392791748047,74539000
2024-05-21,31.719999313354492,32.334999084472656,31.674999237060547,32.28499984741211,31.564706802368164,62314000
2024-05-22,32.345001220703125,32.5,31.709999084472656,32.26499938964844,31.54515838623047,80039400
2024-05-23,33.25,33.255001068115234,31.399999618530273,31.78499984741211,31.075864791870117,130877800
2024-05-24,32.125,32.94499969482422,31.969999313354492,32.67499923706055,31.946006774902344,82558000
2024-05-28,32.93000030517578,33.04999923706055,32.400001525878906,33.029998779296875,32.2930908203125,83186400
2024-05-29,32.119998931884766,32.720001220703125,32.099998474121094,32.34000015258789,31.618484497070312,79282200
2024-05-30,32.125,32.150001525878906,30.9950008392334,31.299999237060547,30.601686477661133,84703600
2024-05-31,31.299999237060547,31.44499969482422,29.479999542236328,31.264999389648438,30.567466735839844,143746400
2024-06-03,31.864999771118164,32.07500076293945,30.479999542236328,31.56999969482422,30.86566162109375,111435000
2024-06-04,31.5,32.064998626708984,31.135000228881836,31.80500030517578,31.09541893005371,88491800
2024-06-05,32.560001373291016,33.7400016784668,32.32500076293945,33.724998474121094,32.97257995605469,104871400
2024-06-06,33.869998931884766,33.939998626708984,33.42499923706055,33.685001373291016,32.9334716796875,73031200
2024-06-07,33.560001373291016,34.165000915527344,33.310001373291016,33.560001373291016,32.81126403808594,89943400
2024-06-10,33.29499816894531,34.029998779296875,33.2400016784668,33.915000915527344,33.1583366394043,72041800
2024-06-11,33.65999984741211,34.65999984741211,33.33000183105469,34.6150016784668,33.84273147583008,71386800
2024-06-12,35.505001068115234,36.5099983215332,35.36000061035156,35.97999954223633,35.177268981933594,124402600
2024-06-13,36.78499984741211,36.94499969482422,36.03499984741211,36.55500030517578,35.73944091796875,87285000
2024-06-14,36.474998474121094,37.10499954223633,36.3650016784668,37.084999084472656,36.25761795043945,71555000
2024-06-17,37.13999938964844,38.86000061035156,36.834999084472656,38.43000030517578,37.57261276245117,93354600
2024-06-18,38.415000915527344,38.6150016784668,38.029998779296875,38.45000076293945,37.592166900634766,66433200
2024-06-20,38.72999954223633,38.83000183105469,37.11000061035156,37.54499816894531,36.70735168457031,105455000
2024-06-21,37.45000076293945,37.76499938964844,36.86000061035156,37.20000076293945,36.37005615234375,77341800
2024-06-24,36.90999984741211,37.314998626708984,35.900001525878906,35.939998626708984,35.13816452026367,93754600
2024-06-25,36.39500045776367,37.21500015258789,36.185001373291016,37.13999938964844,36.31139373779297,77675000
2024-06-26,36.79999923706055,37.349998474121094,36.70500183105469,37.22999954223633,36.53859329223633,72549600
2024-06-27,37.15999984741211,37.849998474121094,36.959999084472656,37.5,36.803585052490234,74115400
2024-06-28,37.64500045776367,38.76499938964844,36.724998474121094,36.90999984741211,36.22453689575195,107803000
2024-07-01,37.08000183105469,37.64500045776367,36.209999084472656,37.51499938964844,36.818302154541016,86557400
2024-07-02,37.14500045776367,38.689998626708984,37.119998931884766,38.665000915527344,37.94694900512695,74950200
2024-07-03,38.474998474121094,39.654998779296875,38.474998474121094,39.6150016784668,38.879302978515625,56150400
2024-07-05,39.78499984741211,40.92499923706055,39.71500015258789,40.814998626708984,40.057010650634766,79624600
2024-07-08,40.904998779296875,41.23500061035156,40.63999938964844,41.084999084472656,40.32200241088867,73365600
2024-07-09,41.459999084472656,41.744998931884766,40.810001373291016,41.17499923706055,40.41032409667969,72033600
2024-07-10,41.65999984741211,42.599998474121094,41.334999084472656,42.46500015258789,41.676368713378906,77554800
2024-07-11,42.48500061035156,42.529998779296875,39.349998474121094,39.67499923706055,38.938194274902344,149329000
2024-07-12,39.755001068115234,41.470001220703125,39.650001525878906,40.31999969482422,39.57121276855469,101019800
2024-07-15,40.73500061035156,41.810001373291016,40.1150016784668,40.619998931884766,39.86564254760742,109900400
2024-07-16,40.970001220703125,41.17499923706055,39.869998931884766,40.650001525878906,39.895084381103516,83637600
2024-07-17,38.665000915527344,38.78499984741211,37.04499816894531,37.07500076293945,36.386474609375,142840000
2024-07-18,37.904998779296875,37.959999084472656,35.775001525878906,36.52000045776367,35.84177780151367,131678400
2024-07-19,36.400001525878906,36.98500061035156,35.220001220703125,35.529998779296875,34.87016677856445,118249600
2024-07-22,36.82500076293945,37.314998626708984,36.060001373291016,37.08000183105469,36.391380310058594,112808600
2024-07-23,36.8650016784668,37.564998626708984,36.56999969482422,36.68000030517578,35.99880599975586,87127000
2024-07-24,35.1150016784668,35.189998626708984,32.525001525878906,32.724998474121094,32.11725616455078,159575200
2024-07-25,32.779998779296875,33.66999816894531,31.065000534057617,31.635000228881836,31.047500610351562,188128000
2024-07-26,32.5,33.16999816894531,31.889999389648438,32.540000915527344,31.935697555541992,137407000
2024-07-29,33.1349983215332,33.595001220703125,32.2599983215332,32.72999954223633,32.12216567993164,115640800
2024-07-30,33.13999938964844,33.29499816894531,30.670000076293945,31.395000457763672,30.811960220336914,143063600
2024-07-31,33.4900016784668,34.5,33.189998626708984,34.13999938964844,33.5059814453125,173408400
2024-08-01,34.290000915527344,35.11000061035156,30.850000381469727,31.68000030517578,31.091663360595703,210693200
2024-08-02,29.825000762939453,30.360000610351562,28.5,29.3700008392334,28.824567794799805,209844000
2024-08-05,24.665000915527344,28.094999313354492,24.399999618530273,26.809999465942383,26.312103271484375,287924400
2024-08-06,27.065000534057617,28.875,26.56999969482422,27.479999542236328,26.969661712646484,192909400
2024-08-07,28.78499984741211,29.2549991607666,26.5,26.594999313354492,26.101099014282227,182751600
2024-08-08,27.725000381469727,29.174999237060547,27.0049991607666,29.030000686645508,28.490877151489258,152879200
2024-08-09,28.719999313354492,29.764999389648438,28.5,29.424999237060547,28.878541946411133,125592400
2024-08-12,29.614999771118164,30.200000762939453,29.05500030517578,29.625,29.074827194213867,108972600
2024-08-13,30.479999542236328,31.854999542236328,30.450000762939453,31.780000686645508,31.189807891845703,108962800
2024-08-14,31.9950008392334,32.31999969482422,30.934999465942383,31.834999084472656,31.24378776550293,124710600
2024-08-15,33.064998626708984,34.314998626708984,32.994998931884766,34.22999954223633,33.59430694580078,106424800
2024-08-16,33.810001373291016,34.630001068115234,33.595001220703125,34.31999969482422,33.68263626098633,89675200
2024-08-19,34.34000015258789,35.67499923706055,33.94499969482422,35.650001525878906,34.987937927246094,91599800
2024-08-20,35.45000076293945,36.029998779296875,35.04499816894531,35.43000030517578,34.77201843261719,97859000
2024-08-21,35.59000015258789,36.33000183105469,35.209999084472656,35.915000915527344,35.248016357421875,103000800
2024-08-22,36.43000030517578,36.58000183105469,33.959999084472656,34.189998626708984,33.55504608154297,127496400
2024-08-23,35.099998474121094,35.86000061035156,34.25,35.26499938964844,34.610084533691406,128753200
2024-08-26,35.1349983215332,35.334999084472656,33.76499938964844,34.22999954223633,33.59430694580078,84981400
2024-08-27,33.8650016784668,34.75,33.42499923706055,34.52000045776367,33.87892150878906,71532600
2024-08-28,34.400001525878906,34.560001373291016,32.58000183105469,33.349998474121094,32.73064422607422,118625800
2024-08-29,33.724998474121094,34.71500015258789,32.89500045776367,33.17499923706055,32.558902740478516,120033600
2024-08-30,34.060001373291016,34.435001373291016,33.09000015258789,34.30500030517578,33.667911529541016,92946800
2024-09-03,33.630001068115234,33.65999984741211,30.645000457763672,31.174999237060547,30.59604263305664,147572600
2024-09-04,30.520000457763672,31.684999465942383,30.325000762939453,30.90999984741211,30.33596420288086,96798400
2024-09-05,30.56999969482422,31.860000610351562,30.360000610351562,31.010000228881836,30.43410873413086,110171600
2024-09-06,30.80500030517578,30.985000610351562,28.360000610351562,28.4950008392334,27.9658145904541,169904600
2024-09-09,29.28499984741211,29.7450008392334,28.670000076293945,29.55500030517578,29.006128311157227,110835000
2024-09-10,29.889999389648438,30.459999084472656,29.100000381469727,30.350000381469727,29.786365509033203,91582400
2024-09-11,30.59000015258789,32.474998474121094,28.885000228881836,32.28499984741211,31.6854248046875,163475200
2024-09-12,32.314998626708984,33.44499969482422,31.94499969482422,33.2400016784668,32.62269592285156,109802600
2024-09-13,33.07500076293945,33.935001373291016,33.025001525878906,33.67499923706055,33.04961013793945,87966600
2024-09-16,33.209999084472656,33.35499954223633,32.51499938964844,33.224998474121094,32.607967376708984,82331000
2024-09-17,33.849998474121094,34.130001068115234,32.73500061035156,33.244998931884766,32.62759780883789,103114400
2024-09-18,33.5099983215332,34.380001068115234,32.69499969482422,32.810001373291016,32.200679779052734,166396200
2024-09-19,35.150001525878906,35.900001525878906,34.70500183105469,35.290000915527344,34.63462448120117,114801400
2024-09-20,35.07500076293945,35.34000015258789,34.154998779296875,35.064998626708984,34.4138069152832,96759600
2024-09-23,35.310001373291016,35.57500076293945,35.02000045776367,35.32500076293945,34.668975830078125,69837000
2024-09-24,35.63999938964844,36.04499816894531,34.689998626708984,35.82500076293945,35.15968704223633,81259600
2024-09-25,35.56999969482422,36.244998931884766,35.529998779296875,35.834999084472656,35.28276062011719,64724800
2024-09-26,37.459999084472656,37.53499984741211,35.790000915527344,36.595001220703125,36.03104782104492,107003200
2024-09-27,36.810001373291016,36.83000183105469,35.69499969482422,35.96500015258789,35.41075134277344,82930600
2024-09-30,35.72999954223633,36.310001373291016,35.09000015258789,36.244998931884766,35.68644714355469,85862800
2024-10-01,36.13999938964844,36.21500015258789,33.849998474121094,34.709999084472656,34.17509841918945,134760200
2024-10-02,34.505001068115234,35.27000045776367,33.935001373291016,34.84000015258789,34.3031005859375,79119400
2024-10-03,34.3650016784668,35.404998779296875,34.19499969482422,34.7599983215332,34.224327087402344,97749400
2024-10-04,36.0,36.08000183105469,34.88999938964844,35.98500061035156,35.43044662475586,110700400
2024-10-07,35.525001525878906,35.790000915527344,34.529998779296875,34.79999923706055,34.26371383666992,82403400
2024-10-08,35.33000183105469,36.4900016784668,35.154998779296875,36.310001373291016,35.75044250488281,77914000
2024-10-09,36.2599983215332,37.314998626708984,36.029998779296875,37.185001373291016,36.611961364746094,78696200
2024-10-10,36.65999984741211,37.474998474121094,36.36000061035156,37.05500030517578,36.48395919799805,86060600
2024-10-11,36.584999084472656,37.400001525878906,36.45000076293945,37.150001525878906,36.57749557495117,70735200
2024-10-14,37.720001220703125,38.40999984741211,37.60499954223633,38.099998474121094,37.512855529785156,67691200
2024-10-15,38.17499923706055,38.32500076293945,36.06999969482422,36.58000183105469,36.01627731323242,106307600
2024-10-16,36.619998931884766,36.744998931884766,35.834999084472656,36.560001373291016,35.996585845947266,70784200
2024-10-17,37.790000915527344,37.79999923706055,36.625,36.66999816894531,36.10489273071289,97697800
2024-10-18,37.22999954223633,37.57500076293945,37.064998626708984,37.31999969482422,36.744876861572266,64151600
2024-10-21,37.029998779296875,37.709999084472656,36.59000015258789,37.525001525878906,36.94671630859375,74995800
2024-10-22,36.904998779296875,37.974998474121094,36.72999954223633,37.6349983215332,37.055015563964844,76308000
2024-10-23,37.084999084472656,37.23500061035156,35.13999938964844,35.89500045776367,35.341835021972656,118172200
2024-10-24,36.709999084472656,36.900001525878906,36.119998931884766,36.75,36.18366241455078,78612800
2024-10-25,37.349998474121094,38.5,37.19499969482422,37.369998931884766,36.794105529785156,114826000
2024-10-28,38.095001220703125,38.095001220703125,37.33000183105469,37.404998779296875,36.82856750488281,69162200
2024-10-29,37.46500015258789,38.72999954223633,37.03499984741211,38.439998626708984,37.847618103027344,78545200
2024-10-30,38.275001525878906,38.4900016784668,37.470001220703125,37.584999084472656,37.00579071044922,80473200
2024-10-31,36.654998779296875,36.665000915527344,34.71500015258789,34.724998474121094,34.18986129760742,138905200
2024-11-01,35.040000915527344,36.18000030517578,34.98500061035156,35.46500015258789,34.91846466064453,96678800
2024-11-04,35.31999969482422,35.880001068115234,34.755001068115234,35.1349983215332,34.593544006347656,82214400
2024-11-05,35.474998474121094,36.619998931884766,35.459999084472656,36.470001220703125,35.90797805786133,79352600
2024-11-06,38.33000183105469,39.61000061035156,38.095001220703125,39.43000030517578,38.822364807128906,118794200
2024-11-07,40.08000183105469,41.46500015258789,40.04999923706055,41.275001525878906,40.63893508911133,99545200
2024-11-08,41.11000061035156,41.55500030517578,40.95500183105469,41.375,40.737388610839844,70060000
2024-11-11,41.665000915527344,41.71500015258789,40.59000015258789,41.29999923706055,40.663543701171875,70806000
2024-11-12,41.27000045776367,41.48500061035156,40.32500076293945,41.07500076293945,40.44200897216797,68286000
2024-11-13,40.93000030517578,41.54499816894531,40.34000015258789,40.89500045776367,40.2647819519043,74989000
2024-11-14,40.79499816894531,41.01499938964844,39.810001373291016,40.029998779296875,39.41311264038086,77651400
2024-11-15,38.6349983215332,38.724998474121094,36.64500045776367,37.1349983215332,36.56272506713867,120601600
2024-11-18,37.46500015258789,38.369998931884766,37.154998779296875,37.8849983215332,37.30116653442383,77551200
2024-11-19,37.275001525878906,38.775001525878906,37.209999084472656,38.64500045776367,38.04945755004883,80088200
2024-11-20,38.57500076293945,38.64500045776367,37.05500030517578,38.599998474121094,38.005149841308594,101260600
2024-11-21,39.275001525878906,39.439998626708984,37.279998779296875,38.97999954223633,38.37929153442383,109865600
2024-11-22,38.81999969482422,39.30500030517578,38.439998626708984,39.125,38.522056579589844,79934800
2024-11-25,40.08000183105469,40.435001373291016,38.77000045776367,39.30500030517578,38.69928741455078,91515800
2024-11-26,39.64500045776367,40.125,39.44499969482422,39.915000915527344,39.299888610839844,69747200
2024-11-27,39.64500045776367,39.654998779296875,38.165000915527344,38.95000076293945,38.34975814819336,78463600
2024-11-29,39.064998626708984,40.084999084472656,38.92499923706055,39.94499969482422,39.32942199707031,40865800
2024-12-02,40.2400016784668,41.474998474121094,40.14500045776367,41.2400016784668,40.604461669921875,73638200
2024-12-03,40.900001525878906,41.665000915527344,40.76499938964844,41.60499954223633,40.963844299316406,84810800
2024-12-04,42.435001373291016,43.185001373291016,42.255001068115234,43.125,42.460418701171875,69992600
2024-12-05,43.125,43.31999969482422,42.66999816894531,42.77000045776367,42.11088562011719,54020400
2024-12-06,42.88999938964844,43.935001373291016,42.86000061035156,43.869998931884766,43.193931579589844,62740600
2024-12-09,43.625,43.83000183105469,42.540000915527344,42.845001220703125,42.18473434448242,69577600
2024-12-10,43.125,43.560001373291016,42.025001525878906,42.380001068115234,41.726898193359375,71541600
2024-12-11,43.439998626708984,44.810001373291016,43.34000015258789,44.64500045776367,43.956993103027344,74897800
2024-12-12,44.064998626708984,44.3849983215332,43.63999938964844,43.7599983215332,43.08563232421875,66348400
2024-12-13,44.709999084472656,45.3849983215332,43.92499923706055,44.70000076293945,44.01114273071289,79663600
2024-12-16,45.36000061035156,46.89500045776367,45.334999084472656,46.64500045776367,45.926177978515625,69967600
2024-12-17,46.165000915527344,46.45500183105469,45.584999084472656,46.02000045776367,45.31080627441406,69168200
2024-12-18,45.82500076293945,46.28499984741211,40.64500045776367,41.04499816894531,40.412471771240234,134849200
2024-12-19,42.1349983215332,42.26499938964844,40.375,40.46500015258789,39.841407775878906,113317600
2024-12-20,39.529998779296875,42.93000030517578,39.25,41.51499938964844,40.87522888183594,145241000
2024-12-23,41.724998474121094,42.619998931884766,40.915000915527344,42.529998779296875,42.01374053955078,83645800
2024-12-24,42.974998474121094,44.2400016784668,42.81999969482422,44.220001220703125,43.683223724365234,48139600
2024-12-26,43.810001373291016,44.540000915527344,43.29499816894531,44.125,43.589378356933594,59062000
2024-12-27,43.185001373291016,43.29499816894531,41.13999938964844,42.33000183105469,41.8161735534668,102139000
2024-12-30,40.599998474121094,41.529998779296875,39.70500183105469,40.630001068115234,40.13680648803711,102844000
2024-12-31,40.900001525878906,41.08000183105469,39.34000015258789,39.564998626708984,39.08473205566406,105177600
2025-01-02,40.27000045776367,40.80500030517578,38.26499938964844,39.314998626708984,38.83776092529297,141370600
2025-01-03,39.994998931884766,41.45500183105469,39.810001373291016,41.20000076293945,40.699886322021484,92431600
2025-01-06,42.48500061035156,43.42499923706055,42.01499938964844,42.60499954223633,42.087825775146484,92050000
2025-01-07,42.86000061035156,42.94499969482422,39.85499954223633,40.310001373291016,39.8206901550293,111021000
2025-01-08,40.279998779296875,40.70500183105469,39.220001220703125,40.34000015258789,39.85032272338867,96021200
2025-01-10,39.400001525878906,39.40999984741211,37.6150016784668,38.415000915527344,37.948692321777344,145651600
2025-01-13,37.025001525878906,38.099998474121094,36.66999816894531,38.01499938964844,37.55354309082031,113382000
2025-01-14,38.7400016784668,39.029998779296875,37.095001220703125,37.880001068115234,37.42018508911133,125271000
2025-01-15,39.654998779296875,40.73500061035156,39.29999923706055,40.439998626708984,39.94910430908203,106919200
2025-01-16,41.005001068115234,41.025001525878906,39.599998474121094,39.6150016784668,39.13412094116211,93055400
2025-01-17,41.845001220703125,41.970001220703125,40.91999816894531,41.56999969482422,41.06539535522461,87352200
2025-01-21,42.224998474121094,42.57500076293945,41.165000915527344,42.2599983215332,41.747013092041016,83451800
2025-01-22,43.41999816894531,44.45500183105469,43.35499954223633,43.900001525878906,43.367103576660156,86265400
2025-01-23,43.27000045776367,44.189998626708984,43.1349983215332,44.16999816894531,43.63383483886719,60481000
2025-01-24,44.21500015258789,44.415000915527344,43.005001068115234,43.375,42.84848403930664,72479200
2025-01-27,38.790000915527344,40.51499938964844,38.59000015258789,39.56999969482422,39.08967208862305,161821600
2025-01-28,39.790000915527344,41.584999084472656,39.0,41.32500076293945,40.823368072509766,101033400
2025-01-29,41.45500183105469,41.4900016784668,40.130001068115234,41.06999969482422,40.57146453857422,118481200
2025-01-30,41.73500061035156,42.29499816894531,40.43000030517578,41.584999084472656,41.0802116394043,115171000
2025-01-31,42.459999084472656,43.54499816894531,41.09000015258789,41.36000061035156,40.857940673828125,118146600
2025-02-03,39.26499938964844,40.994998931884766,38.66999816894531,40.36000061035156,39.87008285522461,153257000
2025-02-04,40.45500183105469,41.970001220703125,40.3650016784668,41.82500076293945,41.31729507446289,84634600
2025-02-05,41.17499923706055,42.40999984741211,40.880001068115234,42.369998931884766,41.855682373046875,79694800
2025-02-06,42.47999954223633,43.064998626708984,42.095001220703125,43.005001068115234,42.48297119140625,76431000
2025-02-07,43.130001068115234,43.595001220703125,41.17499923706055,41.3650016784668,40.86288070678711,110870400
2025-02-10,42.3650016784668,43.099998474121094,42.25,42.81999969482422,42.30021667480469,65594200
2025-02-11,42.03499984741211,42.994998931884766,42.005001068115234,42.51499938964844,41.998924255371094,62602800
2025-02-12,41.13999938964844,42.80500030517578,41.04999923706055,42.599998474121094,42.0828857421875,96986600
2025-02-13,42.9900016784668,44.47999954223633,42.790000915527344,44.39500045776367,43.856101989746094,92920200
2025-02-14,44.404998779296875,45.09000015258789,44.29999923706055,44.915000915527344,44.369789123535156,76057400
2025-02-18,45.314998626708984,45.375,44.375,45.19499969482422,44.64638900756836,68825200
2025-02-19,45.0,45.560001373291016,44.459999084472656,45.20000076293945,44.651329040527344,68515800
2025-02-20,45.025001525878906,45.1150016784668,43.44499969482422,44.650001525878906,44.10800552368164,80266000
2025-02-21,44.8849983215332,44.89500045776367,41.73500061035156,41.85499954223633,41.34693145751953,118627200
2025-02-24,42.25,42.525001525878906,40.25,40.349998474121094,39.86020278930664,106467400
2025-02-25,40.165000915527344,40.189998626708984,37.88999938964844,38.810001373291016,38.338897705078125,151194400
2025-02-26,39.290000915527344,40.224998474121094,38.345001220703125,39.060001373291016,38.58586120605469,126351400
2025-02-27,39.86000061035156,40.084999084472656,35.7400016784668,35.81999969482422,35.385189056396484,206751000
2025-02-28,35.72999954223633,37.584999084472656,35.040000915527344,37.459999084472656,37.005279541015625,186358000
2025-03-03,38.185001373291016,38.525001525878906,34.220001220703125,35.040000915527344,34.61465835571289,183891600
2025-03-04,34.380001068115234,36.3849983215332,33.005001068115234,34.654998779296875,34.23433303833008,261673800
2025-03-05,34.775001525878906,36.345001220703125,33.744998931884766,36.005001068115234,35.56794738769531,201266600
2025-03-06,34.19499969482422,35.25,32.584999084472656,33.02000045776367,32.61918258666992,245645400
2025-03-07,32.779998779296875,34.005001068115234,31.44499969482422,33.70500183105469,33.29587173461914,270354600
2025-03-10,32.0,32.095001220703125,28.940000534057617,29.905000686645508,29.5419921875,312271600
2025-03-11,29.700000762939453,30.924999237060547,28.684999465942383,29.55500030517578,29.19624137878418,278978600
2025-03-12,30.969999313354492,31.329999923706055,29.579999923706055,30.565000534057617,30.19398307800293,283837200
2025-03-13,30.399999618530273,30.424999237060547,28.520000457763672,28.895000457763672,28.544252395629883,242454600
2025-03-14,29.854999542236328,31.114999771118164,29.75,30.94499969482422,30.569364547729492,198217000
2025-03-17,30.940000534057617,32.13999938964844,30.575000762939453,31.545000076293945,31.162084579467773,180300800
2025-03-18,30.885000228881836,30.889999389648438,29.5049991607666,29.954999923706055,29.59138298034668,175652400
2025-03-19,30.34000015258789,31.954999923706055,29.969999313354492,31.1200008392334,30.74224090576172,185186400
2025-03-20,30.329999923706055,31.815000534057617,30.184999465942383,30.799999237060547,30.426124572753906,176818200
2025-03-21,29.764999389648438,31.209999084472656,29.53499984741211,31.09000015258789,30.71260643005371,160982000
2025-03-24,32.529998779296875,33.26499938964844,32.40999984741211,33.064998626708984,32.66363525390625,126823000
2025-03-25,33.2400016784668,33.685001373291016,33.04499816894531,33.654998779296875,33.24646759033203,111139400
2025-03-26,33.31999969482422,33.494998931884766,31.3799991607666,31.690000534057617,31.397680282592773,157006400
2025-03-27,31.299999237060547,32.1150016784668,30.875,31.149999618530273,30.8626651763916,144736000
2025-03-28,30.770000457763672,30.905000686645508,28.485000610351562,28.670000076293945,28.405542373657227,207264200
2025-03-31,27.360000610351562,28.815000534057617,26.520000457763672,28.649999618530273,28.385725021362305,213709000
2025-04-01,28.34000015258789,29.4950008392334,27.809999465942383,29.309999465942383,29.039634704589844,194196400
2025-04-02,28.094999313354492,30.600000381469727,28.045000076293945,29.96500015258789,29.6885929107666,246174800
2025-04-03,26.21500015258789,26.915000915527344,25.05500030517578,25.149999618530273,24.91800880432129,280231400
2025-04-04,22.9950008392334,23.389999389648438,20.514999389648438,20.545000076293945,20.355485916137695,516053400
2025-04-07,18.375,23.415000915527344,17.5,20.625,20.434749603271484,791455200
2025-04-08,22.69499969482422,23.405000686645508,18.549999237060547,19.450000762939453,19.270587921142578,502295400
2025-04-09,19.3799991607666,26.704999923706055,19.364999771118164,26.30500030517578,26.062355041503906,713864000
2025-04-10,24.34000015258789,24.670000076293945,20.78499984741211,23.06999969482422,22.857194900512695,563385400
2025-04-11,22.834999084472656,24.53499984741211,22.309999465942383,24.290000915527344,24.065942764282227,358585800
2025-04-14,25.950000762939453,26.024999618530273,24.03499984741211,24.799999237060547,24.57123565673828,294861400
2025-04-15,24.979999542236328,25.604999542236328,24.594999313354492,24.895000457763672,24.665363311767578,209340200
2025-04-16,23.415000915527344,24.0049991607666,21.579999923706055,22.645000457763672,22.43611717224121,269148800
2025-04-17,23.045000076293945,23.145000457763672,22.174999237060547,22.579999923706055,22.371715545654297,202191600
2025-04-21,21.684999465942383,21.81999969482422,20.1200008392334,20.93000030517578,20.736934661865234,229539400
2025-04-22,21.729999542236328,22.989999771118164,21.549999237060547,22.530000686645508,22.32217788696289,260222800
2025-04-23,24.6200008392334,25.415000915527344,23.815000534057617,24.024999618530273,23.803386688232422,303995400
2025-04-24,24.3700008392334,26.139999389648438,24.270000457763672,26.06999969482422,25.829524993896484,240615400
2025-04-25,26.020000457763672,27.03499984741211,25.739999771118164,26.93000030517578,26.681591033935547,226103200
2025-04-28,27.010000228881836,27.31999969482422,25.81999969482422,26.90999984741211,26.661773681640625,191356800
2025-04-29,26.520000457763672,27.584999084472656,26.415000915527344,27.434999465942383,27.181930541992188,169808000
2025-04-30,25.979999542236328,27.709999084472656,25.15999984741211,27.440000534057617,27.186885833740234,268446600
2025-05-01,28.780000686645508,29.44499969482422,28.315000534057617,28.385000228881836,28.1231689453125,205481600
2025-05-02,29.31999969482422,30.094999313354492,29.014999389648438,29.71500015258789,29.440900802612305,195097800
2025-05-05,28.950000762939453,29.75,28.850000381469727,29.200000762939453,28.930652618408203,138579000
2025-05-06,28.030000686645508,29.020000457763672,27.78499984741211,28.3700008392334,28.108306884765625,165885800
2025-05-07,28.479999542236328,29.1299991607666,27.545000076293945,28.700000762939453,28.435264587402344,207867200
2025-05-08,29.600000381469727,30.354999542236328,28.829999923706055,29.55500030517578,29.282377243041992,197621600
2025-05-09,29.899999618530273,30.135000228881836,29.165000915527344,29.485000610351562,29.213022232055664,146818800
2025-05-12,32.92499923706055,33.08000183105469,31.924999237060547,33.05500030517578,32.750091552734375,202490000
2025-05-13,33.334999084472656,34.93000030517578,33.18000030517578,34.56999969482422,34.25111389160156,170595400
2025-05-14,34.80500030517578,35.30500030517578,34.60499954223633,35.18000030517578,34.855491638183594,161184800
2025-05-15,34.7400016784668,35.845001220703125,34.46500015258789,35.290000915527344,34.964473724365234,161694800
2025-05-16,35.55500030517578,35.7599983215332,34.82500076293945,35.724998474121094,35.39546203613281,127627200
2025-05-19,34.23500061035156,35.93000030517578,34.21500015258789,35.81999969482422,35.48958969116211,143794200
2025-05-20,35.290000915527344,35.584999084472656,34.70000076293945,35.44499969482422,35.118045806884766,134069400
2025-05-21,34.619998931884766,35.994998931884766,33.59000015258789,33.970001220703125,33.65665054321289,219255200
2025-05-22,34.08000183105469,34.875,33.810001373291016,34.14500045776367,33.830039978027344,173542000
2025-05-23,32.54499816894531,33.66999816894531,32.43000030517578,33.15999984741211,32.854122161865234,214220800
2025-05-27,34.494998931884766,35.57500076293945,34.19499969482422,35.470001220703125,35.14281463623047,130539600
2025-05-28,35.66999816894531,35.970001220703125,34.88999938964844,35.01499938964844,34.692012786865234,132542600
2025-05-29,36.5,36.529998779296875,34.665000915527344,35.185001373291016,34.86044692993164,193248800
2025-05-30,35.064998626708984,35.29999923706055,33.52000045776367,35.0,34.67715072631836,187118200
2025-06-02,34.599998474121094,35.86000061035156,34.345001220703125,35.80500030517578,35.474727630615234,137925400
2025-06-03,35.880001068115234,36.939998626708984,35.70000076293945,36.63999938964844,36.302024841308594,128728400
2025-06-04,36.790000915527344,37.15999984741211,36.35499954223633,36.935001373291016,36.59429931640625,128889000
2025-06-05,37.224998474121094,37.82500076293945,35.650001525878906,36.07500076293945,35.74223327636719,198008800
2025-06-06,37.1349983215332,37.505001068115234,36.77000045776367,37.10499954223633,36.762733459472656,131215400
2025-06-09,37.154998779296875,37.619998931884766,36.91999816894531,37.27000045776367,36.926212310791016,100363800
2025-06-10,37.35499954223633,38.14500045776367,36.880001068115234,37.9900016784668,37.63957214355469,122693000
2025-06-11,38.29499816894531,38.540000915527344,37.11000061035156,37.599998474121094,37.25316619873047,181652000
2025-06-12,37.29999923706055,38.064998626708984,37.2599983215332,37.845001220703125,37.495906829833984,126110000
2025-06-13,36.54999923706055,37.44499969482422,36.1349983215332,36.415000915527344,36.079097747802734,210666200
2025-06-16,37.11000061035156,38.125,37.11000061035156,37.900001525878906,37.5504035949707,116668600
2025-06-17,37.34000015258789,37.689998626708984,36.540000915527344,36.779998779296875,36.44072723388672,135418200
2025-06-18,36.959999084472656,37.47999954223633,36.41999816894531,36.72999954223633,36.39119338989258,142661400
2025-06-20,37.380001068115234,37.665000915527344,35.86000061035156,36.224998474121094,35.89085006713867,163355000
2025-06-23,36.3650016784668,37.46500015258789,35.709999084472656,37.349998474121094,37.005470275878906,167572800
2025-06-24,38.45500183105469,39.255001068115234,38.33000183105469,39.04999923706055,38.68979263305664,113191600
2025-06-25,39.439998626708984,39.709999084472656,38.86000061035156,39.2400016784668,38.98686599731445,101438200
2025-06-26,39.709999084472656,40.42499923706055,39.310001373291016,40.314998626708984,40.054927825927734,100144200
2025-06-27,40.51499938964844,41.125,39.92499923706055,40.709999084472656,40.447383880615234,146023600
2025-06-30,41.400001525878906,41.744998931884766,40.915000915527344,41.5,41.23228073120117,113721400
2025-07-01,41.060001373291016,41.27000045776367,39.904998779296875,40.44499969482422,40.18408966064453,140390000
2025-07-02,40.22999954223633,41.29499816894531,40.21500015258789,41.25,40.98389434814453,100285000
2025-07-03,41.744998931884766,42.64500045776367,41.744998931884766,42.404998779296875,42.13144302368164,83484600
2025-07-07,41.79999923706055,41.98500061035156,40.900001525878906,41.459999084472656,41.19253921508789,139674800
2025-07-08,41.7400016784668,41.88999938964844,41.23500061035156,41.51499938964844,41.2471809387207,115515400
2025-07-09,41.98500061035156,42.69499969482422,41.67499923706055,42.375,42.10164260864258,117976200
2025-07-10,42.51499938964844,42.61000061035156,41.56999969482422,42.18000030517578,41.90789794921875,110317800
2025-07-11,41.65999984741211,42.224998474121094,41.375,41.86000061035156,41.589962005615234,106937600
2025-07-14,41.814998626708984,42.470001220703125,41.275001525878906,42.30500030517578,42.03208923339844,97311400
2025-07-15,43.21500015258789,43.334999084472656,42.400001525878906,42.415000915527344,42.14138412475586,123257600
2025-07-16,42.529998779296875,42.67499923706055,41.220001220703125,42.53499984741211,42.2606086730957,166357600
2025-07-17,42.685001373291016,43.65999984741211,42.5,43.525001525878906,43.244224548339844,97330800
2025-07-18,43.81999969482422,43.869998931884766,43.095001220703125,43.375,43.095191955566406,98496200
2025-07-21,43.57500076293945,44.4900016784668,43.560001373291016,44.03499984741211,43.75093460083008,87720400
2025-07-22,44.064998626708984,44.08000183105469,42.73500061035156,43.349998474121094,43.07034683227539,108345200
2025-07-23,43.59000015258789,43.939998626708984,42.95000076293945,43.91999816894531,43.63666915893555,118025200
2025-07-24,44.224998474121094,44.47999954223633,43.79999923706055,44.209999084472656,43.924800872802734,90378200
2025-07-25,44.154998779296875,44.790000915527344,43.9900016784668,44.459999084472656,44.17318344116211,79003200
2025-07-28,44.79499816894531,45.095001220703125,44.59000015258789,44.89500045776367,44.605384826660156,95592000
2025-07-29,45.494998931884766,45.814998626708984,44.4900016784668,44.689998626708984,44.40169906616211,116251200
2025-07-30,44.869998931884766,45.439998626708984,44.130001068115234,44.845001220703125,44.555702209472656,145527600
2025-07-31,46.35499954223633,46.375,43.83000183105469,44.10499954223633,43.82048034667969,178874600
2025-08-01,42.625,42.65999984741211,40.93000030517578,41.459999084472656,41.19253921508789,219781200
2025-08-04,42.61000061035156,43.78499984741211,42.58000183105469,43.72999954223633,43.447898864746094,108586000
2025-08-05,44.025001525878906,44.30500030517578,42.709999084472656,42.81999969482422,42.543766021728516,152088400
2025-08-06,43.01499938964844,44.53499984741211,42.904998779296875,44.41999816894531,44.13344192504883,128995200
2025-08-07,45.44499969482422,45.834999084472656,43.90999984741211,44.869998931884766,44.580543518066406,169239200
2025-08-08,45.119998931884766,46.13999938964844,45.04999923706055,46.08000183105469,45.782737731933594,104522600
2025-08-11,46.1150016784668,46.619998931884766,45.36000061035156,45.67499923706055,45.38035202026367,94617000
2025-08-12,46.209999084472656,47.44499969482422,45.564998626708984,47.36000061035156,47.05448532104492,119469600
2025-08-13,48.025001525878906,48.15999984741211,47.09000015258789,47.43000030517578,47.12403106689453,96058600
2025-08-14,46.91999816894531,47.79499816894531,46.81999969482422,47.29999923706055,46.994869232177734,106385800
2025-08-15,47.23500061035156,47.255001068115234,46.209999084472656,46.630001068115234,46.32918930053711,96167400
2025-08-18,46.400001525878906,46.72999954223633,46.1150016784668,46.56999969482422,46.26957702636719,73371400
2025-08-19,46.3849983215332,46.43000030517578,44.40999984741211,44.66999816894531,44.381832122802734,111118600
2025-08-20,44.415000915527344,44.44499969482422,42.189998626708984,43.85499954223633,43.57209396362305,164404200
2025-08-21,43.474998474121094,43.974998474121094,42.69499969482422,43.244998931884766,42.966026306152344,119920000
2025-08-22,43.5099983215332,45.65999984741211,43.185001373291016,45.189998626708984,44.89847946166992,132726400
2025-08-25,44.810001373291016,45.4900016784668,44.51499938964844,44.79499816894531,44.50602722167969,80452600
2025-08-26,44.654998779296875,45.3849983215332,44.41999816894531,45.314998626708984,45.022674560546875,84374600
2025-08-27,45.06999969482422,45.720001220703125,44.77000045776367,45.52000045776367,45.226348876953125,90055200
2025-08-28,45.63999938964844,46.55500030517578,45.255001068115234,46.349998474121094,46.05099105834961,90658000
2025-08-29,45.709999084472656,45.79499816894531,44.244998931884766,44.68000030517578,44.39176940917969,121887000
2025-09-02,42.55500030517578,43.619998931884766,42.125,43.540000915527344,43.25912094116211,166668000
2025-09-03,44.3650016784668,44.939998626708984,43.79499816894531,44.55500030517578,44.267574310302734,119929800
2025-09-04,44.70000076293945,45.83000183105469,44.310001373291016,45.7599983215332,45.46480178833008,101759600
2025-09-05,46.970001220703125,47.119998931884766,44.845001220703125,45.90999984741211,45.61383819580078,172625800
2025-09-08,46.45500183105469,47.04999923706055,46.31999969482422,46.564998626708984,46.26460647583008,101696800
2025-09-09,46.75,47.05500030517578,46.119998931884766,46.94499969482422,46.64215850830078,94620800
2025-09-10,47.724998474121094,47.72999954223633,46.470001220703125,46.994998931884766,46.69183349609375,120818800
2025-09-11,47.595001220703125,47.9900016784668,47.20500183105469,47.78499984741211,47.47673416137695,91247200
2025-09-12,47.97999954223633,48.685001373291016,47.76499938964844,48.380001068115234,48.06790542602539,92235200
2025-09-15,48.81999969482422,49.6349983215332,48.78499984741211,49.6150016784668,49.2949333190918,78114400
2025-09-16,49.834999084472656,49.904998779296875,49.30500030517578,49.47999954223633,49.160804748535156,77137200
2025-09-17,49.44499969482422,49.599998474121094,47.755001068115234,49.165000915527344,48.847835540771484,147697200
2025-09-18,50.380001068115234,51.185001373291016,49.89500045776367,50.4900016784668,50.16429138183594,123401600
2025-09-19,50.939998626708984,51.64500045776367,50.57500076293945,51.4900016784668,51.1578369140625,84365400
2025-09-22,51.209999084472656,52.540000915527344,51.209999084472656,52.36000061035156,52.0222282409668,81054600
2025-09-23,52.39500045776367,52.45000076293945,50.9900016784668,51.30500030517578,50.97403335571289,99930600
2025-09-24,51.60499954223633,51.68000030517578,49.994998931884766,50.70500183105469,50.426063537597656,101055600
2025-09-25,49.70000076293945,50.435001373291016,48.75,50.025001525878906,49.74980163574219,122820600
2025-09-26,50.20000076293945,50.689998626708984,49.369998931884766,50.625,50.346500396728516,124097400
2025-09-29,51.39500045776367,52.13999938964844,50.970001220703125,51.29999923706055,51.01778793334961,92393200
2025-09-30,51.20500183105469,51.78499984741211,50.61000061035156,51.70000076293945,51.415584564208984,92323800
2025-10-01,50.8650016784668,52.56999969482422,50.650001525878906,52.43000030517578,52.14156723022461,93996400
2025-10-02,53.404998779296875,53.41999816894531,52.33000183105469,53.06999969482422,52.77804946899414,89158600
2025-10-03,53.220001220703125,53.435001373291016,51.880001068115234,52.349998474121094,52.06201171875,103096400
2025-10-06,53.70000076293945,53.939998626708984,53.064998626708984,53.52000045776367,53.22557830810547,82476800
2025-10-07,53.849998474121094,54.029998779296875,52.2599983215332,52.654998779296875,52.365333557128906,100185800
2025-10-08,52.86000061035156,54.525001525878906,52.83000183105469,54.439998626708984,54.1405143737793,86931000
2025-10-09,54.439998626708984,54.47999954223633,53.380001068115234,54.224998474121094,53.92669677734375,87956200
2025-10-10,54.3650016784668,54.83000183105469,48.415000915527344,48.53499984741211,48.26799774169922,238009400
2025-10-13,51.029998779296875,51.84000015258789,50.42499923706055,51.6150016784668,51.3310546875,114511200
2025-10-14,49.8650016784668,51.76499938964844,48.53499984741211,50.564998626708984,50.28683090209961,147230000
2025-10-15,52.06999969482422,52.755001068115234,50.02000045776367,51.599998474121094,51.31613540649414,127069400
2025-10-16,52.34000015258789,53.165000915527344,49.875,51.025001525878906,50.744300842285156,159344000
2025-10-17,50.459999084472656,52.3849983215332,50.060001373291016,51.994998931884766,51.70896530151367,142274000
2025-10-20,52.80500030517578,54.2599983215332,52.775001525878906,53.94499969482422,53.64823913574219,79928800
2025-10-21,53.95000076293945,54.2400016784668,53.334999084472656,53.8849983215332,53.58856964111328,79811400
2025-10-22,53.724998474121094,53.869998931884766,50.790000915527344,52.29999923706055,52.012290954589844,134380800
2025-10-23,52.1349983215332,53.814998626708984,52.040000915527344,53.61000061035156,53.31508255004883,91245000
2025-10-24,54.994998931884766,55.630001068115234,54.76499938964844,55.279998779296875,54.97589111328125,84387600
2025-10-27,57.2599983215332,58.345001220703125,57.1349983215332,58.21500015258789,57.89474868774414,77489400
2025-10-28,58.82500076293945,60.040000915527344,58.529998779296875,59.54499816894531,59.217430114746094,92239400
2025-10-29,60.28499984741211,60.685001373291016,58.77000045776367,60.30500030517578,59.97325134277344,133060800
2025-10-30,59.29499816894531,59.66999816894531,57.51499938964844,57.54499816894531,57.22842788696289,127234200
2025-10-31,59.744998931884766,59.744998931884766,57.689998626708984,58.36000061035156,58.03894805908203,122666800
2025-11-03,60.0,60.209999084472656,58.540000915527344,59.15999984741211,58.83454513549805,83598000
2025-11-04,56.68000030517578,57.70500183105469,55.31999969482422,55.540000915527344,55.234466552734375,124762800
2025-11-05,55.34000015258789,57.5,54.970001220703125,56.619998931884766,56.30851745605469,109730000
2025-11-06,56.185001373291016,56.25,53.060001373291016,53.44499969482422,53.15098571777344,156461400
2025-11-07,52.5099983215332,52.91999816894531,49.97999954223633,52.88999938964844,52.59904098510742,183589400
2025-11-10,55.21500015258789,56.625,54.70500183105469,56.35499954223633,56.044979095458984,119878800
2025-11-11,55.6349983215332,56.209999084472656,54.79999923706055,55.88999938964844,55.58253479003906,102665600
2025-11-12,56.76499938964844,56.77000045776367,54.8650016784668,55.775001525878906,55.468170166015625,125708400
2025-11-13,54.78499984741211,54.939998626708984,51.70000076293945,52.33000183105469,52.0421257019043,201264400
2025-11-14,49.9900016784668,53.54499816894531,49.3849983215332,52.369998931884766,52.0818977355957,222397600
2025-11-17,51.70500183105469,53.314998626708984,50.05500030517578,51.025001525878906,50.744300842285156,186327000
2025-11-18,49.98500061035156,50.66999816894531,47.900001525878906,49.18000030517578,48.90945053100586,267348000
2025-11-19,49.32500076293945,51.57500076293945,48.71500015258789,50.025001525878906,49.74980163574219,184263600
2025-11-20,52.95000076293945,53.540000915527344,46.22999954223633,46.45000076293945,46.19447326660156,178246300
2025-11-21,46.849998474121094,49.099998474121094,45.2400016784668,47.47999954223633,47.21879959106445,179618600
2025-11-24,48.70000076293945,51.45000076293945,48.66999816894531,51.08000183105469,50.79900360107422,93894200
2025-11-25,50.63999938964844,52.36000061035156,49.08000183105469,52.0099983215332,51.723880767822266,101851900
2025-11-26,52.90999984741211,53.86000061035156,52.369998931884766,53.369998931884766,53.07640075683594,75598100
2025-11-28,53.81999969482422,54.61000061035156,53.630001068115234,54.540000915527344,54.23996353149414,34381600
2025-12-01,53.11000061035156,54.650001525878906,52.81999969482422,54.04999923706055,53.752655029296875,66359600
2025-12-02,54.630001068115234,55.7599983215332,54.13999938964844,55.29999923706055,54.995784759521484,79504400
2025-12-03,54.65999984741211,55.880001068115234,54.22999954223633,55.689998626708984,55.38364028930664,69844900
2025-12-04,56.040000915527344,56.04999923706055,54.61000061035156,55.5099983215332,55.204627990722656,63958000
2025-12-05,55.86000061035156,57.08000183105469,55.68000030517578,56.150001525878906,55.84111022949219,73206000
2025-12-08,56.56999969482422,57.040000915527344,55.119998931884766,55.79999923706055,55.4930305480957,69700000
2025-12-09,55.45000076293945,56.220001220703125,55.09000015258789,56.0099983215332,55.701873779296875,48736000
2025-12-10,55.650001525878906,57.09000015258789,54.88999938964844,56.650001525878906,56.338356018066406,100261100
2025-12-11,55.630001068115234,56.15999984741211,53.97999954223633,56.11000061035156,55.801326751708984,99683900
2025-12-12,55.11000061035156,55.52000045776367,52.22999954223633,52.81999969482422,52.52942657470703,138448500
2025-12-15,54.060001373291016,54.060001373291016,51.720001220703125,52.02000045776367,51.733829498291016,98696300
2025-12-16,51.43000030517578,52.77000045776367,51.099998474121094,52.33000183105469,52.0421257019043,105953700
2025-12-17,52.650001525878906,52.79999923706055,49.369998931884766,49.400001525878906,49.128238677978516,125606200
2025-12-18,51.66999816894531,52.459999084472656,50.97999954223633,51.5099983215332,51.22663116455078,109222100
2025-12-19,52.20000076293945,53.63999938964844,52.189998626708984,53.52000045776367,53.22557830810547,72957800
2025-12-22,54.810001373291016,54.88999938964844,53.880001068115234,54.25,53.951560974121094,64783100
2025-12-23,53.970001220703125,55.06999969482422,53.86000061035156,55.0099983215332,54.707374572753906,48197100
2025-12-24,54.869998931884766,55.45000076293945,54.779998779296875,55.36000061035156,55.14166259765625,25855000
2025-12-26,55.52000045776367,55.75,55.11000061035156,55.310001373291016,55.09185791015625,37244200
2025-12-29,54.290000915527344,54.9900016784668,53.91999816894531,54.4900016784668,54.27509307861328,50635300
2025-12-30,54.20000076293945,54.81999969482422,54.040000915527344,54.099998474121094,53.886627197265625,38976800
2025-12-31,54.130001068115234,54.20000076293945,52.63999938964844,52.720001220703125,52.5120735168457,57199400
2026-01-02,54.16999816894531,54.880001068115234,51.61000061035156,52.349998474121094,52.143531799316406,107226600
2026-01-05,53.95000076293945,54.33000183105469,53.290000915527344,53.599998474121094,53.38859939575195,77968000
2026-01-06,53.91999816894531,55.16999816894531,53.7400016784668,55.0099983215332,54.79303741455078,68915800
2026-01-07,54.88999938964844,56.189998626708984,54.77000045776367,55.16999816894531,54.95240783691406,65588300
2026-01-08,54.869998931884766,54.97999954223633,53.5,54.189998626708984,53.97627258300781,83760300
2026-01-09,54.38999938964844,56.099998474121094,53.790000915527344,55.7599983215332,55.540077209472656,78706300
2026-01-12,54.599998474121094,56.34000015258789,54.58000183105469,55.88999938964844,55.6695671081543,59673900
2026-01-13,55.90999984741211,56.5,54.959999084472656,55.599998474121094,55.380714416503906,88611000
2026-01-14,54.54999923706055,54.880001068115234,52.5,53.83000183105469,53.617698669433594,117421500
2026-01-15,55.650001525878906,55.83000183105469,54.130001068115234,54.380001068115234,54.16552734375,90483000
2026-01-16,55.31999969482422,55.459999084472656,53.58000183105469,54.13999938964844,53.92646789550781,75855900
2026-01-20,51.38999938964844,52.560001373291016,50.47999954223633,50.72999954223633,50.5299186706543,129209100
2026-01-21,51.06999969482422,53.79999923706055,50.66999816894531,52.72999954223633,52.52203369140625,150230100
2026-01-22,54.31999969482422,54.33000183105469,53.150001525878906,53.900001525878906,53.68741989135742,90992300
2026-01-23,53.59000015258789,55.06999969482422,53.31999969482422,54.380001068115234,54.16552734375,78066100
2026-01-26,54.470001220703125,55.630001068115234,54.209999084472656,55.08000183105469,54.86276626586914,58084300
2026-01-27,55.97999954223633,56.79999923706055,55.560001373291016,56.540000915527344,56.31700897216797,51981200
2026-01-28,57.70000076293945,58.0099983215332,56.72999954223633,57.060001373291016,56.834957122802734,76172100
2026-01-29,56.95000076293945,57.209999084472656,53.060001373291016,56.040000915527344,55.81897735595703,122642300
2026-01-30,55.02000045776367,55.709999084472656,53.31999969482422,54.0,53.787025451660156,110170700
2026-02-02,53.15999984741211,55.709999084472656,53.150001525878906,55.099998474121094,54.88268280029297,74665800
2026-02-03,55.63999938964844,55.7599983215332,51.08000183105469,52.52000045776367,52.31285858154297,129992200
2026-02-04,52.13999938964844,52.150001525878906,48.43000030517578,49.7599983215332,49.56374740600586,142536200
2026-02-05,48.38999938964844,49.529998779296875,47.060001373291016,47.63999938964844,47.45210647583008,158712900
2026-02-06,48.34000015258789,51.0099983215332,48.0,50.59000015258789,50.39047622680664,117934600
2026-02-09,50.060001373291016,52.27000045776367,49.439998626708984,51.7400016784668,51.53593826293945,71272700
2026-02-10,51.970001220703125,52.400001525878906,50.88999938964844,51.02000045776367,50.81877517700195,70660900
2026-02-11,52.209999084472656,52.5,50.040000915527344,51.400001525878906,51.19728088378906,92393800
2026-02-12,51.79999923706055,52.06999969482422,47.9900016784668,48.2599983215332,48.06966018676758,131150000
2026-02-13,48.150001525878906,49.59000015258789,47.18000030517578,48.470001220703125,48.27883529663086,123216600
2026-02-17,47.63999938964844,48.97999954223633,46.41999816894531,48.349998474121094,48.159305572509766,117089700
2026-02-18,48.529998779296875,50.36000061035156,48.20000076293945,49.38999938964844,49.19520568847656,81370800
2026-02-19,48.66999816894531,49.400001525878906,48.15999984741211,48.83000183105469,48.63741683959961,83447500
2026-02-20,47.959999084472656,50.45000076293945,47.7599983215332,50.060001373291016,49.86256408691406,118813800
2026-02-23,49.529998779296875,49.880001068115234,47.65999984741211,48.2400016784668,48.049739837646484,91951800
2026-02-24,48.45000076293945,50.040000915527344,47.81999969482422,49.779998779296875,49.58366775512695,71023300
2026-02-25,50.54999923706055,51.959999084472656,50.529998779296875,51.869998931884766,51.66542434692383,54217200
2026-02-26,51.630001068115234,51.63999938964844,48.709999084472656,50.04999923706055,49.85260009765625,105583800
2026-02-27,48.45000076293945,49.77000045776367,48.2599983215332,49.52000045776367,49.3246955871582,93802200
2026-03-02,47.459999084472656,50.150001525878906,47.22999954223633,49.70000076293945,49.50398635864258,108545900
2026-03-03,46.810001373291016,48.66999816894531,45.720001220703125,48.099998474121094,47.91029357910156,163365500
2026-03-04,48.689998626708984,50.790000915527344,48.52000045776367,50.2599983215332,50.061771392822266,99738400
2026-03-05,49.439998626708984,50.7599983215332,48.16999816894531,49.79999923706055,49.60358810424805,129713200
2026-03-06,47.65999984741211,49.04999923706055,47.18000030517578,47.540000915527344,47.352500915527344,141012200
2026-03-09,46.189998626708984,49.77000045776367,45.5,49.38999938964844,49.19520568847656,159005500
2026-03-10,49.40999984741211,50.7400016784668,48.83000183105469,49.400001525878906,49.20516586303711,115057200
2026-03-11,49.68000030517578,50.52000045776367,48.72999954223633,49.349998474121094,49.15536117553711,91104300
2026-03-12,48.150001525878906,48.4900016784668,46.75,46.83000183105469,46.64530563354492,130823900
2026-03-13,47.349998474121094,48.25,45.66999816894531,45.93000030517578,45.74885177612305,141952500
2026-03-16,47.369998931884766,48.27000045776367,47.18000030517578,47.459999084472656,47.2728157043457,81421500
2026-03-17,48.119998931884766,48.7599983215332,47.810001373291016,48.15999984741211,47.97005844116211,74570100
2026-03-18,47.720001220703125,48.11000061035156,46.04999923706055,46.099998474121094,45.91817855834961,105059300
2026-03-19,44.869998931884766,46.31999969482422,44.29999923706055,45.689998626708984,45.509796142578125,138384900
2026-03-20,45.18000030517578,45.209999084472656,42.29999923706055,43.08000183105469,42.91009521484375,137952500
2026-03-23,45.11000061035156,46.150001525878906,44.130001068115234,44.56999969482422,44.39421463012695,139354300
2026-03-24,43.84000015258789,44.54999923706055,43.189998626708984,43.619998931884766,43.447959899902344,105505200
2026-03-25,44.70000076293945,45.220001220703125,43.95000076293945,44.38999938964844,44.288028717041016,79294400
2026-03-26,43.22999954223633,43.68000030517578,41.150001525878906,41.22999954223633,41.13528823852539,117558900
2026-03-27,40.560001373291016,40.59000015258789,38.560001373291016,38.779998779296875,38.690914154052734,124795700
2026-03-30,39.75,39.90999984741211,37.31999969482422,37.88999938964844,37.80295944213867,111446500
2026-03-31,39.09000015258789,42.0,39.06999969482422,41.68000030517578,41.58425521850586,149516200
2026-04-01,42.630001068115234,43.97999954223633,42.40999984741211,43.22999954223633,43.13069152832031,116135500
2026-04-02,40.880001068115234,43.54999923706055,40.439998626708984,43.33000183105469,43.230464935302734,111377300
2026-04-06,43.599998474121094,44.59000015258789,43.27000045776367,44.099998474121094,43.998695373535156,69245100
2026-04-07,43.45000076293945,44.209999084472656,41.84000015258789,44.150001525878906,44.048580169677734,131796200
2026-04-08,48.63999938964844,48.91999816894531,47.150001525878906,48.0,47.88973617553711,102015100
2026-04-09,48.02000045776367,49.09000015258789,47.310001373291016,48.959999084472656,48.847530364990234,78953600
2026-04-10,49.36000061035156,49.810001373291016,48.81999969482422,49.16999816894531,49.057044982910156,65481600
2026-04-13,48.779998779296875,50.7400016784668,48.459999084472656,50.65999984741211,50.54362487792969,67169100
2026-04-14,51.38999938964844,53.43000030517578,51.380001068115234,53.40999984741211,53.28730773925781,72362300
2026-04-15,53.56999969482422,55.7400016784668,53.33000183105469,55.650001525878906,55.52216339111328,83244000
2026-04-16,56.130001068115234,56.91999816894531,55.099998474121094,56.43000030517578,56.30037307739258,86398100
2026-04-17,57.779998779296875,58.939998626708984,57.369998931884766,58.59000015258789,58.45541000366211,103604000
2026-04-20,58.400001525878906,58.58000183105469,56.90999984741211,58.08000183105469,57.94658279418945,67652800
2026-04-21,58.47999954223633,58.970001220703125,56.81999969482422,57.400001525878906,57.26814270019531,91775200
2026-04-22,58.93000030517578,60.29999923706055,58.4900016784668,60.209999084472656,60.071685791015625,73399800
2026-04-23,59.79999923706055,60.72999954223633,57.59000015258789,59.220001220703125,59.083961486816406,92856900
2026-04-24,61.08000183105469,62.7400016784668,60.560001373291016,62.560001373291016,62.416290283203125,80250700
2026-04-27,62.40999984741211,62.70000076293945,61.63999938964844,62.63999938964844,62.4961051940918,56615000
2026-04-28,60.720001220703125,61.33000183105469,59.68000030517578,60.7400016784668,60.60047149658203,80631600
2026-04-29,61.0,61.869998931884766,60.45000076293945,61.86000061035156,61.717899322509766,77081400
2026-04-30,62.88999938964844,63.79999923706055,60.70000076293945,63.540000915527344,63.394039154052734,81042700
2026-05-01,63.88999938964844,65.83999633789062,63.810001373291016,65.30000305175781,65.1500015258789,67762900
2026-05-04,65.44000244140625,66.05000305175781,63.779998779296875,64.91000366210938,64.76089477539062,60813800
2026-05-05,66.37000274658203,67.7699966430664,66.25,67.38999938964844,67.23519134521484,54098800
2026-05-06,69.26000213623047,71.66000366210938,68.87999725341797,71.56999969482422,71.40559387207031,70169000
2026-05-07,71.87000274658203,73.30000305175781,70.37999725341797,71.33999633789062,71.17611694335938,93509100
2026-05-08,72.81999969482422,76.30999755859375,72.69999694824219,76.27999877929688,76.10477447509766,68713700
2026-05-11,76.0,77.36000061035156,75.55000305175781,76.95999908447266,76.78321075439453,60475000
2026-05-12,75.30000305175781,75.93000030517578,71.55000305175781,74.95999908447266,74.78780364990234,90651600
2026-05-13,75.80999755859375,77.94000244140625,74.19000244140625,77.23999786376953,77.06256866455078,64416400
2026-05-14,77.29000091552734,79.68000030517578,77.16000366210938,78.94999694824219,78.76863861083984,58472800
2026-05-15,75.7300033569336,77.37000274658203,74.2300033569336,75.33999633789062,75.16693115234375,81260600
2026-05-18,76.12999725341797,76.2699966430664,72.0999984741211,74.31999969482422,74.14927673339844,87710100
2026-05-19,72.41000366210938,74.5,70.95999908447266,72.93000030517578,72.76246643066406,85973700
2026-05-20,74.08999633789062,76.52999877929688,73.62000274658203,76.51000213623047,76.33424377441406,70647500
2026-05-21,75.18000030517578,77.79000091552734,74.47000122070312,76.94999694824219,76.77323150634766,74958100
2026-05-22,78.04000091552734,79.33000183105469,77.33000183105469,77.83999633789062,77.66118621826172,58330500
2026-05-26,80.58999633789062,82.2699966430664,79.9800033569336,81.94999694824219,81.7617416381836,62579600
2026-05-27,82.87000274658203,82.91000366210938,80.33000183105469,81.66999816894531,81.48239135742188,66221000
2026-05-28,81.73999786376953,84.05000305175781,80.66000366210938,83.68000030517578,83.4877700805664,55265900
2026-05-29,84.41000366210938,85.69999694824219,83.52999877929688,84.55999755859375,84.36575317382812,67644100
2026-06-01,84.1500015258789,87.05999755859375,83.75,86.04000091552734,85.84235382080078,57216000
2026-06-02,85.94000244140625,87.31999969482422,84.83000183105469,87.22000122070312,87.01964569091797,48355000
2026-06-03,87.68000030517578,88.08999633789062,85.41000366210938,86.55999755859375,86.36115264892578,62154500
2026-06-04,83.47000122070312,86.25,82.4800033569336,85.22000122070312,85.02423858642578,59614600
2026-06-05,81.56999969482422,82.08000183105469,72.68000030517578,73.05000305175781,72.88219451904297,118961300
2026-06-08,76.86000061035156,78.47000122070312,75.37999725341797,76.2699966430664,76.09479522705078,77319000
2026-06-09,78.4800033569336,79.33999633789062,66.79000091552734,73.72000122070312,73.55065155029297,132485700
2026-06-10,71.68000030517578,74.69999694824219,69.0,69.2699966430664,69.11087036132812,91465200
2026-06-11,70.88999938964844,76.5999984741211,69.58999633789062,76.01000213623047,75.83539581298828,116288800
2026-06-12,76.33999633789062,78.36000061035156,74.29000091552734,77.5199966430664,77.3419189453125,94070700
2026-06-15,82.87999725341797,85.02999877929688,82.63999938964844,84.58999633789062,84.39567565917969,59758000
2026-06-16,84.19000244140625,84.83000183105469,79.86000061035156,79.93000030517578,79.74639129638672,67086700
2026-06-17,81.66999816894531,81.80999755859375,76.94000244140625,77.54000091552734,77.36187744140625,78089600
2026-06-18,82.0999984741211,83.5999984741211,80.62999725341797,82.87000274658203,82.67963409423828,61063000
2026-06-22,83.94999694824219,85.11000061035156,81.38999938964844,82.58000183105469,82.39030456542969,61888900
2026-06-23,75.12000274658203,77.73999786376953,73.91000366210938,74.44000244140625,74.26900482177734,82341800
2026-06-24,74.79000091552734,76.18000030517578,71.3499984741211,73.30000305175781,73.30000305175781,72009700
2026-06-25,77.95999908447266,78.23999786376953,71.5999984741211,74.94999694824219,74.94999694824219,105261200
2026-06-26,72.08999633789062,74.69000244140625,70.72000122070312,71.83000183105469,71.83000183105469,70427700
2026-06-29,74.12000274658203,77.37999725341797,71.44999694824219,77.19000244140625,77.19000244140625,79128400
2026-06-30,77.23999786376953,81.54000091552734,77.1500015258789,81.0,81.0,58466200
2026-07-01,78.72000122070312,79.63999938964844,77.2300033569336,77.45999908447266,77.45999908447266,63348200
2026-07-02,77.44999694824219,79.13999938964844,71.72000122070312,73.3499984741211,73.3499984741211,87308500
2026-07-06,75.54000091552734,77.44999694824219,75.11000061035156,76.41999816894531,76.41999816894531,54545100
2026-07-07,73.69999694824219,74.38999938964844,70.76000213623047,72.2300033569336,72.2300033569336,70992900
2026-07-08,70.80000305175781,73.0199966430664,69.56999969482422,72.72000122070312,72.72000122070312,70748500
2026-07-09,74.8499984741211,76.69000244140625,73.88999938964844,76.33999633789062,76.33999633789062,51726600
2026-07-10,75.52999877929688,77.31999969482422,74.33000183105469,77.02999877929688,77.02999877929688,46034400
2026-07-13,74.54000091552734,74.8499984741211,72.08999633789062,72.63999938964844,72.63999938964844,63317500
2026-07-14,75.19000244140625,75.83999633789062,73.41500091552734,,,58073262
